{"type": "FeatureCollection", "features": [{"type": "Feature", "geometry": {"type": "Polygon", "coordinates": [[[144.977, -37.7569], [144.9766, -37.759], [144.974, -37.7587], [144.9723, -37.7681], [144.9715, -37.7726], [144.9705, -37.7793], [144.9781, -37.7802], [144.9792, -37.7735], [144.9869, -37.7744], [144.9868, -37.7737], [144.9845, -37.7712], [144.9842, -37.7701], [144.9845, -37.7673], [144.9856, -37.7664], [144.9839, -37.7641], [144.9817, -37.7632], [144.9814, -37.7624], [144.9832, -37.7615], [144.9821, -37.7606], [144.9802, -37.7573], [144.977, -37.7569]]]}, "properties": {"SA2_CODE21": "206011106", "Area": "Brunswick East", "% dwellings within 400m of any bus service": 1, "% dwellings with 800m of a high quality bus service": 0.415902, "dwellings_2025": 7825, "population_2025": 14870, "SEIFA_Score": 1117, "SEIFA_Decile": 10, "% dwellings within 400m of any public transport service": 1, "% dwellings with 800m of a high quality public transport service": 0.878899, "Binned_any_bus_service_400m_dwellings_percent": 1, "Categorical_any_bus_service_400m_dwellings_percent": "90\u2013100%", "Binned_high_quality_bus_service_800m_dwellings_percent": 0.4, "Categorical_high_quality_bus_service_800m_dwellings_percent": "40\u201350%", "Binned_any_public_transport_400m_dwellings_percent": 1, "Categorical_any_public_transport_400m_dwellings_percent": "90\u2013100%", "Binned_high_quality_public_transport_800m_dwellings_percent": 0.8, "Categorical_high_quality_public_transport_800m_dwellings_percent": "80\u201390%", "area_km2": 2.1682}}, {"type": "Feature", "geometry": {"type": "Polygon", "coordinates": [[[144.9338, -37.7594], [144.9344, -37.7606], [144.9367, -37.7602], [144.9385, -37.7612], [144.938, -37.7665], [144.9376, -37.7689], [144.9356, -37.7697], [144.9357, -37.771], [144.9377, -37.771], [144.9384, -37.7715], [144.9378, -37.7727], [144.9365, -37.7738], [144.9365, -37.7757], [144.9371, -37.7778], [144.9381, -37.7767], [144.9388, -37.7754], [144.9494, -37.7767], [144.9488, -37.7757], [144.9499, -37.7701], [144.9485, -37.77], [144.9497, -37.7628], [144.9503, -37.7593], [144.9507, -37.7562], [144.9532, -37.755], [144.9539, -37.7542], [144.9458, -37.7533], [144.927, -37.7511], [144.9272, -37.7521], [144.9284, -37.7526], [144.929, -37.7519], [144.9306, -37.7536], [144.9322, -37.7527], [144.9347, -37.7531], [144.9349, -37.7542], [144.9337, -37.7549], [144.9346, -37.7566], [144.9336, -37.7574], [144.933, -37.7589], [144.9338, -37.7594]]]}, "properties": {"SA2_CODE21": "206011107", "Area": "Brunswick West", "% dwellings within 400m of any bus service": 1, "% dwellings with 800m of a high quality bus service": 0.33604, "dwellings_2025": 7980, "population_2025": 15348, "SEIFA_Score": 1073, "SEIFA_Decile": 8, "% dwellings within 400m of any public transport service": 1, "% dwellings with 800m of a high quality public transport service": 0.673329, "Binned_any_bus_service_400m_dwellings_percent": 1, "Categorical_any_bus_service_400m_dwellings_percent": "90\u2013100%", "Binned_high_quality_bus_service_800m_dwellings_percent": 0.3, "Categorical_high_quality_bus_service_800m_dwellings_percent": "30\u201340%", "Binned_any_public_transport_400m_dwellings_percent": 1, "Categorical_any_public_transport_400m_dwellings_percent": "90\u2013100%", "Binned_high_quality_public_transport_800m_dwellings_percent": 0.6, "Categorical_high_quality_public_transport_800m_dwellings_percent": "60\u201370%", "area_km2": 3.1795}}, {"type": "Feature", "geometry": {"type": "Polygon", "coordinates": [[[144.9458, -37.7533], [144.9464, -37.7497], [144.9473, -37.7469], [144.9466, -37.7468], [144.9478, -37.7394], [144.9485, -37.7395], [144.9491, -37.736], [144.9447, -37.7355], [144.9289, -37.7336], [144.9286, -37.7353], [144.9289, -37.7375], [144.93, -37.7382], [144.93, -37.74], [144.9315, -37.7421], [144.9335, -37.7424], [144.9347, -37.7439], [144.9339, -37.7446], [144.9328, -37.7455], [144.9294, -37.7454], [144.9284, -37.7459], [144.9284, -37.7472], [144.9291, -37.7473], [144.9283, -37.7489], [144.9273, -37.7495], [144.927, -37.7511], [144.9458, -37.7533]]]}, "properties": {"SA2_CODE21": "206011109", "Area": "Pascoe Vale South", "% dwellings within 400m of any bus service": 0.998861, "% dwellings with 800m of a high quality bus service": 0.387244, "dwellings_2025": 4263, "population_2025": 10715, "SEIFA_Score": 1076, "SEIFA_Decile": 9, "% dwellings within 400m of any public transport service": 0.998861, "% dwellings with 800m of a high quality public transport service": 0.546697, "Binned_any_bus_service_400m_dwellings_percent": 0.9, "Categorical_any_bus_service_400m_dwellings_percent": "90\u2013100%", "Binned_high_quality_bus_service_800m_dwellings_percent": 0.3, "Categorical_high_quality_bus_service_800m_dwellings_percent": "30\u201340%", "Binned_any_public_transport_400m_dwellings_percent": 0.9, "Categorical_any_public_transport_400m_dwellings_percent": "90\u2013100%", "Binned_high_quality_public_transport_800m_dwellings_percent": 0.5, "Categorical_high_quality_public_transport_800m_dwellings_percent": "50\u201360%", "area_km2": 2.9887}}, {"type": "Feature", "geometry": {"type": "Polygon", "coordinates": [[[144.977, -37.7569], [144.9617, -37.7551], [144.9539, -37.7542], [144.9532, -37.755], [144.9507, -37.7562], [144.9503, -37.7593], [144.9497, -37.7628], [144.9602, -37.764], [144.9597, -37.7667], [144.9723, -37.7681], [144.974, -37.7587], [144.9766, -37.759], [144.977, -37.7569]]]}, "properties": {"SA2_CODE21": "206011495", "Area": "Brunswick \u2013 North", "% dwellings within 400m of any bus service": 1, "% dwellings with 800m of a high quality bus service": 0.486111, "dwellings_2025": 7229, "population_2025": 14943, "SEIFA_Score": 1097, "SEIFA_Decile": 9, "% dwellings within 400m of any public transport service": 1, "% dwellings with 800m of a high quality public transport service": 0.769571, "Binned_any_bus_service_400m_dwellings_percent": 1, "Categorical_any_bus_service_400m_dwellings_percent": "90\u2013100%", "Binned_high_quality_bus_service_800m_dwellings_percent": 0.4, "Categorical_high_quality_bus_service_800m_dwellings_percent": "40\u201350%", "Binned_any_public_transport_400m_dwellings_percent": 1, "Categorical_any_public_transport_400m_dwellings_percent": "90\u2013100%", "Binned_high_quality_public_transport_800m_dwellings_percent": 0.7, "Categorical_high_quality_public_transport_800m_dwellings_percent": "70\u201380%", "area_km2": 2.4091}}, {"type": "Feature", "geometry": {"type": "Polygon", "coordinates": [[[144.9723, -37.7681], [144.9597, -37.7667], [144.9602, -37.764], [144.9497, -37.7628], [144.9485, -37.77], [144.9499, -37.7701], [144.9488, -37.7757], [144.9494, -37.7767], [144.9602, -37.778], [144.9705, -37.7793], [144.9715, -37.7726], [144.9723, -37.7681]]]}, "properties": {"SA2_CODE21": "206011496", "Area": "Brunswick \u2013 South", "% dwellings within 400m of any bus service": 1, "% dwellings with 800m of a high quality bus service": 0.20578, "dwellings_2025": 8072, "population_2025": 15772, "SEIFA_Score": 1116, "SEIFA_Decile": 10, "% dwellings within 400m of any public transport service": 1, "% dwellings with 800m of a high quality public transport service": 0.748555, "Binned_any_bus_service_400m_dwellings_percent": 1, "Categorical_any_bus_service_400m_dwellings_percent": "90\u2013100%", "Binned_high_quality_bus_service_800m_dwellings_percent": 0.2, "Categorical_high_quality_bus_service_800m_dwellings_percent": "20\u201330%", "Binned_any_public_transport_400m_dwellings_percent": 1, "Categorical_any_public_transport_400m_dwellings_percent": "90\u2013100%", "Binned_high_quality_public_transport_800m_dwellings_percent": 0.7, "Categorical_high_quality_public_transport_800m_dwellings_percent": "70\u201380%", "area_km2": 2.7334}}, {"type": "Feature", "geometry": {"type": "Polygon", "coordinates": [[[144.9802, -37.7573], [144.9793, -37.754], [144.9798, -37.7533], [144.9818, -37.7521], [144.9808, -37.7503], [144.9814, -37.7489], [144.9806, -37.7476], [144.9803, -37.7461], [144.982, -37.7457], [144.9816, -37.7448], [144.9791, -37.7431], [144.9798, -37.7427], [144.9829, -37.7359], [144.9769, -37.7353], [144.9752, -37.7355], [144.9707, -37.7354], [144.9678, -37.7342], [144.9629, -37.7337], [144.9635, -37.7408], [144.9617, -37.7551], [144.977, -37.7569], [144.9802, -37.7573]]]}, "properties": {"SA2_CODE21": "206011497", "Area": "Coburg \u2013 East", "% dwellings within 400m of any bus service": 1, "% dwellings with 800m of a high quality bus service": 0.522148, "dwellings_2025": 6599, "population_2025": 14304, "SEIFA_Score": 1060, "SEIFA_Decile": 8, "% dwellings within 400m of any public transport service": 1, "% dwellings with 800m of a high quality public transport service": 0.838255, "Binned_any_bus_service_400m_dwellings_percent": 1, "Categorical_any_bus_service_400m_dwellings_percent": "90\u2013100%", "Binned_high_quality_bus_service_800m_dwellings_percent": 0.5, "Categorical_high_quality_bus_service_800m_dwellings_percent": "50\u201360%", "Binned_any_public_transport_400m_dwellings_percent": 1, "Categorical_any_public_transport_400m_dwellings_percent": "90\u2013100%", "Binned_high_quality_public_transport_800m_dwellings_percent": 0.8, "Categorical_high_quality_public_transport_800m_dwellings_percent": "80\u201390%", "area_km2": 3.7471}}, {"type": "Feature", "geometry": {"type": "Polygon", "coordinates": [[[144.9539, -37.7542], [144.9617, -37.7551], [144.9635, -37.7408], [144.9629, -37.7337], [144.9495, -37.7325], [144.9491, -37.736], [144.9485, -37.7395], [144.9478, -37.7394], [144.9466, -37.7468], [144.9473, -37.7469], [144.9464, -37.7497], [144.9458, -37.7533], [144.9539, -37.7542]]]}, "properties": {"SA2_CODE21": "206011498", "Area": "Coburg \u2013 West", "% dwellings within 400m of any bus service": 0.994098, "% dwellings with 800m of a high quality bus service": 0.573356, "dwellings_2025": 5858, "population_2025": 14448, "SEIFA_Score": 1068, "SEIFA_Decile": 8, "% dwellings within 400m of any public transport service": 1, "% dwellings with 800m of a high quality public transport service": 0.643339, "Binned_any_bus_service_400m_dwellings_percent": 0.9, "Categorical_any_bus_service_400m_dwellings_percent": "90\u2013100%", "Binned_high_quality_bus_service_800m_dwellings_percent": 0.5, "Categorical_high_quality_bus_service_800m_dwellings_percent": "50\u201360%", "Binned_any_public_transport_400m_dwellings_percent": 1, "Categorical_any_public_transport_400m_dwellings_percent": "90\u2013100%", "Binned_high_quality_public_transport_800m_dwellings_percent": 0.6, "Categorical_high_quality_public_transport_800m_dwellings_percent": "60\u201370%", "area_km2": 3.1876}}, {"type": "Feature", "geometry": {"type": "Polygon", "coordinates": [[[145.017, -37.7651], [145.0167, -37.7671], [145.0178, -37.7672], [145.017, -37.7686], [145.0161, -37.7741], [145.0156, -37.7741], [145.0147, -37.7786], [145.0152, -37.7792], [145.0143, -37.7838], [145.0177, -37.7833], [145.0339, -37.7802], [145.036, -37.7789], [145.0347, -37.779], [145.0351, -37.7776], [145.0355, -37.7747], [145.0341, -37.7727], [145.0345, -37.7723], [145.0368, -37.7726], [145.0371, -37.7714], [145.0366, -37.7705], [145.0353, -37.7703], [145.0324, -37.7707], [145.0314, -37.7685], [145.0312, -37.7666], [145.017, -37.7651]]]}, "properties": {"SA2_CODE21": "206021110", "Area": "Alphington \u2013 Fairfield", "% dwellings within 400m of any bus service": 1, "% dwellings with 800m of a high quality bus service": 0.685828, "dwellings_2025": 4448, "population_2025": 9641, "SEIFA_Score": 1107, "SEIFA_Decile": 9, "% dwellings within 400m of any public transport service": 1, "% dwellings with 800m of a high quality public transport service": 0.829534, "Binned_any_bus_service_400m_dwellings_percent": 1, "Categorical_any_bus_service_400m_dwellings_percent": "90\u2013100%", "Binned_high_quality_bus_service_800m_dwellings_percent": 0.6, "Categorical_high_quality_bus_service_800m_dwellings_percent": "60\u201370%", "Binned_any_public_transport_400m_dwellings_percent": 1, "Categorical_any_public_transport_400m_dwellings_percent": "90\u2013100%", "Binned_high_quality_public_transport_800m_dwellings_percent": 0.8, "Categorical_high_quality_public_transport_800m_dwellings_percent": "80\u201390%", "area_km2": 2.8853}}, {"type": "Feature", "geometry": {"type": "Polygon", "coordinates": [[[144.9802, -37.7573], [144.988, -37.7582], [144.9874, -37.7614], [144.9927, -37.762], [144.9928, -37.7618], [144.9999, -37.7627], [144.9998, -37.7632], [145.017, -37.7651], [145.0312, -37.7666], [145.0305, -37.7649], [145.028, -37.7641], [145.0279, -37.7625], [145.0287, -37.7611], [145.03, -37.76], [145.029, -37.758], [145.0312, -37.7575], [145.0322, -37.7564], [145.0314, -37.7557], [145.0286, -37.7553], [145.0157, -37.7539], [145.0017, -37.7523], [144.9955, -37.7517], [144.9949, -37.7517], [144.9835, -37.7506], [144.9808, -37.7503], [144.9818, -37.7521], [144.9798, -37.7533], [144.9793, -37.754], [144.9802, -37.7573]]]}, "properties": {"SA2_CODE21": "206021112", "Area": "Thornbury", "% dwellings within 400m of any bus service": 0.967883, "% dwellings with 800m of a high quality bus service": 0.678832, "dwellings_2025": 9349, "population_2025": 19859, "SEIFA_Score": 1083, "SEIFA_Decile": 9, "% dwellings within 400m of any public transport service": 0.995134, "% dwellings with 800m of a high quality public transport service": 0.847689, "Binned_any_bus_service_400m_dwellings_percent": 0.9, "Categorical_any_bus_service_400m_dwellings_percent": "90\u2013100%", "Binned_high_quality_bus_service_800m_dwellings_percent": 0.6, "Categorical_high_quality_bus_service_800m_dwellings_percent": "60\u201370%", "Binned_any_public_transport_400m_dwellings_percent": 0.9, "Categorical_any_public_transport_400m_dwellings_percent": "90\u2013100%", "Binned_high_quality_public_transport_800m_dwellings_percent": 0.8, "Categorical_high_quality_public_transport_800m_dwellings_percent": "80\u201390%", "area_km2": 4.9972}}, {"type": "Feature", "geometry": {"type": "Polygon", "coordinates": [[[145.017, -37.7651], [144.9998, -37.7632], [144.9992, -37.7669], [144.9992, -37.7684], [144.9961, -37.784], [144.9956, -37.7847], [144.9975, -37.7856], [144.999, -37.7854], [145.0004, -37.7846], [145.0017, -37.7831], [145.0034, -37.7834], [145.0042, -37.7844], [145.0081, -37.7839], [145.0116, -37.7842], [145.0143, -37.7838], [145.0152, -37.7792], [145.0147, -37.7786], [145.0156, -37.7741], [145.0161, -37.7741], [145.017, -37.7686], [145.0178, -37.7672], [145.0167, -37.7671], [145.017, -37.7651]]]}, "properties": {"SA2_CODE21": "206021499", "Area": "Northcote \u2013 East", "% dwellings within 400m of any bus service": 1, "% dwellings with 800m of a high quality bus service": 0.753488, "dwellings_2025": 7144, "population_2025": 15923, "SEIFA_Score": 1112, "SEIFA_Decile": 10, "% dwellings within 400m of any public transport service": 1, "% dwellings with 800m of a high quality public transport service": 0.893023, "Binned_any_bus_service_400m_dwellings_percent": 1, "Categorical_any_bus_service_400m_dwellings_percent": "90\u2013100%", "Binned_high_quality_bus_service_800m_dwellings_percent": 0.7, "Categorical_high_quality_bus_service_800m_dwellings_percent": "70\u201380%", "Binned_any_public_transport_400m_dwellings_percent": 1, "Categorical_any_public_transport_400m_dwellings_percent": "90\u2013100%", "Binned_high_quality_public_transport_800m_dwellings_percent": 0.8, "Categorical_high_quality_public_transport_800m_dwellings_percent": "80\u201390%", "area_km2": 3.5134}}, {"type": "Feature", "geometry": {"type": "Polygon", "coordinates": [[[144.9869, -37.7744], [144.9887, -37.7753], [144.9888, -37.7769], [144.9897, -37.7779], [144.9901, -37.7796], [144.9917, -37.7801], [144.9921, -37.7826], [144.9942, -37.7835], [144.9956, -37.7847], [144.9961, -37.784], [144.9992, -37.7684], [144.9992, -37.7669], [144.9998, -37.7632], [144.9999, -37.7627], [144.9928, -37.7618], [144.9927, -37.762], [144.9874, -37.7614], [144.988, -37.7582], [144.9802, -37.7573], [144.9821, -37.7606], [144.9832, -37.7615], [144.9814, -37.7624], [144.9817, -37.7632], [144.9839, -37.7641], [144.9856, -37.7664], [144.9845, -37.7673], [144.9842, -37.7701], [144.9845, -37.7712], [144.9868, -37.7737], [144.9869, -37.7744]]]}, "properties": {"SA2_CODE21": "206021500", "Area": "Northcote \u2013 West", "% dwellings within 400m of any bus service": 0.99017, "% dwellings with 800m of a high quality bus service": 0.353887, "dwellings_2025": 5036, "population_2025": 10880, "SEIFA_Score": 1124, "SEIFA_Decile": 10, "% dwellings within 400m of any public transport service": 0.999106, "% dwellings with 800m of a high quality public transport service": 0.907954, "Binned_any_bus_service_400m_dwellings_percent": 0.9, "Categorical_any_bus_service_400m_dwellings_percent": "90\u2013100%", "Binned_high_quality_bus_service_800m_dwellings_percent": 0.3, "Categorical_high_quality_bus_service_800m_dwellings_percent": "30\u201340%", "Binned_any_public_transport_400m_dwellings_percent": 0.9, "Categorical_any_public_transport_400m_dwellings_percent": "90\u2013100%", "Binned_high_quality_public_transport_800m_dwellings_percent": 0.9, "Categorical_high_quality_public_transport_800m_dwellings_percent": "90\u2013100%", "area_km2": 2.6316}}, {"type": "Feature", "geometry": {"type": "Polygon", "coordinates": [[[144.9365, -37.7738], [144.9352, -37.7734], [144.9275, -37.7726], [144.9264, -37.7728], [144.9162, -37.7717], [144.901, -37.77], [144.898, -37.771], [144.896, -37.7728], [144.8961, -37.7746], [144.8968, -37.7769], [144.8972, -37.7792], [144.8979, -37.7806], [144.9015, -37.7826], [144.904, -37.7846], [144.9041, -37.7853], [144.9035, -37.7877], [144.9028, -37.789], [144.9027, -37.7896], [144.9043, -37.7887], [144.905, -37.7871], [144.9063, -37.7874], [144.9072, -37.784], [144.9082, -37.7825], [144.9136, -37.7794], [144.9176, -37.7836], [144.922, -37.7837], [144.9226, -37.7803], [144.9245, -37.7808], [144.9252, -37.7802], [144.9276, -37.7809], [144.9294, -37.781], [144.9304, -37.7815], [144.9323, -37.7809], [144.9299, -37.7778], [144.9301, -37.777], [144.9371, -37.7778], [144.9365, -37.7757], [144.9365, -37.7738]]]}, "properties": {"SA2_CODE21": "206031113", "Area": "Ascot Vale", "% dwellings within 400m of any bus service": 0.966948, "% dwellings with 800m of a high quality bus service": 0.486066, "dwellings_2025": 7434, "population_2025": 16145, "SEIFA_Score": 1062, "SEIFA_Decile": 8, "% dwellings within 400m of any public transport service": 0.96954, "% dwellings with 800m of a high quality public transport service": 0.786779, "Binned_any_bus_service_400m_dwellings_percent": 0.9, "Categorical_any_bus_service_400m_dwellings_percent": "90\u2013100%", "Binned_high_quality_bus_service_800m_dwellings_percent": 0.4, "Categorical_high_quality_bus_service_800m_dwellings_percent": "40\u201350%", "Binned_any_public_transport_400m_dwellings_percent": 0.9, "Categorical_any_public_transport_400m_dwellings_percent": "90\u2013100%", "Binned_high_quality_public_transport_800m_dwellings_percent": 0.7, "Categorical_high_quality_public_transport_800m_dwellings_percent": "70\u201380%", "area_km2": 3.8361}}, {"type": "Feature", "geometry": {"type": "Polygon", "coordinates": [[[144.9176, -37.7836], [144.9213, -37.7874], [144.9225, -37.7874], [144.9318, -37.7884], [144.9378, -37.7889], [144.9404, -37.7876], [144.9387, -37.7808], [144.9371, -37.7778], [144.9301, -37.777], [144.9299, -37.7778], [144.9323, -37.7809], [144.9304, -37.7815], [144.9294, -37.781], [144.9276, -37.7809], [144.9252, -37.7802], [144.9245, -37.7808], [144.9226, -37.7803], [144.922, -37.7837], [144.9176, -37.7836]]]}, "properties": {"SA2_CODE21": "206031115", "Area": "Flemington", "% dwellings within 400m of any bus service": 0.959201, "% dwellings with 800m of a high quality bus service": 0, "dwellings_2025": 5759, "population_2025": 10195, "SEIFA_Score": 997, "SEIFA_Decile": 6, "% dwellings within 400m of any public transport service": 0.999167, "% dwellings with 800m of a high quality public transport service": 0.729392, "Binned_any_bus_service_400m_dwellings_percent": 0.9, "Categorical_any_bus_service_400m_dwellings_percent": "90\u2013100%", "Binned_high_quality_bus_service_800m_dwellings_percent": 0, "Categorical_high_quality_bus_service_800m_dwellings_percent": "0\u201310%", "Binned_any_public_transport_400m_dwellings_percent": 0.9, "Categorical_any_public_transport_400m_dwellings_percent": "90\u2013100%", "Binned_high_quality_public_transport_800m_dwellings_percent": 0.7, "Categorical_high_quality_public_transport_800m_dwellings_percent": "70\u201380%", "area_km2": 1.5808}}, {"type": "Feature", "geometry": {"type": "Polygon", "coordinates": [[[144.9338, -37.7594], [144.9321, -37.7587], [144.9163, -37.7569], [144.9167, -37.7607], [144.9146, -37.761], [144.9132, -37.7606], [144.9098, -37.7604], [144.9092, -37.7609], [144.9064, -37.7606], [144.9053, -37.7601], [144.9037, -37.7603], [144.905, -37.7617], [144.9048, -37.7626], [144.9038, -37.763], [144.9036, -37.7649], [144.9022, -37.7647], [144.9016, -37.7654], [144.9023, -37.7687], [144.9019, -37.7696], [144.901, -37.77], [144.9162, -37.7717], [144.9264, -37.7728], [144.9275, -37.7726], [144.9352, -37.7734], [144.9365, -37.7738], [144.9378, -37.7727], [144.9384, -37.7715], [144.9377, -37.771], [144.9357, -37.771], [144.9356, -37.7697], [144.9376, -37.7689], [144.938, -37.7665], [144.9385, -37.7612], [144.9367, -37.7602], [144.9344, -37.7606], [144.9338, -37.7594]]]}, "properties": {"SA2_CODE21": "206031116", "Area": "Moonee Ponds", "% dwellings within 400m of any bus service": 1, "% dwellings with 800m of a high quality bus service": 0.776427, "dwellings_2025": 8884, "population_2025": 17940, "SEIFA_Score": 1097, "SEIFA_Decile": 9, "% dwellings within 400m of any public transport service": 1, "% dwellings with 800m of a high quality public transport service": 0.882664, "Binned_any_bus_service_400m_dwellings_percent": 1, "Categorical_any_bus_service_400m_dwellings_percent": "90\u2013100%", "Binned_high_quality_bus_service_800m_dwellings_percent": 0.7, "Categorical_high_quality_bus_service_800m_dwellings_percent": "70\u201380%", "Binned_any_public_transport_400m_dwellings_percent": 1, "Categorical_any_public_transport_400m_dwellings_percent": "90\u2013100%", "Binned_high_quality_public_transport_800m_dwellings_percent": 0.8, "Categorical_high_quality_public_transport_800m_dwellings_percent": "80\u201390%", "area_km2": 4.3551}}, {"type": "Feature", "geometry": {"type": "Polygon", "coordinates": [[[144.9064, -37.7606], [144.9073, -37.756], [144.908, -37.756], [144.9102, -37.7445], [144.9082, -37.7413], [144.9044, -37.7354], [144.9027, -37.7355], [144.893, -37.7346], [144.8928, -37.7356], [144.8923, -37.7373], [144.8915, -37.7433], [144.8895, -37.7539], [144.8891, -37.7553], [144.89, -37.7567], [144.889, -37.7619], [144.8895, -37.7621], [144.8929, -37.7653], [144.8941, -37.7658], [144.8958, -37.7651], [144.8982, -37.7646], [144.9, -37.7647], [144.9016, -37.7654], [144.9022, -37.7647], [144.9036, -37.7649], [144.9038, -37.763], [144.9048, -37.7626], [144.905, -37.7617], [144.9037, -37.7603], [144.9053, -37.7601], [144.9064, -37.7606]]]}, "properties": {"SA2_CODE21": "206031501", "Area": "Essendon (West) \u2013 Aberfeldie", "% dwellings within 400m of any bus service": 0.998725, "% dwellings with 800m of a high quality bus service": 0.804971, "dwellings_2025": 7302, "population_2025": 16993, "SEIFA_Score": 1086, "SEIFA_Decile": 9, "% dwellings within 400m of any public transport service": 0.998725, "% dwellings with 800m of a high quality public transport service": 0.831103, "Binned_any_bus_service_400m_dwellings_percent": 0.9, "Categorical_any_bus_service_400m_dwellings_percent": "90\u2013100%", "Binned_high_quality_bus_service_800m_dwellings_percent": 0.8, "Categorical_high_quality_bus_service_800m_dwellings_percent": "80\u201390%", "Binned_any_public_transport_400m_dwellings_percent": 0.9, "Categorical_any_public_transport_400m_dwellings_percent": "90\u2013100%", "Binned_high_quality_public_transport_800m_dwellings_percent": 0.8, "Categorical_high_quality_public_transport_800m_dwellings_percent": "80\u201390%", "area_km2": 4.8886}}, {"type": "Feature", "geometry": {"type": "Polygon", "coordinates": [[[144.927, -37.7511], [144.9273, -37.7495], [144.9283, -37.7489], [144.9291, -37.7473], [144.9284, -37.7472], [144.9284, -37.7459], [144.9294, -37.7454], [144.9328, -37.7455], [144.9339, -37.7446], [144.9335, -37.744], [144.9082, -37.7413], [144.9102, -37.7445], [144.908, -37.756], [144.9073, -37.756], [144.9064, -37.7606], [144.9092, -37.7609], [144.9098, -37.7604], [144.9132, -37.7606], [144.9146, -37.761], [144.9167, -37.7607], [144.9163, -37.7569], [144.9321, -37.7587], [144.9338, -37.7594], [144.933, -37.7589], [144.9336, -37.7574], [144.9346, -37.7566], [144.9337, -37.7549], [144.9349, -37.7542], [144.9347, -37.7531], [144.9322, -37.7527], [144.9306, -37.7536], [144.929, -37.7519], [144.9284, -37.7526], [144.9272, -37.7521], [144.927, -37.7511]]]}, "properties": {"SA2_CODE21": "206031502", "Area": "Essendon \u2013 East", "% dwellings within 400m of any bus service": 1, "% dwellings with 800m of a high quality bus service": 0.590327, "dwellings_2025": 6545, "population_2025": 12854, "SEIFA_Score": 1091, "SEIFA_Decile": 9, "% dwellings within 400m of any public transport service": 1, "% dwellings with 800m of a high quality public transport service": 0.726885, "Binned_any_bus_service_400m_dwellings_percent": 1, "Categorical_any_bus_service_400m_dwellings_percent": "90\u2013100%", "Binned_high_quality_bus_service_800m_dwellings_percent": 0.5, "Categorical_high_quality_bus_service_800m_dwellings_percent": "50\u201360%", "Binned_any_public_transport_400m_dwellings_percent": 1, "Categorical_any_public_transport_400m_dwellings_percent": "90\u2013100%", "Binned_high_quality_public_transport_800m_dwellings_percent": 0.7, "Categorical_high_quality_public_transport_800m_dwellings_percent": "70\u201380%", "area_km2": 3.5543}}, {"type": "Feature", "geometry": {"type": "Polygon", "coordinates": [[[144.9732, -37.8079], [144.9757, -37.793], [144.9684, -37.7922], [144.9669, -37.7931], [144.9653, -37.7931], [144.9641, -37.7927], [144.965, -37.7946], [144.964, -37.8004], [144.9576, -37.7997], [144.9573, -37.8015], [144.9595, -37.8063], [144.9659, -37.807], [144.9713, -37.8075], [144.9714, -37.8077], [144.9732, -37.8079]]]}, "properties": {"SA2_CODE21": "206041117", "Area": "Carlton", "% dwellings within 400m of any bus service": 1, "% dwellings with 800m of a high quality bus service": 0.704717, "dwellings_2025": 10925, "population_2025": 20417, "SEIFA_Score": 1050, "SEIFA_Decile": 8, "% dwellings within 400m of any public transport service": 1, "% dwellings with 800m of a high quality public transport service": 0.995679, "Binned_any_bus_service_400m_dwellings_percent": 1, "Categorical_any_bus_service_400m_dwellings_percent": "90\u2013100%", "Binned_high_quality_bus_service_800m_dwellings_percent": 0.7, "Categorical_high_quality_bus_service_800m_dwellings_percent": "70\u201380%", "Binned_any_public_transport_400m_dwellings_percent": 1, "Categorical_any_public_transport_400m_dwellings_percent": "90\u2013100%", "Binned_high_quality_public_transport_800m_dwellings_percent": 0.9, "Categorical_high_quality_public_transport_800m_dwellings_percent": "90\u2013100%", "area_km2": 1.8187}}, {"type": "Feature", "geometry": {"type": "Polygon", "coordinates": [[[144.946, -37.8116], [144.9453, -37.8121], [144.9429, -37.8124], [144.9379, -37.81], [144.935, -37.8094], [144.9347, -37.8119], [144.9339, -37.8151], [144.9318, -37.8208], [144.9315, -37.8218], [144.942, -37.824], [144.9425, -37.8242], [144.9438, -37.825], [144.948, -37.8252], [144.9479, -37.8234], [144.9533, -37.8237], [144.956, -37.823], [144.9514, -37.8132], [144.9503, -37.8135], [144.9481, -37.8115], [144.9478, -37.8109], [144.946, -37.8116]]]}, "properties": {"SA2_CODE21": "206041118", "Area": "Docklands", "% dwellings within 400m of any bus service": 0.960158, "% dwellings with 800m of a high quality bus service": 0.262742, "dwellings_2025": 12423, "population_2025": 18371, "SEIFA_Score": 1109, "SEIFA_Decile": 9, "% dwellings within 400m of any public transport service": 1, "% dwellings with 800m of a high quality public transport service": 0.871859, "Binned_any_bus_service_400m_dwellings_percent": 0.9, "Categorical_any_bus_service_400m_dwellings_percent": "90\u2013100%", "Binned_high_quality_bus_service_800m_dwellings_percent": 0.2, "Categorical_high_quality_bus_service_800m_dwellings_percent": "20\u201330%", "Binned_any_public_transport_400m_dwellings_percent": 1, "Categorical_any_public_transport_400m_dwellings_percent": "90\u2013100%", "Binned_high_quality_public_transport_800m_dwellings_percent": 0.8, "Categorical_high_quality_public_transport_800m_dwellings_percent": "80\u201390%", "area_km2": 2.444}}, {"type": "Feature", "geometry": {"type": "Polygon", "coordinates": [[[144.9714, -37.8077], [144.9749, -37.8153], [144.9674, -37.8174], [144.9683, -37.8192], [144.9684, -37.8196], [144.9716, -37.8194], [144.9731, -37.8198], [144.9747, -37.8209], [144.9766, -37.8232], [144.9774, -37.8233], [144.9793, -37.8255], [144.9811, -37.8268], [144.9849, -37.8276], [144.9865, -37.8283], [144.9879, -37.8297], [144.9879, -37.8296], [144.99, -37.8175], [144.9914, -37.8097], [144.9902, -37.8097], [144.9826, -37.8089], [144.9732, -37.8079], [144.9714, -37.8077]]]}, "properties": {"SA2_CODE21": "206041119", "Area": "East Melbourne", "% dwellings within 400m of any bus service": 0.802013, "% dwellings with 800m of a high quality bus service": 0.510067, "dwellings_2025": 3522, "population_2025": 5010, "SEIFA_Score": 1156, "SEIFA_Decile": 10, "% dwellings within 400m of any public transport service": 1, "% dwellings with 800m of a high quality public transport service": 0.904922, "Binned_any_bus_service_400m_dwellings_percent": 0.8, "Categorical_any_bus_service_400m_dwellings_percent": "80\u201390%", "Binned_high_quality_bus_service_800m_dwellings_percent": 0.5, "Categorical_high_quality_bus_service_800m_dwellings_percent": "50\u201360%", "Binned_any_public_transport_400m_dwellings_percent": 1, "Categorical_any_public_transport_400m_dwellings_percent": "90\u2013100%", "Binned_high_quality_public_transport_800m_dwellings_percent": 0.9, "Categorical_high_quality_public_transport_800m_dwellings_percent": "90\u2013100%", "area_km2": 2.8998}}, {"type": "Feature", "geometry": {"type": "Polygon", "coordinates": [[[144.9027, -37.7896], [144.9029, -37.7907], [144.9041, -37.7919], [144.9084, -37.7937], [144.9129, -37.7951], [144.9139, -37.7948], [144.9228, -37.7892], [144.9213, -37.7874], [144.9176, -37.7836], [144.9136, -37.7794], [144.9082, -37.7825], [144.9072, -37.784], [144.9063, -37.7874], [144.905, -37.7871], [144.9043, -37.7887], [144.9027, -37.7896]]]}, "properties": {"SA2_CODE21": "206041120", "Area": "Flemington Racecourse", "% dwellings within 400m of any bus service": 1, "% dwellings with 800m of a high quality bus service": 0, "dwellings_2025": 278, "population_2025": 438, "SEIFA_Score": 1133, "SEIFA_Decile": 10, "% dwellings within 400m of any public transport service": 1, "% dwellings with 800m of a high quality public transport service": 1, "Binned_any_bus_service_400m_dwellings_percent": 1, "Categorical_any_bus_service_400m_dwellings_percent": "90\u2013100%", "Binned_high_quality_bus_service_800m_dwellings_percent": 0, "Categorical_high_quality_bus_service_800m_dwellings_percent": "0\u201310%", "Binned_any_public_transport_400m_dwellings_percent": 1, "Categorical_any_public_transport_400m_dwellings_percent": "90\u2013100%", "Binned_high_quality_public_transport_800m_dwellings_percent": 1, "Categorical_high_quality_public_transport_800m_dwellings_percent": "90\u2013100%", "area_km2": 1.7093}}, {"type": "Feature", "geometry": {"type": "Polygon", "coordinates": [[[144.9213, -37.7874], [144.9228, -37.7892], [144.9139, -37.7948], [144.9129, -37.7951], [144.9153, -37.7965], [144.9165, -37.7982], [144.9297, -37.8002], [144.9342, -37.8014], [144.9359, -37.8023], [144.9363, -37.8017], [144.9358, -37.8], [144.9364, -37.7987], [144.9357, -37.7951], [144.9366, -37.7906], [144.9378, -37.7889], [144.9318, -37.7884], [144.9225, -37.7874], [144.9213, -37.7874]]]}, "properties": {"SA2_CODE21": "206041121", "Area": "Kensington", "% dwellings within 400m of any bus service": 0.990661, "% dwellings with 800m of a high quality bus service": 0.40158, "dwellings_2025": 6053, "population_2025": 11648, "SEIFA_Score": 1097, "SEIFA_Decile": 9, "% dwellings within 400m of any public transport service": 1, "% dwellings with 800m of a high quality public transport service": 0.614224, "Binned_any_bus_service_400m_dwellings_percent": 0.9, "Categorical_any_bus_service_400m_dwellings_percent": "90\u2013100%", "Binned_high_quality_bus_service_800m_dwellings_percent": 0.4, "Categorical_high_quality_bus_service_800m_dwellings_percent": "40\u201350%", "Binned_any_public_transport_400m_dwellings_percent": 1, "Categorical_any_public_transport_400m_dwellings_percent": "90\u2013100%", "Binned_high_quality_public_transport_800m_dwellings_percent": 0.6, "Categorical_high_quality_public_transport_800m_dwellings_percent": "60\u201370%", "area_km2": 2.147}}, {"type": "Feature", "geometry": {"type": "Polygon", "coordinates": [[[144.9371, -37.7778], [144.9387, -37.7808], [144.9404, -37.7876], [144.9409, -37.7884], [144.9566, -37.8009], [144.9573, -37.8015], [144.9576, -37.7997], [144.964, -37.8004], [144.965, -37.7946], [144.9641, -37.7927], [144.9602, -37.7912], [144.9588, -37.7899], [144.9602, -37.778], [144.9494, -37.7767], [144.9388, -37.7754], [144.9381, -37.7767], [144.9371, -37.7778]]]}, "properties": {"SA2_CODE21": "206041124", "Area": "Parkville", "% dwellings within 400m of any bus service": 0.971684, "% dwellings with 800m of a high quality bus service": 0.605067, "dwellings_2025": 2978, "population_2025": 7908, "SEIFA_Score": 1102, "SEIFA_Decile": 9, "% dwellings within 400m of any public transport service": 1, "% dwellings with 800m of a high quality public transport service": 0.871833, "Binned_any_bus_service_400m_dwellings_percent": 0.9, "Categorical_any_bus_service_400m_dwellings_percent": "90\u2013100%", "Binned_high_quality_bus_service_800m_dwellings_percent": 0.6, "Categorical_high_quality_bus_service_800m_dwellings_percent": "60\u201370%", "Binned_any_public_transport_400m_dwellings_percent": 1, "Categorical_any_public_transport_400m_dwellings_percent": "90\u2013100%", "Binned_high_quality_public_transport_800m_dwellings_percent": 0.8, "Categorical_high_quality_public_transport_800m_dwellings_percent": "80\u201390%", "area_km2": 4.0491}}, {"type": "Feature", "geometry": {"type": "Polygon", "coordinates": [[[144.9723, -37.8328], [144.9742, -37.8343], [144.9755, -37.8362], [144.9806, -37.8502], [144.9842, -37.8507], [144.985, -37.8457], [144.9865, -37.8383], [144.9879, -37.8314], [144.9879, -37.8306], [144.9858, -37.8288], [144.9849, -37.8283], [144.9837, -37.8343], [144.9723, -37.8328]]]}, "properties": {"SA2_CODE21": "206041125", "Area": "South Yarra \u2013 West", "% dwellings within 400m of any bus service": 1, "% dwellings with 800m of a high quality bus service": 0.510417, "dwellings_2025": 4344, "population_2025": 6708, "SEIFA_Score": 1147, "SEIFA_Decile": 10, "% dwellings within 400m of any public transport service": 1, "% dwellings with 800m of a high quality public transport service": 0.877083, "Binned_any_bus_service_400m_dwellings_percent": 1, "Categorical_any_bus_service_400m_dwellings_percent": "90\u2013100%", "Binned_high_quality_bus_service_800m_dwellings_percent": 0.5, "Categorical_high_quality_bus_service_800m_dwellings_percent": "50\u201360%", "Binned_any_public_transport_400m_dwellings_percent": 1, "Categorical_any_public_transport_400m_dwellings_percent": "90\u2013100%", "Binned_high_quality_public_transport_800m_dwellings_percent": 0.8, "Categorical_high_quality_public_transport_800m_dwellings_percent": "80\u201390%", "area_km2": 1.5027}}, {"type": "Feature", "geometry": {"type": "Polygon", "coordinates": [[[144.946, -37.8116], [144.9426, -37.8073], [144.941, -37.8054], [144.9379, -37.8031], [144.9359, -37.8023], [144.9342, -37.8014], [144.9297, -37.8002], [144.9165, -37.7982], [144.9162, -37.7991], [144.9148, -37.8002], [144.9124, -37.7996], [144.911, -37.8001], [144.9096, -37.8018], [144.9082, -37.8046], [144.9064, -37.8088], [144.9055, -37.8135], [144.9055, -37.8153], [144.9065, -37.8191], [144.9065, -37.8216], [144.9056, -37.8229], [144.907, -37.8233], [144.9105, -37.8218], [144.9129, -37.821], [144.9198, -37.82], [144.9248, -37.82], [144.9318, -37.8208], [144.9339, -37.8151], [144.9347, -37.8119], [144.935, -37.8094], [144.9379, -37.81], [144.9429, -37.8124], [144.9453, -37.8121], [144.946, -37.8116]]]}, "properties": {"SA2_CODE21": "206041127", "Area": "West Melbourne \u2013 Industrial", "% dwellings within 400m of any bus service": 0.805556, "% dwellings with 800m of a high quality bus service": 0.555556, "dwellings_2025": 0, "population_2025": 0, "SEIFA_Score": null, "SEIFA_Decile": null, "% dwellings within 400m of any public transport service": 0.805556, "% dwellings with 800m of a high quality public transport service": 0.583333, "Binned_any_bus_service_400m_dwellings_percent": 0.8, "Categorical_any_bus_service_400m_dwellings_percent": "80\u201390%", "Binned_high_quality_bus_service_800m_dwellings_percent": 0.5, "Categorical_high_quality_bus_service_800m_dwellings_percent": "50\u201360%", "Binned_any_public_transport_400m_dwellings_percent": 0.8, "Categorical_any_public_transport_400m_dwellings_percent": "80\u201390%", "Binned_high_quality_public_transport_800m_dwellings_percent": 0.5, "Categorical_high_quality_public_transport_800m_dwellings_percent": "50\u201360%", "area_km2": 6.1992}}, {"type": "Feature", "geometry": {"type": "Polygon", "coordinates": [[[144.9659, -37.807], [144.9657, -37.8077], [144.9672, -37.8108], [144.9623, -37.8123], [144.965, -37.8182], [144.9674, -37.8174], [144.9749, -37.8153], [144.9714, -37.8077], [144.9713, -37.8075], [144.9659, -37.807]]]}, "properties": {"SA2_CODE21": "206041503", "Area": "Melbourne CBD \u2013 East", "% dwellings within 400m of any bus service": 0.964286, "% dwellings with 800m of a high quality bus service": 0.617411, "dwellings_2025": 7803, "population_2025": 10792, "SEIFA_Score": 1079, "SEIFA_Decile": 9, "% dwellings within 400m of any public transport service": 1, "% dwellings with 800m of a high quality public transport service": 1, "Binned_any_bus_service_400m_dwellings_percent": 0.9, "Categorical_any_bus_service_400m_dwellings_percent": "90\u2013100%", "Binned_high_quality_bus_service_800m_dwellings_percent": 0.6, "Categorical_high_quality_bus_service_800m_dwellings_percent": "60\u201370%", "Binned_any_public_transport_400m_dwellings_percent": 1, "Categorical_any_public_transport_400m_dwellings_percent": "90\u2013100%", "Binned_high_quality_public_transport_800m_dwellings_percent": 1, "Categorical_high_quality_public_transport_800m_dwellings_percent": "90\u2013100%", "area_km2": 0.802}}, {"type": "Feature", "geometry": {"type": "Polygon", "coordinates": [[[144.9595, -37.8063], [144.956, -37.8059], [144.9554, -37.8095], [144.9565, -37.8117], [144.9589, -37.811], [144.9598, -37.813], [144.9623, -37.8123], [144.9672, -37.8108], [144.9657, -37.8077], [144.9659, -37.807], [144.9595, -37.8063]]]}, "properties": {"SA2_CODE21": "206041504", "Area": "Melbourne CBD \u2013 North", "% dwellings within 400m of any bus service": 1, "% dwellings with 800m of a high quality bus service": 0.787282, "dwellings_2025": 15598, "population_2025": 23101, "SEIFA_Score": 1051, "SEIFA_Decile": 8, "% dwellings within 400m of any public transport service": 1, "% dwellings with 800m of a high quality public transport service": 1, "Binned_any_bus_service_400m_dwellings_percent": 1, "Categorical_any_bus_service_400m_dwellings_percent": "90\u2013100%", "Binned_high_quality_bus_service_800m_dwellings_percent": 0.7, "Categorical_high_quality_bus_service_800m_dwellings_percent": "70\u201380%", "Binned_any_public_transport_400m_dwellings_percent": 1, "Categorical_any_public_transport_400m_dwellings_percent": "90\u2013100%", "Binned_high_quality_public_transport_800m_dwellings_percent": 1, "Categorical_high_quality_public_transport_800m_dwellings_percent": "90\u2013100%", "area_km2": 0.5616}}, {"type": "Feature", "geometry": {"type": "Polygon", "coordinates": [[[144.956, -37.823], [144.9606, -37.8207], [144.9644, -37.8198], [144.9683, -37.8192], [144.9674, -37.8174], [144.965, -37.8182], [144.9623, -37.8123], [144.9598, -37.813], [144.9589, -37.811], [144.9565, -37.8117], [144.9514, -37.8132], [144.956, -37.823]]]}, "properties": {"SA2_CODE21": "206041505", "Area": "Melbourne CBD \u2013 West", "% dwellings within 400m of any bus service": 1, "% dwellings with 800m of a high quality bus service": 0.946317, "dwellings_2025": 16163, "population_2025": 22054, "SEIFA_Score": 1073, "SEIFA_Decile": 8, "% dwellings within 400m of any public transport service": 1, "% dwellings with 800m of a high quality public transport service": 1, "Binned_any_bus_service_400m_dwellings_percent": 1, "Categorical_any_bus_service_400m_dwellings_percent": "90\u2013100%", "Binned_high_quality_bus_service_800m_dwellings_percent": 0.9, "Categorical_high_quality_bus_service_800m_dwellings_percent": "90\u2013100%", "Binned_any_public_transport_400m_dwellings_percent": 1, "Categorical_any_public_transport_400m_dwellings_percent": "90\u2013100%", "Binned_high_quality_public_transport_800m_dwellings_percent": 1, "Categorical_high_quality_public_transport_800m_dwellings_percent": "90\u2013100%", "area_km2": 1.0051}}, {"type": "Feature", "geometry": {"type": "Polygon", "coordinates": [[[144.9378, -37.7889], [144.9366, -37.7906], [144.9357, -37.7951], [144.9364, -37.7987], [144.9358, -37.8], [144.9363, -37.8017], [144.9359, -37.8023], [144.9379, -37.8031], [144.941, -37.8054], [144.9426, -37.8073], [144.9432, -37.8045], [144.956, -37.8059], [144.9595, -37.8063], [144.9573, -37.8015], [144.9566, -37.8009], [144.9409, -37.7884], [144.9404, -37.7876], [144.9378, -37.7889]]]}, "properties": {"SA2_CODE21": "206041506", "Area": "North Melbourne", "% dwellings within 400m of any bus service": 0.995951, "% dwellings with 800m of a high quality bus service": 0.607287, "dwellings_2025": 9867, "population_2025": 16960, "SEIFA_Score": 1056, "SEIFA_Decile": 8, "% dwellings within 400m of any public transport service": 1, "% dwellings with 800m of a high quality public transport service": 0.955466, "Binned_any_bus_service_400m_dwellings_percent": 0.9, "Categorical_any_bus_service_400m_dwellings_percent": "90\u2013100%", "Binned_high_quality_bus_service_800m_dwellings_percent": 0.6, "Categorical_high_quality_bus_service_800m_dwellings_percent": "60\u201370%", "Binned_any_public_transport_400m_dwellings_percent": 1, "Categorical_any_public_transport_400m_dwellings_percent": "90\u2013100%", "Binned_high_quality_public_transport_800m_dwellings_percent": 0.9, "Categorical_high_quality_public_transport_800m_dwellings_percent": "90\u2013100%", "area_km2": 2.4248}}, {"type": "Feature", "geometry": {"type": "Polygon", "coordinates": [[[144.9684, -37.8196], [144.9689, -37.8207], [144.9709, -37.8251], [144.9714, -37.8267], [144.9713, -37.8299], [144.9718, -37.8323], [144.9723, -37.8328], [144.9837, -37.8343], [144.9849, -37.8283], [144.9858, -37.8288], [144.9879, -37.8306], [144.9879, -37.8297], [144.9865, -37.8283], [144.9849, -37.8276], [144.9811, -37.8268], [144.9793, -37.8255], [144.9774, -37.8233], [144.9766, -37.8232], [144.9747, -37.8209], [144.9731, -37.8198], [144.9716, -37.8194], [144.9684, -37.8196]]]}, "properties": {"SA2_CODE21": "206041507", "Area": "Royal Botanic Gardens Victoria", "% dwellings within 400m of any bus service": 0.875, "% dwellings with 800m of a high quality bus service": 0.125, "dwellings_2025": 0, "population_2025": 0, "SEIFA_Score": null, "SEIFA_Decile": null, "% dwellings within 400m of any public transport service": 1, "% dwellings with 800m of a high quality public transport service": 0.125, "Binned_any_bus_service_400m_dwellings_percent": 0.8, "Categorical_any_bus_service_400m_dwellings_percent": "80\u201390%", "Binned_high_quality_bus_service_800m_dwellings_percent": 0.1, "Categorical_high_quality_bus_service_800m_dwellings_percent": "10\u201320%", "Binned_any_public_transport_400m_dwellings_percent": 1, "Categorical_any_public_transport_400m_dwellings_percent": "90\u2013100%", "Binned_high_quality_public_transport_800m_dwellings_percent": 0.1, "Categorical_high_quality_public_transport_800m_dwellings_percent": "10\u201320%", "area_km2": 1.3511}}, {"type": "Feature", "geometry": {"type": "Polygon", "coordinates": [[[144.9425, -37.8242], [144.9414, -37.8258], [144.943, -37.826], [144.9525, -37.8275], [144.9572, -37.8284], [144.9637, -37.8229], [144.9677, -37.821], [144.9689, -37.8207], [144.9684, -37.8196], [144.9683, -37.8192], [144.9644, -37.8198], [144.9606, -37.8207], [144.956, -37.823], [144.9533, -37.8237], [144.9479, -37.8234], [144.948, -37.8252], [144.9438, -37.825], [144.9425, -37.8242]]]}, "properties": {"SA2_CODE21": "206041508", "Area": "Southbank (West) \u2013 South Wharf", "% dwellings within 400m of any bus service": 1, "% dwellings with 800m of a high quality bus service": 0.630568, "dwellings_2025": 6056, "population_2025": 8836, "SEIFA_Score": 1112, "SEIFA_Decile": 10, "% dwellings within 400m of any public transport service": 1, "% dwellings with 800m of a high quality public transport service": 0.790393, "Binned_any_bus_service_400m_dwellings_percent": 1, "Categorical_any_bus_service_400m_dwellings_percent": "90\u2013100%", "Binned_high_quality_bus_service_800m_dwellings_percent": 0.6, "Categorical_high_quality_bus_service_800m_dwellings_percent": "60\u201370%", "Binned_any_public_transport_400m_dwellings_percent": 1, "Categorical_any_public_transport_400m_dwellings_percent": "90\u2013100%", "Binned_high_quality_public_transport_800m_dwellings_percent": 0.7, "Categorical_high_quality_public_transport_800m_dwellings_percent": "70\u201380%", "area_km2": 0.8496}}, {"type": "Feature", "geometry": {"type": "Polygon", "coordinates": [[[144.9689, -37.8207], [144.9677, -37.821], [144.9637, -37.8229], [144.9572, -37.8284], [144.9599, -37.8284], [144.9616, -37.8281], [144.9632, -37.8288], [144.9659, -37.8315], [144.9713, -37.8299], [144.9714, -37.8267], [144.9709, -37.8251], [144.9689, -37.8207]]]}, "properties": {"SA2_CODE21": "206041509", "Area": "Southbank \u2013 East", "% dwellings within 400m of any bus service": 0.944347, "% dwellings with 800m of a high quality bus service": 0.304865, "dwellings_2025": 14091, "population_2025": 20150, "SEIFA_Score": 1104, "SEIFA_Decile": 9, "% dwellings within 400m of any public transport service": 1, "% dwellings with 800m of a high quality public transport service": 0.656633, "Binned_any_bus_service_400m_dwellings_percent": 0.9, "Categorical_any_bus_service_400m_dwellings_percent": "90\u2013100%", "Binned_high_quality_bus_service_800m_dwellings_percent": 0.3, "Categorical_high_quality_bus_service_800m_dwellings_percent": "30\u201340%", "Binned_any_public_transport_400m_dwellings_percent": 1, "Categorical_any_public_transport_400m_dwellings_percent": "90\u2013100%", "Binned_high_quality_public_transport_800m_dwellings_percent": 0.6, "Categorical_high_quality_public_transport_800m_dwellings_percent": "60\u201370%", "area_km2": 0.804}}, {"type": "Feature", "geometry": {"type": "Polygon", "coordinates": [[[144.9514, -37.8132], [144.9565, -37.8117], [144.9554, -37.8095], [144.956, -37.8059], [144.9432, -37.8045], [144.9426, -37.8073], [144.946, -37.8116], [144.9478, -37.8109], [144.9481, -37.8115], [144.9503, -37.8135], [144.9514, -37.8132]]]}, "properties": {"SA2_CODE21": "206041510", "Area": "West Melbourne \u2013 Residential", "% dwellings within 400m of any bus service": 1, "% dwellings with 800m of a high quality bus service": 0.969841, "dwellings_2025": 5723, "population_2025": 9618, "SEIFA_Score": 1099, "SEIFA_Decile": 9, "% dwellings within 400m of any public transport service": 1, "% dwellings with 800m of a high quality public transport service": 0.988889, "Binned_any_bus_service_400m_dwellings_percent": 1, "Categorical_any_bus_service_400m_dwellings_percent": "90\u2013100%", "Binned_high_quality_bus_service_800m_dwellings_percent": 0.9, "Categorical_high_quality_bus_service_800m_dwellings_percent": "90\u2013100%", "Binned_any_public_transport_400m_dwellings_percent": 1, "Categorical_any_public_transport_400m_dwellings_percent": "90\u2013100%", "Binned_high_quality_public_transport_800m_dwellings_percent": 0.9, "Categorical_high_quality_public_transport_800m_dwellings_percent": "90\u2013100%", "area_km2": 0.8247}}, {"type": "Feature", "geometry": {"type": "Polygon", "coordinates": [[[144.9723, -37.8328], [144.9718, -37.8323], [144.9717, -37.8342], [144.9704, -37.8359], [144.9679, -37.8373], [144.9649, -37.8384], [144.9612, -37.8405], [144.9592, -37.8422], [144.9569, -37.8372], [144.9525, -37.8385], [144.9519, -37.8399], [144.9471, -37.8413], [144.9465, -37.841], [144.9456, -37.843], [144.9427, -37.8461], [144.9445, -37.8468], [144.9492, -37.8489], [144.9529, -37.8505], [144.9583, -37.853], [144.9638, -37.8558], [144.9657, -37.8575], [144.9683, -37.8544], [144.9743, -37.8522], [144.9754, -37.8537], [144.9761, -37.8539], [144.9791, -37.8527], [144.9784, -37.8507], [144.9806, -37.8502], [144.9755, -37.8362], [144.9742, -37.8343], [144.9723, -37.8328]]]}, "properties": {"SA2_CODE21": "206051128", "Area": "Albert Park", "% dwellings within 400m of any bus service": 0.997051, "% dwellings with 800m of a high quality bus service": 0.329402, "dwellings_2025": 9630, "population_2025": 16833, "SEIFA_Score": 1132, "SEIFA_Decile": 10, "% dwellings within 400m of any public transport service": 1, "% dwellings with 800m of a high quality public transport service": 0.949031, "Binned_any_bus_service_400m_dwellings_percent": 0.9, "Categorical_any_bus_service_400m_dwellings_percent": "90\u2013100%", "Binned_high_quality_bus_service_800m_dwellings_percent": 0.3, "Categorical_high_quality_bus_service_800m_dwellings_percent": "30\u201340%", "Binned_any_public_transport_400m_dwellings_percent": 1, "Categorical_any_public_transport_400m_dwellings_percent": "90\u2013100%", "Binned_high_quality_public_transport_800m_dwellings_percent": 0.9, "Categorical_high_quality_public_transport_800m_dwellings_percent": "90\u2013100%", "area_km2": 4.6747}}, {"type": "Feature", "geometry": {"type": "Polygon", "coordinates": [[[144.9745, -37.8763], [144.9757, -37.8788], [144.9759, -37.8814], [144.9756, -37.8819], [144.9768, -37.8831], [144.9797, -37.8852], [144.9828, -37.8882], [144.985, -37.891], [144.9907, -37.8917], [144.9923, -37.8833], [144.997, -37.8838], [144.9968, -37.8835], [144.9888, -37.8707], [144.9799, -37.8742], [144.9745, -37.8763]]]}, "properties": {"SA2_CODE21": "206051129", "Area": "Elwood", "% dwellings within 400m of any bus service": 0.999005, "% dwellings with 800m of a high quality bus service": 0.40796, "dwellings_2025": 9148, "population_2025": 15580, "SEIFA_Score": 1117, "SEIFA_Decile": 10, "% dwellings within 400m of any public transport service": 0.999005, "% dwellings with 800m of a high quality public transport service": 0.581592, "Binned_any_bus_service_400m_dwellings_percent": 0.9, "Categorical_any_bus_service_400m_dwellings_percent": "90\u2013100%", "Binned_high_quality_bus_service_800m_dwellings_percent": 0.4, "Categorical_high_quality_bus_service_800m_dwellings_percent": "40\u201350%", "Binned_any_public_transport_400m_dwellings_percent": 0.9, "Categorical_any_public_transport_400m_dwellings_percent": "90\u2013100%", "Binned_high_quality_public_transport_800m_dwellings_percent": 0.5, "Categorical_high_quality_public_transport_800m_dwellings_percent": "50\u201360%", "area_km2": 2.553}}, {"type": "Feature", "geometry": {"type": "Polygon", "coordinates": [[[144.9465, -37.841], [144.9498, -37.8341], [144.9497, -37.834], [144.9457, -37.8306], [144.9442, -37.8313], [144.9149, -37.8369], [144.9154, -37.8386], [144.9152, -37.8395], [144.9125, -37.841], [144.9133, -37.8421], [144.9152, -37.8408], [144.9185, -37.8397], [144.9234, -37.8397], [144.9243, -37.8402], [144.9269, -37.84], [144.9252, -37.845], [144.9259, -37.8451], [144.9272, -37.8413], [144.9293, -37.8416], [144.9313, -37.843], [144.9298, -37.8473], [144.9306, -37.8472], [144.9319, -37.8433], [144.9334, -37.8438], [144.934, -37.8422], [144.9356, -37.8425], [144.9391, -37.8444], [144.9399, -37.8452], [144.9427, -37.8461], [144.9456, -37.843], [144.9465, -37.841]]]}, "properties": {"SA2_CODE21": "206051130", "Area": "Port Melbourne", "% dwellings within 400m of any bus service": 1, "% dwellings with 800m of a high quality bus service": 0.573379, "dwellings_2025": 9240, "population_2025": 16911, "SEIFA_Score": 1108, "SEIFA_Decile": 9, "% dwellings within 400m of any public transport service": 1, "% dwellings with 800m of a high quality public transport service": 0.652852, "Binned_any_bus_service_400m_dwellings_percent": 1, "Categorical_any_bus_service_400m_dwellings_percent": "90\u2013100%", "Binned_high_quality_bus_service_800m_dwellings_percent": 0.5, "Categorical_high_quality_bus_service_800m_dwellings_percent": "50\u201360%", "Binned_any_public_transport_400m_dwellings_percent": 1, "Categorical_any_public_transport_400m_dwellings_percent": "90\u2013100%", "Binned_high_quality_public_transport_800m_dwellings_percent": 0.6, "Categorical_high_quality_public_transport_800m_dwellings_percent": "60\u201370%", "area_km2": 2.7894}}, {"type": "Feature", "geometry": {"type": "Polygon", "coordinates": [[[144.9968, -37.8835], [144.998, -37.8769], [145, -37.8664], [145.0092, -37.8676], [145.0105, -37.8602], [144.9933, -37.8579], [144.9926, -37.8616], [144.9916, -37.8615], [144.99, -37.8703], [144.9888, -37.8707], [144.9968, -37.8835]]]}, "properties": {"SA2_CODE21": "206051134", "Area": "St Kilda East", "% dwellings within 400m of any bus service": 0.967053, "% dwellings with 800m of a high quality bus service": 0.498376, "dwellings_2025": 9593, "population_2025": 16508, "SEIFA_Score": 1101, "SEIFA_Decile": 9, "% dwellings within 400m of any public transport service": 1, "% dwellings with 800m of a high quality public transport service": 0.832483, "Binned_any_bus_service_400m_dwellings_percent": 0.9, "Categorical_any_bus_service_400m_dwellings_percent": "90\u2013100%", "Binned_high_quality_bus_service_800m_dwellings_percent": 0.4, "Categorical_high_quality_bus_service_800m_dwellings_percent": "40\u201350%", "Binned_any_public_transport_400m_dwellings_percent": 1, "Categorical_any_public_transport_400m_dwellings_percent": "90\u2013100%", "Binned_high_quality_public_transport_800m_dwellings_percent": 0.8, "Categorical_high_quality_public_transport_800m_dwellings_percent": "80\u201390%", "area_km2": 2.4135}}, {"type": "Feature", "geometry": {"type": "Polygon", "coordinates": [[[144.9318, -37.8208], [144.9248, -37.82], [144.9198, -37.82], [144.9129, -37.821], [144.9105, -37.8218], [144.907, -37.8233], [144.9056, -37.8229], [144.9042, -37.8242], [144.9017, -37.8261], [144.8989, -37.8289], [144.8974, -37.8314], [144.8972, -37.8326], [144.8972, -37.8383], [144.8984, -37.8412], [144.8992, -37.8404], [144.9003, -37.8424], [144.9021, -37.8444], [144.9069, -37.8492], [144.9072, -37.8484], [144.9049, -37.8445], [144.903, -37.8395], [144.905, -37.839], [144.9065, -37.8394], [144.9067, -37.842], [144.9083, -37.8445], [144.9088, -37.8449], [144.9125, -37.8498], [144.9173, -37.8475], [144.9133, -37.8421], [144.9125, -37.841], [144.9152, -37.8395], [144.9154, -37.8386], [144.9149, -37.8369], [144.9442, -37.8313], [144.9457, -37.8306], [144.9497, -37.834], [144.9519, -37.8329], [144.9572, -37.8284], [144.9525, -37.8275], [144.943, -37.826], [144.9414, -37.8258], [144.9425, -37.8242], [144.942, -37.824], [144.9315, -37.8218], [144.9318, -37.8208]]]}, "properties": {"SA2_CODE21": "206051511", "Area": "Port Melbourne Industrial", "% dwellings within 400m of any bus service": 0.98821, "% dwellings with 800m of a high quality bus service": 0.625938, "dwellings_2025": 4543, "population_2025": 10138, "SEIFA_Score": 1141, "SEIFA_Decile": 10, "% dwellings within 400m of any public transport service": 0.98821, "% dwellings with 800m of a high quality public transport service": 0.807074, "Binned_any_bus_service_400m_dwellings_percent": 0.9, "Categorical_any_bus_service_400m_dwellings_percent": "90\u2013100%", "Binned_high_quality_bus_service_800m_dwellings_percent": 0.6, "Categorical_high_quality_bus_service_800m_dwellings_percent": "60\u201370%", "Binned_any_public_transport_400m_dwellings_percent": 0.9, "Categorical_any_public_transport_400m_dwellings_percent": "90\u2013100%", "Binned_high_quality_public_transport_800m_dwellings_percent": 0.8, "Categorical_high_quality_public_transport_800m_dwellings_percent": "80\u201390%", "area_km2": 7.6426}}, {"type": "Feature", "geometry": {"type": "Polygon", "coordinates": [[[144.9713, -37.8299], [144.9659, -37.8315], [144.9632, -37.8288], [144.9616, -37.8281], [144.9599, -37.8284], [144.9572, -37.8284], [144.9519, -37.8329], [144.9497, -37.834], [144.9498, -37.8341], [144.9465, -37.841], [144.9471, -37.8413], [144.9519, -37.8399], [144.9525, -37.8385], [144.9569, -37.8372], [144.9592, -37.8422], [144.9612, -37.8405], [144.9649, -37.8384], [144.9679, -37.8373], [144.9704, -37.8359], [144.9717, -37.8342], [144.9718, -37.8323], [144.9713, -37.8299]]]}, "properties": {"SA2_CODE21": "206051512", "Area": "South Melbourne", "% dwellings within 400m of any bus service": 0.849248, "% dwellings with 800m of a high quality bus service": 0.292219, "dwellings_2025": 7952, "population_2025": 12864, "SEIFA_Score": 1094, "SEIFA_Decile": 9, "% dwellings within 400m of any public transport service": 1, "% dwellings with 800m of a high quality public transport service": 0.851017, "Binned_any_bus_service_400m_dwellings_percent": 0.8, "Categorical_any_bus_service_400m_dwellings_percent": "80\u201390%", "Binned_high_quality_bus_service_800m_dwellings_percent": 0.2, "Categorical_high_quality_bus_service_800m_dwellings_percent": "20\u201330%", "Binned_any_public_transport_400m_dwellings_percent": 1, "Categorical_any_public_transport_400m_dwellings_percent": "90\u2013100%", "Binned_high_quality_public_transport_800m_dwellings_percent": 0.8, "Categorical_high_quality_public_transport_800m_dwellings_percent": "80\u201390%", "area_km2": 1.8897}}, {"type": "Feature", "geometry": {"type": "Polygon", "coordinates": [[[144.9888, -37.8707], [144.99, -37.8703], [144.9916, -37.8615], [144.9926, -37.8616], [144.9933, -37.8579], [144.9897, -37.8565], [144.9833, -37.8556], [144.9829, -37.8565], [144.9804, -37.858], [144.9825, -37.8602], [144.9799, -37.8742], [144.9888, -37.8707]]]}, "properties": {"SA2_CODE21": "206051513", "Area": "St Kilda \u2013 Central", "% dwellings within 400m of any bus service": 0.920215, "% dwellings with 800m of a high quality bus service": 0.499266, "dwellings_2025": 9097, "population_2025": 13065, "SEIFA_Score": 1083, "SEIFA_Decile": 9, "% dwellings within 400m of any public transport service": 1, "% dwellings with 800m of a high quality public transport service": 0.947137, "Binned_any_bus_service_400m_dwellings_percent": 0.9, "Categorical_any_bus_service_400m_dwellings_percent": "90\u2013100%", "Binned_high_quality_bus_service_800m_dwellings_percent": 0.4, "Categorical_high_quality_bus_service_800m_dwellings_percent": "40\u201350%", "Binned_any_public_transport_400m_dwellings_percent": 1, "Categorical_any_public_transport_400m_dwellings_percent": "90\u2013100%", "Binned_high_quality_public_transport_800m_dwellings_percent": 0.9, "Categorical_high_quality_public_transport_800m_dwellings_percent": "90\u2013100%", "area_km2": 1.5375}}, {"type": "Feature", "geometry": {"type": "Polygon", "coordinates": [[[144.9806, -37.8502], [144.9784, -37.8507], [144.9791, -37.8527], [144.9761, -37.8539], [144.9754, -37.8537], [144.9743, -37.8522], [144.9683, -37.8544], [144.9657, -37.8575], [144.9678, -37.8594], [144.9703, -37.8608], [144.9711, -37.8632], [144.9709, -37.8643], [144.9697, -37.8646], [144.9735, -37.8676], [144.9754, -37.8698], [144.9755, -37.8716], [144.9733, -37.8725], [144.9743, -37.8735], [144.9745, -37.8763], [144.9799, -37.8742], [144.9825, -37.8602], [144.9804, -37.858], [144.9829, -37.8565], [144.9833, -37.8556], [144.9842, -37.8507], [144.9806, -37.8502]]]}, "properties": {"SA2_CODE21": "206051514", "Area": "St Kilda \u2013 West", "% dwellings within 400m of any bus service": 0.999598, "% dwellings with 800m of a high quality bus service": 0.325422, "dwellings_2025": 10037, "population_2025": 15032, "SEIFA_Score": 1091, "SEIFA_Decile": 9, "% dwellings within 400m of any public transport service": 0.999598, "% dwellings with 800m of a high quality public transport service": 0.902253, "Binned_any_bus_service_400m_dwellings_percent": 0.9, "Categorical_any_bus_service_400m_dwellings_percent": "90\u2013100%", "Binned_high_quality_bus_service_800m_dwellings_percent": 0.3, "Categorical_high_quality_bus_service_800m_dwellings_percent": "30\u201340%", "Binned_any_public_transport_400m_dwellings_percent": 0.9, "Categorical_any_public_transport_400m_dwellings_percent": "90\u2013100%", "Binned_high_quality_public_transport_800m_dwellings_percent": 0.9, "Categorical_high_quality_public_transport_800m_dwellings_percent": "90\u2013100%", "area_km2": 2.3637}}, {"type": "Feature", "geometry": {"type": "Polygon", "coordinates": [[[145.0123, -37.8493], [145.0115, -37.8547], [145.0105, -37.8602], [145.0151, -37.8608], [145.0277, -37.8663], [145.0301, -37.8516], [145.0123, -37.8493]]]}, "properties": {"SA2_CODE21": "206061135", "Area": "Armadale", "% dwellings within 400m of any bus service": 0.917329, "% dwellings with 800m of a high quality bus service": 0.162957, "dwellings_2025": 5643, "population_2025": 9964, "SEIFA_Score": 1130, "SEIFA_Decile": 10, "% dwellings within 400m of any public transport service": 1, "% dwellings with 800m of a high quality public transport service": 0.979332, "Binned_any_bus_service_400m_dwellings_percent": 0.9, "Categorical_any_bus_service_400m_dwellings_percent": "90\u2013100%", "Binned_high_quality_bus_service_800m_dwellings_percent": 0.1, "Categorical_high_quality_bus_service_800m_dwellings_percent": "10\u201320%", "Binned_any_public_transport_400m_dwellings_percent": 1, "Categorical_any_public_transport_400m_dwellings_percent": "90\u2013100%", "Binned_high_quality_public_transport_800m_dwellings_percent": 0.9, "Categorical_high_quality_public_transport_800m_dwellings_percent": "90\u2013100%", "area_km2": 2.1835}}, {"type": "Feature", "geometry": {"type": "Polygon", "coordinates": [[[144.9842, -37.8507], [144.9833, -37.8556], [144.9897, -37.8565], [144.9933, -37.8579], [145.0105, -37.8602], [145.0115, -37.8547], [145.0123, -37.8493], [145.0032, -37.8481], [144.985, -37.8457], [144.9842, -37.8507]]]}, "properties": {"SA2_CODE21": "206061136", "Area": "Prahran \u2013 Windsor", "% dwellings within 400m of any bus service": 0.947331, "% dwellings with 800m of a high quality bus service": 0.537921, "dwellings_2025": 12884, "population_2025": 21697, "SEIFA_Score": 1123, "SEIFA_Decile": 10, "% dwellings within 400m of any public transport service": 1, "% dwellings with 800m of a high quality public transport service": 0.992275, "Binned_any_bus_service_400m_dwellings_percent": 0.9, "Categorical_any_bus_service_400m_dwellings_percent": "90\u2013100%", "Binned_high_quality_bus_service_800m_dwellings_percent": 0.5, "Categorical_high_quality_bus_service_800m_dwellings_percent": "50\u201360%", "Binned_any_public_transport_400m_dwellings_percent": 1, "Categorical_any_public_transport_400m_dwellings_percent": "90\u2013100%", "Binned_high_quality_public_transport_800m_dwellings_percent": 0.9, "Categorical_high_quality_public_transport_800m_dwellings_percent": "90\u2013100%", "area_km2": 2.9053}}, {"type": "Feature", "geometry": {"type": "Polygon", "coordinates": [[[145.0301, -37.8516], [145.0315, -37.8438], [145.0311, -37.8436], [145.0318, -37.8398], [145.0323, -37.8398], [145.0327, -37.8373], [145.0308, -37.8377], [145.0284, -37.8378], [145.0267, -37.8365], [145.0246, -37.8345], [145.0229, -37.8342], [145.0222, -37.8327], [145.0192, -37.8316], [145.0167, -37.8322], [145.0144, -37.8309], [145.0129, -37.8305], [145.0107, -37.8317], [145.0105, -37.8329], [145.0096, -37.8335], [145.0077, -37.8319], [145.0064, -37.8316], [145.0047, -37.8406], [145.0032, -37.8481], [145.0123, -37.8493], [145.0301, -37.8516]]]}, "properties": {"SA2_CODE21": "206061138", "Area": "Toorak", "% dwellings within 400m of any bus service": 0.757748, "% dwellings with 800m of a high quality bus service": 0.309298, "dwellings_2025": 7423, "population_2025": 13566, "SEIFA_Score": 1150, "SEIFA_Decile": 10, "% dwellings within 400m of any public transport service": 0.994307, "% dwellings with 800m of a high quality public transport service": 0.763441, "Binned_any_bus_service_400m_dwellings_percent": 0.7, "Categorical_any_bus_service_400m_dwellings_percent": "70\u201380%", "Binned_high_quality_bus_service_800m_dwellings_percent": 0.3, "Categorical_high_quality_bus_service_800m_dwellings_percent": "30\u201340%", "Binned_any_public_transport_400m_dwellings_percent": 0.9, "Categorical_any_public_transport_400m_dwellings_percent": "90\u2013100%", "Binned_high_quality_public_transport_800m_dwellings_percent": 0.7, "Categorical_high_quality_public_transport_800m_dwellings_percent": "70\u201380%", "area_km2": 4.3233}}, {"type": "Feature", "geometry": {"type": "Polygon", "coordinates": [[[144.9879, -37.8297], [144.9879, -37.8306], [144.9879, -37.8314], [144.9865, -37.8383], [144.9956, -37.8395], [145.0047, -37.8406], [145.0064, -37.8316], [145.0046, -37.8312], [145.0038, -37.8318], [145.0042, -37.8342], [145.003, -37.8344], [145.0011, -37.8335], [144.9967, -37.8343], [144.9944, -37.8336], [144.9909, -37.8329], [144.9896, -37.8312], [144.9879, -37.8296], [144.9879, -37.8297]]]}, "properties": {"SA2_CODE21": "206061515", "Area": "South Yarra \u2013 North", "% dwellings within 400m of any bus service": 0.961592, "% dwellings with 800m of a high quality bus service": 0.110597, "dwellings_2025": 9456, "population_2025": 13490, "SEIFA_Score": 1142, "SEIFA_Decile": 10, "% dwellings within 400m of any public transport service": 1, "% dwellings with 800m of a high quality public transport service": 0.890329, "Binned_any_bus_service_400m_dwellings_percent": 0.9, "Categorical_any_bus_service_400m_dwellings_percent": "90\u2013100%", "Binned_high_quality_bus_service_800m_dwellings_percent": 0.1, "Categorical_high_quality_bus_service_800m_dwellings_percent": "10\u201320%", "Binned_any_public_transport_400m_dwellings_percent": 1, "Categorical_any_public_transport_400m_dwellings_percent": "90\u2013100%", "Binned_high_quality_public_transport_800m_dwellings_percent": 0.8, "Categorical_high_quality_public_transport_800m_dwellings_percent": "80\u201390%", "area_km2": 1.1696}}, {"type": "Feature", "geometry": {"type": "Polygon", "coordinates": [[[144.985, -37.8457], [145.0032, -37.8481], [145.0047, -37.8406], [144.9956, -37.8395], [144.9865, -37.8383], [144.985, -37.8457]]]}, "properties": {"SA2_CODE21": "206061516", "Area": "South Yarra \u2013 South", "% dwellings within 400m of any bus service": 0.977762, "% dwellings with 800m of a high quality bus service": 0.545518, "dwellings_2025": 6841, "population_2025": 11380, "SEIFA_Score": 1094, "SEIFA_Decile": 9, "% dwellings within 400m of any public transport service": 1, "% dwellings with 800m of a high quality public transport service": 0.968728, "Binned_any_bus_service_400m_dwellings_percent": 0.9, "Categorical_any_bus_service_400m_dwellings_percent": "90\u2013100%", "Binned_high_quality_bus_service_800m_dwellings_percent": 0.5, "Categorical_high_quality_bus_service_800m_dwellings_percent": "50\u201360%", "Binned_any_public_transport_400m_dwellings_percent": 1, "Categorical_any_public_transport_400m_dwellings_percent": "90\u2013100%", "Binned_high_quality_public_transport_800m_dwellings_percent": 0.9, "Categorical_high_quality_public_transport_800m_dwellings_percent": "90\u2013100%", "area_km2": 1.3475}}, {"type": "Feature", "geometry": {"type": "Polygon", "coordinates": [[[144.9936, -37.796], [144.9914, -37.8097], [144.9929, -37.8097], [145.0097, -37.8114], [145.013, -37.8117], [145.0154, -37.8121], [145.0158, -37.8107], [145.0095, -37.8105], [145.009, -37.808], [145.0073, -37.8072], [145.0008, -37.8072], [144.9994, -37.8056], [145.0003, -37.8042], [145.0016, -37.8042], [145.0044, -37.8053], [145.0056, -37.8051], [145.0076, -37.8041], [145.0076, -37.8033], [145.0027, -37.7997], [145, -37.7983], [144.9995, -37.797], [145.0014, -37.7972], [145.002, -37.7966], [145.0008, -37.796], [144.9976, -37.7964], [144.9936, -37.796]]]}, "properties": {"SA2_CODE21": "206071139", "Area": "Abbotsford", "% dwellings within 400m of any bus service": 0.516608, "% dwellings with 800m of a high quality bus service": 0.337102, "dwellings_2025": 6249, "population_2025": 10519, "SEIFA_Score": 1127, "SEIFA_Decile": 10, "% dwellings within 400m of any public transport service": 1, "% dwellings with 800m of a high quality public transport service": 0.920141, "Binned_any_bus_service_400m_dwellings_percent": 0.5, "Categorical_any_bus_service_400m_dwellings_percent": "50\u201360%", "Binned_high_quality_bus_service_800m_dwellings_percent": 0.3, "Categorical_high_quality_bus_service_800m_dwellings_percent": "30\u201340%", "Binned_any_public_transport_400m_dwellings_percent": 1, "Categorical_any_public_transport_400m_dwellings_percent": "90\u2013100%", "Binned_high_quality_public_transport_800m_dwellings_percent": 0.9, "Categorical_high_quality_public_transport_800m_dwellings_percent": "90\u2013100%", "area_km2": 1.7405}}, {"type": "Feature", "geometry": {"type": "Polygon", "coordinates": [[[144.9705, -37.7793], [144.9602, -37.778], [144.9588, -37.7899], [144.9602, -37.7912], [144.9641, -37.7927], [144.9653, -37.7931], [144.9669, -37.7931], [144.9684, -37.7922], [144.9757, -37.793], [144.9781, -37.7802], [144.9705, -37.7793]]]}, "properties": {"SA2_CODE21": "206071140", "Area": "Carlton North \u2013 Princes Hill", "% dwellings within 400m of any bus service": 0.990836, "% dwellings with 800m of a high quality bus service": 0.671249, "dwellings_2025": 4185, "population_2025": 8539, "SEIFA_Score": 1135, "SEIFA_Decile": 10, "% dwellings within 400m of any public transport service": 1, "% dwellings with 800m of a high quality public transport service": 0.896907, "Binned_any_bus_service_400m_dwellings_percent": 0.9, "Categorical_any_bus_service_400m_dwellings_percent": "90\u2013100%", "Binned_high_quality_bus_service_800m_dwellings_percent": 0.6, "Categorical_high_quality_bus_service_800m_dwellings_percent": "60\u201370%", "Binned_any_public_transport_400m_dwellings_percent": 1, "Categorical_any_public_transport_400m_dwellings_percent": "90\u2013100%", "Binned_high_quality_public_transport_800m_dwellings_percent": 0.8, "Categorical_high_quality_public_transport_800m_dwellings_percent": "80\u201390%", "area_km2": 2.3042}}, {"type": "Feature", "geometry": {"type": "Polygon", "coordinates": [[[144.9914, -37.8097], [144.9936, -37.796], [144.9934, -37.7957], [144.9901, -37.7947], [144.9851, -37.7942], [144.9826, -37.8089], [144.9902, -37.8097], [144.9914, -37.8097]]]}, "properties": {"SA2_CODE21": "206071141", "Area": "Collingwood", "% dwellings within 400m of any bus service": 1, "% dwellings with 800m of a high quality bus service": 0.480732, "dwellings_2025": 6368, "population_2025": 10962, "SEIFA_Score": 1045, "SEIFA_Decile": 7, "% dwellings within 400m of any public transport service": 1, "% dwellings with 800m of a high quality public transport service": 0.807969, "Binned_any_bus_service_400m_dwellings_percent": 1, "Categorical_any_bus_service_400m_dwellings_percent": "90\u2013100%", "Binned_high_quality_bus_service_800m_dwellings_percent": 0.4, "Categorical_high_quality_bus_service_800m_dwellings_percent": "40\u201350%", "Binned_any_public_transport_400m_dwellings_percent": 1, "Categorical_any_public_transport_400m_dwellings_percent": "90\u2013100%", "Binned_high_quality_public_transport_800m_dwellings_percent": 0.8, "Categorical_high_quality_public_transport_800m_dwellings_percent": "80\u201390%", "area_km2": 1.2669}}, {"type": "Feature", "geometry": {"type": "Polygon", "coordinates": [[[144.9732, -37.8079], [144.9826, -37.8089], [144.9851, -37.7942], [144.9759, -37.7932], [144.9757, -37.793], [144.9732, -37.8079]]]}, "properties": {"SA2_CODE21": "206071142", "Area": "Fitzroy", "% dwellings within 400m of any bus service": 0.998678, "% dwellings with 800m of a high quality bus service": 0.598149, "dwellings_2025": 6479, "population_2025": 11600, "SEIFA_Score": 1066, "SEIFA_Decile": 8, "% dwellings within 400m of any public transport service": 1, "% dwellings with 800m of a high quality public transport service": 0.998017, "Binned_any_bus_service_400m_dwellings_percent": 0.9, "Categorical_any_bus_service_400m_dwellings_percent": "90\u2013100%", "Binned_high_quality_bus_service_800m_dwellings_percent": 0.5, "Categorical_high_quality_bus_service_800m_dwellings_percent": "50\u201360%", "Binned_any_public_transport_400m_dwellings_percent": 1, "Categorical_any_public_transport_400m_dwellings_percent": "90\u2013100%", "Binned_high_quality_public_transport_800m_dwellings_percent": 0.9, "Categorical_high_quality_public_transport_800m_dwellings_percent": "90\u2013100%", "area_km2": 1.3779}}, {"type": "Feature", "geometry": {"type": "Polygon", "coordinates": [[[144.9781, -37.7802], [144.9757, -37.793], [144.9759, -37.7932], [144.9851, -37.7942], [144.9857, -37.7908], [144.992, -37.7882], [144.9957, -37.787], [144.9956, -37.7847], [144.9942, -37.7835], [144.9921, -37.7826], [144.9917, -37.7801], [144.9901, -37.7796], [144.9897, -37.7779], [144.9888, -37.7769], [144.9887, -37.7753], [144.9869, -37.7744], [144.9792, -37.7735], [144.9781, -37.7802]]]}, "properties": {"SA2_CODE21": "206071143", "Area": "Fitzroy North", "% dwellings within 400m of any bus service": 1, "% dwellings with 800m of a high quality bus service": 0.527678, "dwellings_2025": 7111, "population_2025": 14311, "SEIFA_Score": 1125, "SEIFA_Decile": 10, "% dwellings within 400m of any public transport service": 1, "% dwellings with 800m of a high quality public transport service": 0.908699, "Binned_any_bus_service_400m_dwellings_percent": 1, "Categorical_any_bus_service_400m_dwellings_percent": "90\u2013100%", "Binned_high_quality_bus_service_800m_dwellings_percent": 0.5, "Categorical_high_quality_bus_service_800m_dwellings_percent": "50\u201360%", "Binned_any_public_transport_400m_dwellings_percent": 1, "Categorical_any_public_transport_400m_dwellings_percent": "90\u2013100%", "Binned_high_quality_public_transport_800m_dwellings_percent": 0.9, "Categorical_high_quality_public_transport_800m_dwellings_percent": "90\u2013100%", "area_km2": 2.5051}}, {"type": "Feature", "geometry": {"type": "Polygon", "coordinates": [[[145.0143, -37.7838], [145.0116, -37.7842], [145.0081, -37.7839], [145.0042, -37.7844], [145.0034, -37.7834], [145.0017, -37.7831], [145.0004, -37.7846], [144.999, -37.7854], [144.9975, -37.7856], [144.9956, -37.7847], [144.9957, -37.787], [144.992, -37.7882], [144.9857, -37.7908], [144.9851, -37.7942], [144.9901, -37.7947], [144.9934, -37.7957], [144.9936, -37.796], [144.9976, -37.7964], [145.0008, -37.796], [145.002, -37.7966], [145.0024, -37.796], [145.004, -37.7961], [145.0044, -37.798], [145.0053, -37.7979], [145.0079, -37.7964], [145.0092, -37.7973], [145.0069, -37.7985], [145.0065, -37.8005], [145.0077, -37.8008], [145.0114, -37.799], [145.0134, -37.7993], [145.0148, -37.8001], [145.0157, -37.8026], [145.0173, -37.8033], [145.0193, -37.8036], [145.0207, -37.8032], [145.021, -37.8025], [145.0185, -37.8002], [145.0209, -37.7988], [145.0205, -37.7981], [145.0177, -37.7973], [145.0174, -37.7953], [145.0142, -37.7942], [145.0139, -37.7923], [145.0194, -37.7928], [145.0194, -37.7919], [145.0164, -37.7886], [145.0134, -37.7864], [145.0133, -37.7856], [145.0154, -37.7857], [145.0198, -37.7866], [145.0209, -37.7869], [145.0225, -37.7865], [145.0244, -37.7865], [145.0263, -37.787], [145.0285, -37.7871], [145.0294, -37.7885], [145.0321, -37.7899], [145.0359, -37.7897], [145.0404, -37.7898], [145.0412, -37.7894], [145.0417, -37.7882], [145.0411, -37.787], [145.0419, -37.786], [145.0431, -37.7869], [145.0452, -37.7845], [145.0438, -37.7845], [145.041, -37.7854], [145.0402, -37.7842], [145.0379, -37.7832], [145.037, -37.7815], [145.0381, -37.7813], [145.0386, -37.7793], [145.0366, -37.7795], [145.036, -37.7789], [145.0339, -37.7802], [145.0177, -37.7833], [145.0143, -37.7838]]]}, "properties": {"SA2_CODE21": "206071145", "Area": "Clifton Hill \u2013 Alphington", "% dwellings within 400m of any bus service": 0.986072, "% dwellings with 800m of a high quality bus service": 0.586815, "dwellings_2025": 5553, "population_2025": 12226, "SEIFA_Score": 1143, "SEIFA_Decile": 10, "% dwellings within 400m of any public transport service": 0.986072, "% dwellings with 800m of a high quality public transport service": 0.615599, "Binned_any_bus_service_400m_dwellings_percent": 0.9, "Categorical_any_bus_service_400m_dwellings_percent": "90\u2013100%", "Binned_high_quality_bus_service_800m_dwellings_percent": 0.5, "Categorical_high_quality_bus_service_800m_dwellings_percent": "50\u201360%", "Binned_any_public_transport_400m_dwellings_percent": 0.9, "Categorical_any_public_transport_400m_dwellings_percent": "90\u2013100%", "Binned_high_quality_public_transport_800m_dwellings_percent": 0.6, "Categorical_high_quality_public_transport_800m_dwellings_percent": "60\u201370%", "area_km2": 5.2089}}, {"type": "Feature", "geometry": {"type": "Polygon", "coordinates": [[[144.9879, -37.8296], [144.9896, -37.8312], [144.9909, -37.8329], [144.9944, -37.8336], [144.9967, -37.8343], [145.0011, -37.8335], [145.003, -37.8344], [145.0042, -37.8342], [145.0038, -37.8318], [145.0046, -37.8312], [145.0064, -37.8316], [145.0077, -37.8319], [145.0096, -37.8335], [145.0105, -37.8329], [145.0107, -37.8317], [145.0129, -37.8305], [145.0144, -37.8309], [145.0167, -37.8322], [145.0192, -37.8316], [145.0222, -37.8327], [145.0229, -37.8342], [145.0246, -37.8345], [145.027, -37.8328], [145.0283, -37.831], [145.0268, -37.8299], [145.0232, -37.8281], [145.022, -37.8255], [145.0213, -37.8252], [145.0184, -37.8262], [145.0173, -37.8257], [145.0161, -37.8244], [145.0157, -37.8215], [145.0153, -37.8201], [145.0126, -37.8199], [144.9994, -37.8186], [144.99, -37.8175], [144.9879, -37.8296]]]}, "properties": {"SA2_CODE21": "206071517", "Area": "Richmond (South) \u2013 Cremorne", "% dwellings within 400m of any bus service": 0.618333, "% dwellings with 800m of a high quality bus service": 0.15125, "dwellings_2025": 10438, "population_2025": 19708, "SEIFA_Score": 1158, "SEIFA_Decile": 10, "% dwellings within 400m of any public transport service": 0.999583, "% dwellings with 800m of a high quality public transport service": 0.762083, "Binned_any_bus_service_400m_dwellings_percent": 0.6, "Categorical_any_bus_service_400m_dwellings_percent": "60\u201370%", "Binned_high_quality_bus_service_800m_dwellings_percent": 0.1, "Categorical_high_quality_bus_service_800m_dwellings_percent": "10\u201320%", "Binned_any_public_transport_400m_dwellings_percent": 0.9, "Categorical_any_public_transport_400m_dwellings_percent": "90\u2013100%", "Binned_high_quality_public_transport_800m_dwellings_percent": 0.7, "Categorical_high_quality_public_transport_800m_dwellings_percent": "70\u201380%", "area_km2": 4.2891}}, {"type": "Feature", "geometry": {"type": "Polygon", "coordinates": [[[144.99, -37.8175], [144.9994, -37.8186], [145.0126, -37.8199], [145.0153, -37.8201], [145.0145, -37.8175], [145.0144, -37.8155], [145.0154, -37.8121], [145.013, -37.8117], [145.0097, -37.8114], [144.9929, -37.8097], [144.9914, -37.8097], [144.99, -37.8175]]]}, "properties": {"SA2_CODE21": "206071518", "Area": "Richmond \u2013 North", "% dwellings within 400m of any bus service": 0.359467, "% dwellings with 800m of a high quality bus service": 0.140533, "dwellings_2025": 9123, "population_2025": 16076, "SEIFA_Score": 1048, "SEIFA_Decile": 8, "% dwellings within 400m of any public transport service": 1, "% dwellings with 800m of a high quality public transport service": 0.834813, "Binned_any_bus_service_400m_dwellings_percent": 0.3, "Categorical_any_bus_service_400m_dwellings_percent": "30\u201340%", "Binned_high_quality_bus_service_800m_dwellings_percent": 0.1, "Categorical_high_quality_bus_service_800m_dwellings_percent": "10\u201320%", "Binned_any_public_transport_400m_dwellings_percent": 1, "Categorical_any_public_transport_400m_dwellings_percent": "90\u2013100%", "Binned_high_quality_public_transport_800m_dwellings_percent": 0.8, "Categorical_high_quality_public_transport_800m_dwellings_percent": "80\u201390%", "area_km2": 1.9233}}, {"type": "Feature", "geometry": {"type": "Polygon", "coordinates": [[[145.0937, -37.8614], [145.0851, -37.8604], [145.0821, -37.8602], [145.0827, -37.8588], [145.0807, -37.8591], [145.0796, -37.8595], [145.0777, -37.8591], [145.0761, -37.8581], [145.0753, -37.8624], [145.0747, -37.8665], [145.0717, -37.8667], [145.0715, -37.8664], [145.0688, -37.8667], [145.0679, -37.8663], [145.0653, -37.8675], [145.0687, -37.8718], [145.069, -37.8743], [145.0717, -37.8751], [145.0731, -37.8758], [145.075, -37.8759], [145.0782, -37.8747], [145.0799, -37.8732], [145.0821, -37.8731], [145.0842, -37.8722], [145.0862, -37.872], [145.0875, -37.8714], [145.0909, -37.8723], [145.0922, -37.8719], [145.0921, -37.8706], [145.0937, -37.8614]]]}, "properties": {"SA2_CODE21": "207011146", "Area": "Ashburton", "% dwellings within 400m of any bus service": 0.90027, "% dwellings with 800m of a high quality bus service": 0.154987, "dwellings_2025": 3236, "population_2025": 8430, "SEIFA_Score": 1126, "SEIFA_Decile": 10, "% dwellings within 400m of any public transport service": 0.989218, "% dwellings with 800m of a high quality public transport service": 0.270889, "Binned_any_bus_service_400m_dwellings_percent": 0.9, "Categorical_any_bus_service_400m_dwellings_percent": "90\u2013100%", "Binned_high_quality_bus_service_800m_dwellings_percent": 0.1, "Categorical_high_quality_bus_service_800m_dwellings_percent": "10\u201320%", "Binned_any_public_transport_400m_dwellings_percent": 0.9, "Categorical_any_public_transport_400m_dwellings_percent": "90\u2013100%", "Binned_high_quality_public_transport_800m_dwellings_percent": 0.2, "Categorical_high_quality_public_transport_800m_dwellings_percent": "20\u201330%", "area_km2": 2.8366}}, {"type": "Feature", "geometry": {"type": "Polygon", "coordinates": [[[145.0625, -37.8008], [145.0596, -37.8159], [145.0869, -37.8191], [145.0878, -37.8173], [145.0885, -37.8137], [145.1017, -37.8153], [145.1021, -37.8153], [145.1027, -37.812], [145.102, -37.8111], [145.1026, -37.8098], [145.1036, -37.8093], [145.1049, -37.8032], [145.1041, -37.8021], [145.1022, -37.8027], [145.1007, -37.8042], [145.0971, -37.8038], [145.0924, -37.8047], [145.0625, -37.8008]]]}, "properties": {"SA2_CODE21": "207011147", "Area": "Balwyn", "% dwellings within 400m of any bus service": 0.83075, "% dwellings with 800m of a high quality bus service": 0, "dwellings_2025": 7261, "population_2025": 16718, "SEIFA_Score": 1109, "SEIFA_Decile": 9, "% dwellings within 400m of any public transport service": 0.99752, "% dwellings with 800m of a high quality public transport service": 0.460012, "Binned_any_bus_service_400m_dwellings_percent": 0.8, "Categorical_any_bus_service_400m_dwellings_percent": "80\u201390%", "Binned_high_quality_bus_service_800m_dwellings_percent": 0, "Categorical_high_quality_bus_service_800m_dwellings_percent": "0\u201310%", "Binned_any_public_transport_400m_dwellings_percent": 0.9, "Categorical_any_public_transport_400m_dwellings_percent": "90\u2013100%", "Binned_high_quality_public_transport_800m_dwellings_percent": 0.4, "Categorical_high_quality_public_transport_800m_dwellings_percent": "40\u201350%", "area_km2": 5.5851}}, {"type": "Feature", "geometry": {"type": "Polygon", "coordinates": [[[145.1041, -37.8021], [145.1044, -37.8009], [145.1036, -37.7988], [145.1035, -37.7973], [145.1041, -37.7963], [145.1066, -37.7942], [145.1054, -37.7933], [145.1067, -37.7921], [145.1047, -37.7911], [145.105, -37.7904], [145.104, -37.7884], [145.1023, -37.7887], [145.0999, -37.7855], [145.0987, -37.7821], [145.0978, -37.7812], [145.0957, -37.7801], [145.0935, -37.7799], [145.0876, -37.7802], [145.0832, -37.7801], [145.0815, -37.7792], [145.0806, -37.7778], [145.0789, -37.777], [145.0764, -37.7774], [145.0751, -37.7786], [145.0746, -37.7796], [145.0716, -37.7797], [145.0713, -37.7806], [145.0696, -37.7812], [145.0671, -37.7809], [145.0668, -37.7817], [145.0677, -37.7826], [145.0665, -37.7837], [145.0643, -37.7829], [145.0644, -37.7815], [145.0632, -37.7815], [145.0631, -37.7814], [145.062, -37.7856], [145.0633, -37.785], [145.0646, -37.7864], [145.065, -37.7875], [145.0625, -37.8008], [145.0924, -37.8047], [145.0971, -37.8038], [145.1007, -37.8042], [145.1022, -37.8027], [145.1041, -37.8021]]]}, "properties": {"SA2_CODE21": "207011148", "Area": "Balwyn North", "% dwellings within 400m of any bus service": 0.997678, "% dwellings with 800m of a high quality bus service": 0.33372, "dwellings_2025": 8035, "population_2025": 21811, "SEIFA_Score": 1115, "SEIFA_Decile": 10, "% dwellings within 400m of any public transport service": 0.998259, "% dwellings with 800m of a high quality public transport service": 0.370284, "Binned_any_bus_service_400m_dwellings_percent": 0.9, "Categorical_any_bus_service_400m_dwellings_percent": "90\u2013100%", "Binned_high_quality_bus_service_800m_dwellings_percent": 0.3, "Categorical_high_quality_bus_service_800m_dwellings_percent": "30\u201340%", "Binned_any_public_transport_400m_dwellings_percent": 0.9, "Categorical_any_public_transport_400m_dwellings_percent": "90\u2013100%", "Binned_high_quality_public_transport_800m_dwellings_percent": 0.3, "Categorical_high_quality_public_transport_800m_dwellings_percent": "30\u201340%", "area_km2": 8.8492}}, {"type": "Feature", "geometry": {"type": "Polygon", "coordinates": [[[145.0586, -37.8214], [145.0541, -37.845], [145.054, -37.8457], [145.0795, -37.8485], [145.0915, -37.85], [145.0956, -37.8504], [145.0982, -37.836], [145.0837, -37.8343], [145.0814, -37.8342], [145.0722, -37.8331], [145.0732, -37.8321], [145.0734, -37.8308], [145.0742, -37.8301], [145.0717, -37.8298], [145.0718, -37.8266], [145.0712, -37.8255], [145.069, -37.8256], [145.0673, -37.822], [145.0659, -37.8223], [145.0586, -37.8214]]]}, "properties": {"SA2_CODE21": "207011149", "Area": "Camberwell", "% dwellings within 400m of any bus service": 0.746816, "% dwellings with 800m of a high quality bus service": 0.011207, "dwellings_2025": 9012, "population_2025": 22128, "SEIFA_Score": 1137, "SEIFA_Decile": 10, "% dwellings within 400m of any public transport service": 0.98217, "% dwellings with 800m of a high quality public transport service": 0.605196, "Binned_any_bus_service_400m_dwellings_percent": 0.7, "Categorical_any_bus_service_400m_dwellings_percent": "70\u201380%", "Binned_high_quality_bus_service_800m_dwellings_percent": 0, "Categorical_high_quality_bus_service_800m_dwellings_percent": "0\u201310%", "Binned_any_public_transport_400m_dwellings_percent": 0.9, "Categorical_any_public_transport_400m_dwellings_percent": "90\u2013100%", "Binned_high_quality_public_transport_800m_dwellings_percent": 0.6, "Categorical_high_quality_public_transport_800m_dwellings_percent": "60\u201370%", "area_km2": 7.2919}}, {"type": "Feature", "geometry": {"type": "Polygon", "coordinates": [[[145.0937, -37.8614], [145.0951, -37.8533], [145.0956, -37.8504], [145.0915, -37.85], [145.0795, -37.8485], [145.054, -37.8457], [145.0541, -37.845], [145.0534, -37.8456], [145.0493, -37.8451], [145.045, -37.8454], [145.0445, -37.8482], [145.0467, -37.8483], [145.0511, -37.8512], [145.0545, -37.852], [145.0571, -37.8534], [145.0577, -37.8543], [145.0598, -37.8548], [145.0595, -37.857], [145.06, -37.8582], [145.0627, -37.8595], [145.0617, -37.8624], [145.0622, -37.8638], [145.0618, -37.8655], [145.0636, -37.8671], [145.0642, -37.868], [145.0653, -37.8675], [145.0679, -37.8663], [145.0688, -37.8667], [145.0715, -37.8664], [145.0717, -37.8667], [145.0747, -37.8665], [145.0753, -37.8624], [145.0761, -37.8581], [145.0777, -37.8591], [145.0796, -37.8595], [145.0807, -37.8591], [145.0827, -37.8588], [145.0821, -37.8602], [145.0851, -37.8604], [145.0937, -37.8614]]]}, "properties": {"SA2_CODE21": "207011150", "Area": "Glen Iris \u2013 East", "% dwellings within 400m of any bus service": 0.73844, "% dwellings with 800m of a high quality bus service": 0.060041, "dwellings_2025": 6822, "population_2025": 17463, "SEIFA_Score": 1155, "SEIFA_Decile": 10, "% dwellings within 400m of any public transport service": 0.978606, "% dwellings with 800m of a high quality public transport service": 0.287785, "Binned_any_bus_service_400m_dwellings_percent": 0.7, "Categorical_any_bus_service_400m_dwellings_percent": "70\u201380%", "Binned_high_quality_bus_service_800m_dwellings_percent": 0, "Categorical_high_quality_bus_service_800m_dwellings_percent": "0\u201310%", "Binned_any_public_transport_400m_dwellings_percent": 0.9, "Categorical_any_public_transport_400m_dwellings_percent": "90\u2013100%", "Binned_high_quality_public_transport_800m_dwellings_percent": 0.2, "Categorical_high_quality_public_transport_800m_dwellings_percent": "20\u201330%", "area_km2": 5.7049}}, {"type": "Feature", "geometry": {"type": "Polygon", "coordinates": [[[145.0586, -37.8214], [145.0594, -37.8174], [145.0463, -37.8158], [145.045, -37.8226], [145.0419, -37.8394], [145.0409, -37.8449], [145.0403, -37.8448], [145.0403, -37.8456], [145.0428, -37.8477], [145.0445, -37.8482], [145.045, -37.8454], [145.0493, -37.8451], [145.0534, -37.8456], [145.0541, -37.845], [145.0586, -37.8214]]]}, "properties": {"SA2_CODE21": "207011152", "Area": "Hawthorn East", "% dwellings within 400m of any bus service": 0.872951, "% dwellings with 800m of a high quality bus service": 0, "dwellings_2025": 8915, "population_2025": 17604, "SEIFA_Score": 1132, "SEIFA_Decile": 10, "% dwellings within 400m of any public transport service": 0.999488, "% dwellings with 800m of a high quality public transport service": 0.534324, "Binned_any_bus_service_400m_dwellings_percent": 0.8, "Categorical_any_bus_service_400m_dwellings_percent": "80\u201390%", "Binned_high_quality_bus_service_800m_dwellings_percent": 0, "Categorical_high_quality_bus_service_800m_dwellings_percent": "0\u201310%", "Binned_any_public_transport_400m_dwellings_percent": 0.9, "Categorical_any_public_transport_400m_dwellings_percent": "90\u2013100%", "Binned_high_quality_public_transport_800m_dwellings_percent": 0.5, "Categorical_high_quality_public_transport_800m_dwellings_percent": "50\u201360%", "area_km2": 3.824}}, {"type": "Feature", "geometry": {"type": "Polygon", "coordinates": [[[145.0404, -37.7898], [145.0407, -37.7913], [145.0397, -37.792], [145.0368, -37.7946], [145.0363, -37.7953], [145.0396, -37.7965], [145.0411, -37.7968], [145.0463, -37.7984], [145.0475, -37.7984], [145.0506, -37.7993], [145.0625, -37.8008], [145.065, -37.7875], [145.0646, -37.7864], [145.0633, -37.785], [145.062, -37.7856], [145.0631, -37.7814], [145.0622, -37.7812], [145.0607, -37.7799], [145.059, -37.7811], [145.0579, -37.7812], [145.0559, -37.7823], [145.0545, -37.7812], [145.0537, -37.7824], [145.0534, -37.784], [145.0549, -37.7839], [145.0548, -37.7851], [145.0531, -37.7845], [145.0517, -37.7832], [145.0515, -37.7819], [145.0496, -37.7812], [145.0463, -37.7807], [145.0453, -37.7801], [145.0445, -37.781], [145.0424, -37.7817], [145.0402, -37.7842], [145.041, -37.7854], [145.0438, -37.7845], [145.0452, -37.7845], [145.0431, -37.7869], [145.0419, -37.786], [145.0411, -37.787], [145.0417, -37.7882], [145.0412, -37.7894], [145.0404, -37.7898]]]}, "properties": {"SA2_CODE21": "207011154", "Area": "Kew East", "% dwellings within 400m of any bus service": 1, "% dwellings with 800m of a high quality bus service": 0.366221, "dwellings_2025": 2668, "population_2025": 6748, "SEIFA_Score": 1122, "SEIFA_Decile": 10, "% dwellings within 400m of any public transport service": 1, "% dwellings with 800m of a high quality public transport service": 0.633779, "Binned_any_bus_service_400m_dwellings_percent": 1, "Categorical_any_bus_service_400m_dwellings_percent": "90\u2013100%", "Binned_high_quality_bus_service_800m_dwellings_percent": 0.3, "Categorical_high_quality_bus_service_800m_dwellings_percent": "30\u201340%", "Binned_any_public_transport_400m_dwellings_percent": 1, "Categorical_any_public_transport_400m_dwellings_percent": "90\u2013100%", "Binned_high_quality_public_transport_800m_dwellings_percent": 0.6, "Categorical_high_quality_public_transport_800m_dwellings_percent": "60\u201370%", "area_km2": 4.0154}}, {"type": "Feature", "geometry": {"type": "Polygon", "coordinates": [[[145.0596, -37.8159], [145.0594, -37.8174], [145.0586, -37.8214], [145.0659, -37.8223], [145.0673, -37.822], [145.069, -37.8256], [145.0712, -37.8255], [145.0718, -37.8266], [145.0717, -37.8298], [145.0742, -37.8301], [145.0734, -37.8308], [145.0732, -37.8321], [145.0722, -37.8331], [145.0814, -37.8342], [145.0837, -37.8343], [145.0982, -37.836], [145.0999, -37.8262], [145.0992, -37.8262], [145.0988, -37.8244], [145.1001, -37.8239], [145.1017, -37.8153], [145.0885, -37.8137], [145.0878, -37.8173], [145.0869, -37.8191], [145.0596, -37.8159]]]}, "properties": {"SA2_CODE21": "207011155", "Area": "Surrey Hills (West) \u2013 Canterbury", "% dwellings within 400m of any bus service": 0.949221, "% dwellings with 800m of a high quality bus service": 0, "dwellings_2025": 6644, "population_2025": 16384, "SEIFA_Score": 1143, "SEIFA_Decile": 10, "% dwellings within 400m of any public transport service": 0.99323, "% dwellings with 800m of a high quality public transport service": 0.37847, "Binned_any_bus_service_400m_dwellings_percent": 0.9, "Categorical_any_bus_service_400m_dwellings_percent": "90\u2013100%", "Binned_high_quality_bus_service_800m_dwellings_percent": 0, "Categorical_high_quality_bus_service_800m_dwellings_percent": "0\u201310%", "Binned_any_public_transport_400m_dwellings_percent": 0.9, "Categorical_any_public_transport_400m_dwellings_percent": "90\u2013100%", "Binned_high_quality_public_transport_800m_dwellings_percent": 0.3, "Categorical_high_quality_public_transport_800m_dwellings_percent": "30\u201340%", "area_km2": 5.7026}}, {"type": "Feature", "geometry": {"type": "Polygon", "coordinates": [[[145.0173, -37.8257], [145.0199, -37.8242], [145.0235, -37.8216], [145.0266, -37.8204], [145.0271, -37.8206], [145.0321, -37.8212], [145.0355, -37.8213], [145.0423, -37.8222], [145.045, -37.8226], [145.0463, -37.8158], [145.0235, -37.8131], [145.0154, -37.8121], [145.0144, -37.8155], [145.0145, -37.8175], [145.0153, -37.8201], [145.0157, -37.8215], [145.0161, -37.8244], [145.0173, -37.8257]]]}, "properties": {"SA2_CODE21": "207011519", "Area": "Hawthorn \u2013 North", "% dwellings within 400m of any bus service": 0.591781, "% dwellings with 800m of a high quality bus service": 0, "dwellings_2025": 5042, "population_2025": 11191, "SEIFA_Score": 1133, "SEIFA_Decile": 10, "% dwellings within 400m of any public transport service": 1, "% dwellings with 800m of a high quality public transport service": 0.654795, "Binned_any_bus_service_400m_dwellings_percent": 0.5, "Categorical_any_bus_service_400m_dwellings_percent": "50\u201360%", "Binned_high_quality_bus_service_800m_dwellings_percent": 0, "Categorical_high_quality_bus_service_800m_dwellings_percent": "0\u201310%", "Binned_any_public_transport_400m_dwellings_percent": 1, "Categorical_any_public_transport_400m_dwellings_percent": "90\u2013100%", "Binned_high_quality_public_transport_800m_dwellings_percent": 0.6, "Categorical_high_quality_public_transport_800m_dwellings_percent": "60\u201370%", "area_km2": 2.4558}}, {"type": "Feature", "geometry": {"type": "Polygon", "coordinates": [[[145.0327, -37.8373], [145.036, -37.8379], [145.0387, -37.8388], [145.0401, -37.8403], [145.0403, -37.8448], [145.0409, -37.8449], [145.0419, -37.8394], [145.045, -37.8226], [145.0423, -37.8222], [145.0355, -37.8213], [145.0321, -37.8212], [145.0271, -37.8206], [145.0266, -37.8204], [145.0235, -37.8216], [145.0199, -37.8242], [145.0173, -37.8257], [145.0184, -37.8262], [145.0213, -37.8252], [145.022, -37.8255], [145.0232, -37.8281], [145.0268, -37.8299], [145.0283, -37.831], [145.027, -37.8328], [145.0246, -37.8345], [145.0267, -37.8365], [145.0284, -37.8378], [145.0308, -37.8377], [145.0327, -37.8373]]]}, "properties": {"SA2_CODE21": "207011520", "Area": "Hawthorn \u2013 South", "% dwellings within 400m of any bus service": 0.652123, "% dwellings with 800m of a high quality bus service": 0, "dwellings_2025": 7529, "population_2025": 14247, "SEIFA_Score": 1125, "SEIFA_Decile": 10, "% dwellings within 400m of any public transport service": 1, "% dwellings with 800m of a high quality public transport service": 0.808962, "Binned_any_bus_service_400m_dwellings_percent": 0.6, "Categorical_any_bus_service_400m_dwellings_percent": "60\u201370%", "Binned_high_quality_bus_service_800m_dwellings_percent": 0, "Categorical_high_quality_bus_service_800m_dwellings_percent": "0\u201310%", "Binned_any_public_transport_400m_dwellings_percent": 1, "Categorical_any_public_transport_400m_dwellings_percent": "90\u2013100%", "Binned_high_quality_public_transport_800m_dwellings_percent": 0.8, "Categorical_high_quality_public_transport_800m_dwellings_percent": "80\u201390%", "area_km2": 3.2163}}, {"type": "Feature", "geometry": {"type": "Polygon", "coordinates": [[[145.0625, -37.8008], [145.0506, -37.7993], [145.0459, -37.8014], [145.0288, -37.8075], [145.0235, -37.8131], [145.0463, -37.8158], [145.0594, -37.8174], [145.0596, -37.8159], [145.0625, -37.8008]]]}, "properties": {"SA2_CODE21": "207011521", "Area": "Kew \u2013 South", "% dwellings within 400m of any bus service": 0.912138, "% dwellings with 800m of a high quality bus service": 0.05163, "dwellings_2025": 5135, "population_2025": 12067, "SEIFA_Score": 1143, "SEIFA_Decile": 10, "% dwellings within 400m of any public transport service": 1, "% dwellings with 800m of a high quality public transport service": 0.587862, "Binned_any_bus_service_400m_dwellings_percent": 0.9, "Categorical_any_bus_service_400m_dwellings_percent": "90\u2013100%", "Binned_high_quality_bus_service_800m_dwellings_percent": 0, "Categorical_high_quality_bus_service_800m_dwellings_percent": "0\u201310%", "Binned_any_public_transport_400m_dwellings_percent": 1, "Categorical_any_public_transport_400m_dwellings_percent": "90\u2013100%", "Binned_high_quality_public_transport_800m_dwellings_percent": 0.5, "Categorical_high_quality_public_transport_800m_dwellings_percent": "50\u201360%", "area_km2": 4.3235}}, {"type": "Feature", "geometry": {"type": "Polygon", "coordinates": [[[145.0154, -37.8121], [145.0235, -37.8131], [145.0288, -37.8075], [145.0459, -37.8014], [145.0506, -37.7993], [145.0475, -37.7984], [145.0463, -37.7984], [145.0411, -37.7968], [145.0396, -37.7965], [145.0363, -37.7953], [145.0368, -37.7946], [145.0397, -37.792], [145.0407, -37.7913], [145.0404, -37.7898], [145.0359, -37.7897], [145.0321, -37.7899], [145.0294, -37.7885], [145.0285, -37.7871], [145.0263, -37.787], [145.0244, -37.7865], [145.0225, -37.7865], [145.0209, -37.7869], [145.0198, -37.7866], [145.0154, -37.7857], [145.0133, -37.7856], [145.0134, -37.7864], [145.0164, -37.7886], [145.0194, -37.7919], [145.0194, -37.7928], [145.0139, -37.7923], [145.0142, -37.7942], [145.0174, -37.7953], [145.0177, -37.7973], [145.0205, -37.7981], [145.0209, -37.7988], [145.0185, -37.8002], [145.021, -37.8025], [145.0207, -37.8032], [145.0193, -37.8036], [145.0173, -37.8033], [145.0157, -37.8026], [145.0148, -37.8001], [145.0134, -37.7993], [145.0114, -37.799], [145.0077, -37.8008], [145.0065, -37.8005], [145.0069, -37.7985], [145.0092, -37.7973], [145.0079, -37.7964], [145.0053, -37.7979], [145.0044, -37.798], [145.004, -37.7961], [145.0024, -37.796], [145.002, -37.7966], [145.0014, -37.7972], [144.9995, -37.797], [145, -37.7983], [145.0027, -37.7997], [145.0076, -37.8033], [145.0076, -37.8041], [145.0056, -37.8051], [145.0044, -37.8053], [145.0016, -37.8042], [145.0003, -37.8042], [144.9994, -37.8056], [145.0008, -37.8072], [145.0073, -37.8072], [145.009, -37.808], [145.0095, -37.8105], [145.0158, -37.8107], [145.0154, -37.8121]]]}, "properties": {"SA2_CODE21": "207011522", "Area": "Kew \u2013 West", "% dwellings within 400m of any bus service": 0.936727, "% dwellings with 800m of a high quality bus service": 0.427636, "dwellings_2025": 5896, "population_2025": 13575, "SEIFA_Score": 1126, "SEIFA_Decile": 10, "% dwellings within 400m of any public transport service": 0.946909, "% dwellings with 800m of a high quality public transport service": 0.656, "Binned_any_bus_service_400m_dwellings_percent": 0.9, "Categorical_any_bus_service_400m_dwellings_percent": "90\u2013100%", "Binned_high_quality_bus_service_800m_dwellings_percent": 0.4, "Categorical_high_quality_bus_service_800m_dwellings_percent": "40\u201350%", "Binned_any_public_transport_400m_dwellings_percent": 0.9, "Categorical_any_public_transport_400m_dwellings_percent": "90\u2013100%", "Binned_high_quality_public_transport_800m_dwellings_percent": 0.6, "Categorical_high_quality_public_transport_800m_dwellings_percent": "60\u201370%", "area_km2": 6.2106}}, {"type": "Feature", "geometry": {"type": "Polygon", "coordinates": [[[145.0987, -37.7821], [145.1025, -37.7825], [145.1032, -37.7821], [145.1048, -37.7724], [145.1018, -37.772], [145.0991, -37.7705], [145.1, -37.7694], [145.1012, -37.763], [145.0982, -37.7622], [145.0971, -37.7604], [145.0955, -37.759], [145.0933, -37.7584], [145.0938, -37.7555], [145.0933, -37.7556], [145.0935, -37.753], [145.0928, -37.7539], [145.0916, -37.7543], [145.0898, -37.7538], [145.0879, -37.7528], [145.0853, -37.7528], [145.0845, -37.7518], [145.0825, -37.7514], [145.0816, -37.754], [145.0828, -37.7553], [145.0817, -37.7563], [145.0803, -37.754], [145.0787, -37.7538], [145.0778, -37.7545], [145.0772, -37.756], [145.0798, -37.757], [145.0804, -37.758], [145.0792, -37.7583], [145.0775, -37.7575], [145.0747, -37.757], [145.0731, -37.7585], [145.073, -37.7595], [145.0746, -37.7593], [145.0764, -37.7585], [145.077, -37.7587], [145.0772, -37.7601], [145.0773, -37.7608], [145.0792, -37.7624], [145.0779, -37.7649], [145.0766, -37.7662], [145.076, -37.7675], [145.0727, -37.7665], [145.0716, -37.7669], [145.0721, -37.7692], [145.0755, -37.7709], [145.0756, -37.7723], [145.0767, -37.7731], [145.0754, -37.7737], [145.0743, -37.7726], [145.0725, -37.772], [145.071, -37.7711], [145.0693, -37.7724], [145.0689, -37.774], [145.0694, -37.7749], [145.068, -37.7773], [145.0671, -37.7809], [145.0696, -37.7812], [145.0713, -37.7806], [145.0716, -37.7797], [145.0746, -37.7796], [145.0751, -37.7786], [145.0764, -37.7774], [145.0789, -37.777], [145.0806, -37.7778], [145.0815, -37.7792], [145.0832, -37.7801], [145.0876, -37.7802], [145.0935, -37.7799], [145.0957, -37.7801], [145.0978, -37.7812], [145.0987, -37.7821]]]}, "properties": {"SA2_CODE21": "207021156", "Area": "Bulleen", "% dwellings within 400m of any bus service": 0.996283, "% dwellings with 800m of a high quality bus service": 0.417286, "dwellings_2025": 4855, "population_2025": 11705, "SEIFA_Score": 1061, "SEIFA_Decile": 8, "% dwellings within 400m of any public transport service": 0.996283, "% dwellings with 800m of a high quality public transport service": 0.417286, "Binned_any_bus_service_400m_dwellings_percent": 0.9, "Categorical_any_bus_service_400m_dwellings_percent": "90\u2013100%", "Binned_high_quality_bus_service_800m_dwellings_percent": 0.4, "Categorical_high_quality_bus_service_800m_dwellings_percent": "40\u201350%", "Binned_any_public_transport_400m_dwellings_percent": 0.9, "Categorical_any_public_transport_400m_dwellings_percent": "90\u2013100%", "Binned_high_quality_public_transport_800m_dwellings_percent": 0.4, "Categorical_high_quality_public_transport_800m_dwellings_percent": "40\u201350%", "area_km2": 6.6711}}, {"type": "Feature", "geometry": {"type": "Polygon", "coordinates": [[[145.1067, -37.7921], [145.1084, -37.7924], [145.1093, -37.7935], [145.1097, -37.7948], [145.1116, -37.7952], [145.1128, -37.7951], [145.115, -37.796], [145.1169, -37.7959], [145.1198, -37.7971], [145.1249, -37.7987], [145.1261, -37.7984], [145.1291, -37.7968], [145.1293, -37.7961], [145.1328, -37.7953], [145.1336, -37.7962], [145.1351, -37.7961], [145.1371, -37.7968], [145.1376, -37.798], [145.1394, -37.798], [145.1415, -37.7969], [145.1422, -37.7971], [145.1424, -37.7946], [145.1437, -37.787], [145.1448, -37.7803], [145.1451, -37.7786], [145.1433, -37.7773], [145.1406, -37.7772], [145.1396, -37.7768], [145.1367, -37.774], [145.1355, -37.7733], [145.1353, -37.7712], [145.1362, -37.7701], [145.1335, -37.7684], [145.1325, -37.7673], [145.1315, -37.7673], [145.1252, -37.7764], [145.1232, -37.7796], [145.1204, -37.7777], [145.1143, -37.7739], [145.1135, -37.7736], [145.1048, -37.7724], [145.1032, -37.7821], [145.1025, -37.7825], [145.0987, -37.7821], [145.0999, -37.7855], [145.1023, -37.7887], [145.104, -37.7884], [145.105, -37.7904], [145.1047, -37.7911], [145.1067, -37.7921]]]}, "properties": {"SA2_CODE21": "207021157", "Area": "Doncaster", "% dwellings within 400m of any bus service": 0.993061, "% dwellings with 800m of a high quality bus service": 0.582884, "dwellings_2025": 12575, "population_2025": 27407, "SEIFA_Score": 1057, "SEIFA_Decile": 8, "% dwellings within 400m of any public transport service": 0.993061, "% dwellings with 800m of a high quality public transport service": 0.582884, "Binned_any_bus_service_400m_dwellings_percent": 0.9, "Categorical_any_bus_service_400m_dwellings_percent": "90\u2013100%", "Binned_high_quality_bus_service_800m_dwellings_percent": 0.5, "Categorical_high_quality_bus_service_800m_dwellings_percent": "50\u201360%", "Binned_any_public_transport_400m_dwellings_percent": 0.9, "Categorical_any_public_transport_400m_dwellings_percent": "90\u2013100%", "Binned_high_quality_public_transport_800m_dwellings_percent": 0.5, "Categorical_high_quality_public_transport_800m_dwellings_percent": "50\u201360%", "area_km2": 8.7738}}, {"type": "Feature", "geometry": {"type": "Polygon", "coordinates": [[[145.1451, -37.7786], [145.1462, -37.7731], [145.1526, -37.7738], [145.1644, -37.7752], [145.1691, -37.7492], [145.1699, -37.746], [145.1727, -37.7468], [145.1727, -37.7479], [145.1737, -37.7497], [145.1755, -37.75], [145.1777, -37.7384], [145.1769, -37.7381], [145.1767, -37.7354], [145.1709, -37.7347], [145.17, -37.7349], [145.1656, -37.7342], [145.164, -37.7351], [145.1627, -37.7375], [145.1612, -37.7374], [145.1555, -37.734], [145.1535, -37.7343], [145.1511, -37.7363], [145.1501, -37.7383], [145.1484, -37.7372], [145.1455, -37.7386], [145.1427, -37.7389], [145.1381, -37.7382], [145.1374, -37.7386], [145.1367, -37.7404], [145.1357, -37.7409], [145.1331, -37.7428], [145.1316, -37.7425], [145.1265, -37.7404], [145.1254, -37.7402], [145.1226, -37.7406], [145.1217, -37.7414], [145.12, -37.7446], [145.1202, -37.7479], [145.121, -37.7485], [145.1232, -37.7476], [145.1253, -37.7493], [145.1259, -37.7512], [145.1242, -37.7506], [145.123, -37.7493], [145.122, -37.75], [145.1219, -37.7517], [145.1211, -37.7523], [145.1196, -37.7529], [145.1189, -37.7556], [145.122, -37.756], [145.1229, -37.7571], [145.1227, -37.7583], [145.1246, -37.7586], [145.1247, -37.7605], [145.1265, -37.7618], [145.1272, -37.7639], [145.1273, -37.7662], [145.1315, -37.7673], [145.1325, -37.7673], [145.1335, -37.7684], [145.1362, -37.7701], [145.1353, -37.7712], [145.1355, -37.7733], [145.1367, -37.774], [145.1396, -37.7768], [145.1406, -37.7772], [145.1433, -37.7773], [145.1451, -37.7786]]]}, "properties": {"SA2_CODE21": "207021159", "Area": "Templestowe", "% dwellings within 400m of any bus service": 0.937098, "% dwellings with 800m of a high quality bus service": 0.465332, "dwellings_2025": 6496, "population_2025": 17481, "SEIFA_Score": 1094, "SEIFA_Decile": 9, "% dwellings within 400m of any public transport service": 0.937098, "% dwellings with 800m of a high quality public transport service": 0.465332, "Binned_any_bus_service_400m_dwellings_percent": 0.9, "Categorical_any_bus_service_400m_dwellings_percent": "90\u2013100%", "Binned_high_quality_bus_service_800m_dwellings_percent": 0.4, "Categorical_high_quality_bus_service_800m_dwellings_percent": "40\u201350%", "Binned_any_public_transport_400m_dwellings_percent": 0.9, "Categorical_any_public_transport_400m_dwellings_percent": "90\u2013100%", "Binned_high_quality_public_transport_800m_dwellings_percent": 0.4, "Categorical_high_quality_public_transport_800m_dwellings_percent": "40\u201350%", "area_km2": 16.1176}}, {"type": "Feature", "geometry": {"type": "Polygon", "coordinates": [[[145.1048, -37.7724], [145.1135, -37.7736], [145.1143, -37.7739], [145.1204, -37.7777], [145.1232, -37.7796], [145.1252, -37.7764], [145.1315, -37.7673], [145.1273, -37.7662], [145.1272, -37.7639], [145.1265, -37.7618], [145.1247, -37.7605], [145.1246, -37.7586], [145.1227, -37.7583], [145.1229, -37.7571], [145.122, -37.756], [145.1189, -37.7556], [145.1196, -37.7529], [145.1211, -37.7523], [145.1189, -37.7523], [145.1154, -37.753], [145.1142, -37.7538], [145.1129, -37.7552], [145.1093, -37.7554], [145.1072, -37.7549], [145.1034, -37.7533], [145.1018, -37.7525], [145.1, -37.7509], [145.0982, -37.749], [145.0956, -37.7493], [145.0952, -37.7505], [145.0935, -37.753], [145.0933, -37.7556], [145.0938, -37.7555], [145.0933, -37.7584], [145.0955, -37.759], [145.0971, -37.7604], [145.0982, -37.7622], [145.1012, -37.763], [145.1, -37.7694], [145.0991, -37.7705], [145.1018, -37.772], [145.1048, -37.7724]]]}, "properties": {"SA2_CODE21": "207021160", "Area": "Templestowe Lower", "% dwellings within 400m of any bus service": 0.995951, "% dwellings with 800m of a high quality bus service": 0.467206, "dwellings_2025": 5677, "population_2025": 14633, "SEIFA_Score": 1071, "SEIFA_Decile": 8, "% dwellings within 400m of any public transport service": 0.995951, "% dwellings with 800m of a high quality public transport service": 0.467206, "Binned_any_bus_service_400m_dwellings_percent": 0.9, "Categorical_any_bus_service_400m_dwellings_percent": "90\u2013100%", "Binned_high_quality_bus_service_800m_dwellings_percent": 0.4, "Categorical_high_quality_bus_service_800m_dwellings_percent": "40\u201350%", "Binned_any_public_transport_400m_dwellings_percent": 0.9, "Categorical_any_public_transport_400m_dwellings_percent": "90\u2013100%", "Binned_high_quality_public_transport_800m_dwellings_percent": 0.4, "Categorical_high_quality_public_transport_800m_dwellings_percent": "40\u201350%", "area_km2": 5.9386}}, {"type": "Feature", "geometry": {"type": "Polygon", "coordinates": [[[145.1448, -37.7803], [145.1632, -37.7825], [145.1628, -37.7851], [145.1712, -37.7861], [145.1743, -37.7864], [145.1747, -37.7841], [145.1742, -37.7836], [145.1745, -37.7818], [145.1752, -37.7812], [145.1759, -37.7764], [145.1774, -37.7765], [145.1776, -37.7756], [145.1761, -37.7755], [145.1764, -37.7737], [145.1832, -37.7743], [145.1839, -37.7701], [145.1822, -37.7654], [145.1841, -37.7654], [145.1826, -37.7643], [145.1828, -37.763], [145.1815, -37.7619], [145.1828, -37.7586], [145.1827, -37.7577], [145.1803, -37.7563], [145.1819, -37.7545], [145.181, -37.7532], [145.1804, -37.7515], [145.1797, -37.7517], [145.1773, -37.751], [145.1769, -37.7501], [145.1755, -37.75], [145.1737, -37.7497], [145.1727, -37.7479], [145.1727, -37.7468], [145.1699, -37.746], [145.1691, -37.7492], [145.1644, -37.7752], [145.1526, -37.7738], [145.1462, -37.7731], [145.1451, -37.7786], [145.1448, -37.7803]]]}, "properties": {"SA2_CODE21": "207021424", "Area": "Doncaster East \u2013 North", "% dwellings within 400m of any bus service": 0.96715, "% dwellings with 800m of a high quality bus service": 0.490451, "dwellings_2025": 6214, "population_2025": 16326, "SEIFA_Score": 1079, "SEIFA_Decile": 9, "% dwellings within 400m of any public transport service": 0.96715, "% dwellings with 800m of a high quality public transport service": 0.490451, "Binned_any_bus_service_400m_dwellings_percent": 0.9, "Categorical_any_bus_service_400m_dwellings_percent": "90\u2013100%", "Binned_high_quality_bus_service_800m_dwellings_percent": 0.4, "Categorical_high_quality_bus_service_800m_dwellings_percent": "40\u201350%", "Binned_any_public_transport_400m_dwellings_percent": 0.9, "Categorical_any_public_transport_400m_dwellings_percent": "90\u2013100%", "Binned_high_quality_public_transport_800m_dwellings_percent": 0.4, "Categorical_high_quality_public_transport_800m_dwellings_percent": "40\u201350%", "area_km2": 6.403}}, {"type": "Feature", "geometry": {"type": "Polygon", "coordinates": [[[145.1422, -37.7971], [145.1422, -37.7972], [145.1448, -37.7975], [145.1467, -37.7998], [145.1486, -37.8], [145.1504, -37.7989], [145.1518, -37.799], [145.1537, -37.8004], [145.1566, -37.8005], [145.1601, -37.8012], [145.1611, -37.8018], [145.163, -37.8018], [145.1678, -37.8025], [145.1687, -37.8023], [145.1708, -37.7917], [145.1725, -37.7918], [145.173, -37.7903], [145.1721, -37.7894], [145.1707, -37.7893], [145.1712, -37.7861], [145.1628, -37.7851], [145.1632, -37.7825], [145.1448, -37.7803], [145.1437, -37.787], [145.1424, -37.7946], [145.1422, -37.7971]]]}, "properties": {"SA2_CODE21": "207021425", "Area": "Doncaster East \u2013 South", "% dwellings within 400m of any bus service": 0.99734, "% dwellings with 800m of a high quality bus service": 0.593085, "dwellings_2025": 6742, "population_2025": 16444, "SEIFA_Score": 1050, "SEIFA_Decile": 8, "% dwellings within 400m of any public transport service": 0.99734, "% dwellings with 800m of a high quality public transport service": 0.593085, "Binned_any_bus_service_400m_dwellings_percent": 0.9, "Categorical_any_bus_service_400m_dwellings_percent": "90\u2013100%", "Binned_high_quality_bus_service_800m_dwellings_percent": 0.5, "Categorical_high_quality_bus_service_800m_dwellings_percent": "50\u201360%", "Binned_any_public_transport_400m_dwellings_percent": 0.9, "Categorical_any_public_transport_400m_dwellings_percent": "90\u2013100%", "Binned_high_quality_public_transport_800m_dwellings_percent": 0.5, "Categorical_high_quality_public_transport_800m_dwellings_percent": "50\u201360%", "area_km2": 4.7684}}, {"type": "Feature", "geometry": {"type": "Polygon", "coordinates": [[[145.1422, -37.7972], [145.1422, -37.8002], [145.1395, -37.8154], [145.1387, -37.8193], [145.1382, -37.8203], [145.1363, -37.8304], [145.1601, -37.8333], [145.1654, -37.8339], [145.166, -37.8305], [145.1672, -37.8307], [145.1678, -37.8279], [145.1663, -37.8277], [145.1668, -37.8246], [145.1654, -37.8242], [145.1659, -37.8219], [145.1639, -37.8217], [145.1646, -37.8181], [145.1663, -37.8182], [145.1667, -37.8157], [145.1661, -37.8156], [145.1669, -37.8108], [145.1675, -37.8097], [145.1681, -37.806], [145.169, -37.8061], [145.1696, -37.803], [145.1678, -37.8025], [145.163, -37.8018], [145.1611, -37.8018], [145.1601, -37.8012], [145.1566, -37.8005], [145.1537, -37.8004], [145.1518, -37.799], [145.1504, -37.7989], [145.1486, -37.8], [145.1467, -37.7998], [145.1448, -37.7975], [145.1422, -37.7972]]]}, "properties": {"SA2_CODE21": "207031161", "Area": "Blackburn", "% dwellings within 400m of any bus service": 0.992737, "% dwellings with 800m of a high quality bus service": 0.588743, "dwellings_2025": 9566, "population_2025": 23222, "SEIFA_Score": 1087, "SEIFA_Decile": 9, "% dwellings within 400m of any public transport service": 0.992737, "% dwellings with 800m of a high quality public transport service": 0.623241, "Binned_any_bus_service_400m_dwellings_percent": 0.9, "Categorical_any_bus_service_400m_dwellings_percent": "90\u2013100%", "Binned_high_quality_bus_service_800m_dwellings_percent": 0.5, "Categorical_high_quality_bus_service_800m_dwellings_percent": "50\u201360%", "Binned_any_public_transport_400m_dwellings_percent": 0.9, "Categorical_any_public_transport_400m_dwellings_percent": "90\u2013100%", "Binned_high_quality_public_transport_800m_dwellings_percent": 0.6, "Categorical_high_quality_public_transport_800m_dwellings_percent": "60\u201370%", "area_km2": 8.6076}}, {"type": "Feature", "geometry": {"type": "Polygon", "coordinates": [[[145.1363, -37.8304], [145.1335, -37.8458], [145.1332, -37.8475], [145.1346, -37.8477], [145.1349, -37.846], [145.1529, -37.8481], [145.1534, -37.8465], [145.1546, -37.8455], [145.1569, -37.8458], [145.1572, -37.8443], [145.1598, -37.8445], [145.1588, -37.8428], [145.1596, -37.8387], [145.1595, -37.8368], [145.1601, -37.8333], [145.1363, -37.8304]]]}, "properties": {"SA2_CODE21": "207031162", "Area": "Blackburn South", "% dwellings within 400m of any bus service": 0.989701, "% dwellings with 800m of a high quality bus service": 0.46447, "dwellings_2025": 4604, "population_2025": 11252, "SEIFA_Score": 1071, "SEIFA_Decile": 8, "% dwellings within 400m of any public transport service": 0.989701, "% dwellings with 800m of a high quality public transport service": 0.46447, "Binned_any_bus_service_400m_dwellings_percent": 0.9, "Categorical_any_bus_service_400m_dwellings_percent": "90\u2013100%", "Binned_high_quality_bus_service_800m_dwellings_percent": 0.4, "Categorical_high_quality_bus_service_800m_dwellings_percent": "40\u201350%", "Binned_any_public_transport_400m_dwellings_percent": 0.9, "Categorical_any_public_transport_400m_dwellings_percent": "90\u2013100%", "Binned_high_quality_public_transport_800m_dwellings_percent": 0.4, "Categorical_high_quality_public_transport_800m_dwellings_percent": "40\u201350%", "area_km2": 3.5966}}, {"type": "Feature", "geometry": {"type": "Polygon", "coordinates": [[[145.1395, -37.8154], [145.1158, -37.8126], [145.1137, -37.8241], [145.1129, -37.8277], [145.1122, -37.8332], [145.1114, -37.8375], [145.1111, -37.8377], [145.1102, -37.8431], [145.1168, -37.8438], [145.1199, -37.8413], [145.1216, -37.8412], [145.121, -37.8444], [145.1335, -37.8458], [145.1363, -37.8304], [145.1382, -37.8203], [145.1387, -37.8193], [145.1395, -37.8154]]]}, "properties": {"SA2_CODE21": "207031163", "Area": "Box Hill", "% dwellings within 400m of any bus service": 1, "% dwellings with 800m of a high quality bus service": 0.795233, "dwellings_2025": 13486, "population_2025": 26407, "SEIFA_Score": 1041, "SEIFA_Decile": 7, "% dwellings within 400m of any public transport service": 1, "% dwellings with 800m of a high quality public transport service": 0.791876, "Binned_any_bus_service_400m_dwellings_percent": 1, "Categorical_any_bus_service_400m_dwellings_percent": "90\u2013100%", "Binned_high_quality_bus_service_800m_dwellings_percent": 0.7, "Categorical_high_quality_bus_service_800m_dwellings_percent": "70\u201380%", "Binned_any_public_transport_400m_dwellings_percent": 1, "Categorical_any_public_transport_400m_dwellings_percent": "90\u2013100%", "Binned_high_quality_public_transport_800m_dwellings_percent": 0.7, "Categorical_high_quality_public_transport_800m_dwellings_percent": "70\u201380%", "area_km2": 7.0123}}, {"type": "Feature", "geometry": {"type": "Polygon", "coordinates": [[[145.1027, -37.812], [145.103, -37.8108], [145.109, -37.8115], [145.1096, -37.8118], [145.1158, -37.8126], [145.1395, -37.8154], [145.1422, -37.8002], [145.1422, -37.7972], [145.1422, -37.7971], [145.1415, -37.7969], [145.1394, -37.798], [145.1376, -37.798], [145.1371, -37.7968], [145.1351, -37.7961], [145.1336, -37.7962], [145.1328, -37.7953], [145.1293, -37.7961], [145.1291, -37.7968], [145.1261, -37.7984], [145.1249, -37.7987], [145.1198, -37.7971], [145.1169, -37.7959], [145.115, -37.796], [145.1128, -37.7951], [145.1116, -37.7952], [145.1097, -37.7948], [145.1093, -37.7935], [145.1084, -37.7924], [145.1067, -37.7921], [145.1054, -37.7933], [145.1066, -37.7942], [145.1041, -37.7963], [145.1035, -37.7973], [145.1036, -37.7988], [145.1044, -37.8009], [145.1041, -37.8021], [145.1049, -37.8032], [145.1036, -37.8093], [145.1026, -37.8098], [145.102, -37.8111], [145.1027, -37.812]]]}, "properties": {"SA2_CODE21": "207031164", "Area": "Box Hill North", "% dwellings within 400m of any bus service": 0.997729, "% dwellings with 800m of a high quality bus service": 0.454287, "dwellings_2025": 7748, "population_2025": 18861, "SEIFA_Score": 1075, "SEIFA_Decile": 9, "% dwellings within 400m of any public transport service": 0.997729, "% dwellings with 800m of a high quality public transport service": 0.454287, "Binned_any_bus_service_400m_dwellings_percent": 0.9, "Categorical_any_bus_service_400m_dwellings_percent": "90\u2013100%", "Binned_high_quality_bus_service_800m_dwellings_percent": 0.4, "Categorical_high_quality_bus_service_800m_dwellings_percent": "40\u201350%", "Binned_any_public_transport_400m_dwellings_percent": 0.9, "Categorical_any_public_transport_400m_dwellings_percent": "90\u2013100%", "Binned_high_quality_public_transport_800m_dwellings_percent": 0.4, "Categorical_high_quality_public_transport_800m_dwellings_percent": "40\u201350%", "area_km2": 6.2087}}, {"type": "Feature", "geometry": {"type": "Polygon", "coordinates": [[[145.0956, -37.8504], [145.0951, -37.8533], [145.114, -37.8555], [145.1314, -37.8575], [145.1332, -37.8475], [145.1335, -37.8458], [145.121, -37.8444], [145.1216, -37.8412], [145.1199, -37.8413], [145.1168, -37.8438], [145.1102, -37.8431], [145.1111, -37.8377], [145.1021, -37.8366], [145.0982, -37.836], [145.0956, -37.8504]]]}, "properties": {"SA2_CODE21": "207031165", "Area": "Burwood", "% dwellings within 400m of any bus service": 0.985693, "% dwellings with 800m of a high quality bus service": 0.608434, "dwellings_2025": 5949, "population_2025": 13944, "SEIFA_Score": 1049, "SEIFA_Decile": 8, "% dwellings within 400m of any public transport service": 0.985693, "% dwellings with 800m of a high quality public transport service": 0.658133, "Binned_any_bus_service_400m_dwellings_percent": 0.9, "Categorical_any_bus_service_400m_dwellings_percent": "90\u2013100%", "Binned_high_quality_bus_service_800m_dwellings_percent": 0.6, "Categorical_high_quality_bus_service_800m_dwellings_percent": "60\u201370%", "Binned_any_public_transport_400m_dwellings_percent": 0.9, "Categorical_any_public_transport_400m_dwellings_percent": "90\u2013100%", "Binned_high_quality_public_transport_800m_dwellings_percent": 0.6, "Categorical_high_quality_public_transport_800m_dwellings_percent": "60\u201370%", "area_km2": 5.0392}}, {"type": "Feature", "geometry": {"type": "Polygon", "coordinates": [[[145.1332, -37.8475], [145.1314, -37.8575], [145.1435, -37.8589], [145.1508, -37.8598], [145.1692, -37.862], [145.1689, -37.8606], [145.1693, -37.8548], [145.163, -37.8541], [145.1644, -37.8468], [145.1569, -37.8458], [145.1546, -37.8455], [145.1534, -37.8465], [145.1529, -37.8481], [145.1349, -37.846], [145.1346, -37.8477], [145.1332, -37.8475]]]}, "properties": {"SA2_CODE21": "207031166", "Area": "Burwood East", "% dwellings within 400m of any bus service": 0.970457, "% dwellings with 800m of a high quality bus service": 0.376007, "dwellings_2025": 5102, "population_2025": 12009, "SEIFA_Score": 1047, "SEIFA_Decile": 8, "% dwellings within 400m of any public transport service": 0.970457, "% dwellings with 800m of a high quality public transport service": 0.413608, "Binned_any_bus_service_400m_dwellings_percent": 0.9, "Categorical_any_bus_service_400m_dwellings_percent": "90\u2013100%", "Binned_high_quality_bus_service_800m_dwellings_percent": 0.3, "Categorical_high_quality_bus_service_800m_dwellings_percent": "30\u201340%", "Binned_any_public_transport_400m_dwellings_percent": 0.9, "Categorical_any_public_transport_400m_dwellings_percent": "90\u2013100%", "Binned_high_quality_public_transport_800m_dwellings_percent": 0.4, "Categorical_high_quality_public_transport_800m_dwellings_percent": "40\u201350%", "area_km2": 4.2629}}, {"type": "Feature", "geometry": {"type": "Polygon", "coordinates": [[[145.1017, -37.8153], [145.1001, -37.8239], [145.0988, -37.8244], [145.0992, -37.8262], [145.0999, -37.8262], [145.0982, -37.836], [145.1021, -37.8366], [145.1111, -37.8377], [145.1114, -37.8375], [145.1122, -37.8332], [145.1129, -37.8277], [145.1137, -37.8241], [145.1158, -37.8126], [145.1096, -37.8118], [145.109, -37.8115], [145.103, -37.8108], [145.1027, -37.812], [145.1021, -37.8153], [145.1017, -37.8153]]]}, "properties": {"SA2_CODE21": "207031167", "Area": "Surrey Hills (East) \u2013 Mont Albert", "% dwellings within 400m of any bus service": 0.909548, "% dwellings with 800m of a high quality bus service": 0.163819, "dwellings_2025": 4483, "population_2025": 10616, "SEIFA_Score": 1130, "SEIFA_Decile": 10, "% dwellings within 400m of any public transport service": 0.964824, "% dwellings with 800m of a high quality public transport service": 0.476382, "Binned_any_bus_service_400m_dwellings_percent": 0.9, "Categorical_any_bus_service_400m_dwellings_percent": "90\u2013100%", "Binned_high_quality_bus_service_800m_dwellings_percent": 0.1, "Categorical_high_quality_bus_service_800m_dwellings_percent": "10\u201320%", "Binned_any_public_transport_400m_dwellings_percent": 0.9, "Categorical_any_public_transport_400m_dwellings_percent": "90\u2013100%", "Binned_high_quality_public_transport_800m_dwellings_percent": 0.4, "Categorical_high_quality_public_transport_800m_dwellings_percent": "40\u201350%", "area_km2": 3.3279}}, {"type": "Feature", "geometry": {"type": "Polygon", "coordinates": [[[145.0362, -37.9691], [145.0228, -37.9675], [145.0217, -37.9715], [145.0255, -37.9719], [145.0261, -37.9724], [145.0255, -37.9768], [145.0237, -37.9857], [145.025, -37.9861], [145.027, -37.988], [145.0278, -37.9892], [145.0279, -37.9906], [145.0291, -37.9914], [145.0307, -37.9935], [145.0307, -37.9945], [145.0347, -37.9949], [145.0361, -37.9953], [145.0371, -37.9961], [145.0384, -37.9963], [145.0392, -37.9948], [145.0406, -37.9941], [145.0422, -37.9926], [145.043, -37.9911], [145.0441, -37.9908], [145.0474, -37.9888], [145.0484, -37.9885], [145.0517, -37.9868], [145.0542, -37.9735], [145.0544, -37.9725], [145.036, -37.9702], [145.0362, -37.9691]]]}, "properties": {"SA2_CODE21": "208011168", "Area": "Beaumaris", "% dwellings within 400m of any bus service": 0.999153, "% dwellings with 800m of a high quality bus service": 0.277119, "dwellings_2025": 5586, "population_2025": 14230, "SEIFA_Score": 1134, "SEIFA_Decile": 10, "% dwellings within 400m of any public transport service": 0.999153, "% dwellings with 800m of a high quality public transport service": 0.277119, "Binned_any_bus_service_400m_dwellings_percent": 0.9, "Categorical_any_bus_service_400m_dwellings_percent": "90\u2013100%", "Binned_high_quality_bus_service_800m_dwellings_percent": 0.2, "Categorical_high_quality_bus_service_800m_dwellings_percent": "20\u201330%", "Binned_any_public_transport_400m_dwellings_percent": 0.9, "Categorical_any_public_transport_400m_dwellings_percent": "90\u2013100%", "Binned_high_quality_public_transport_800m_dwellings_percent": 0.2, "Categorical_high_quality_public_transport_800m_dwellings_percent": "20\u201330%", "area_km2": 5.9678}}, {"type": "Feature", "geometry": {"type": "Polygon", "coordinates": [[[144.985, -37.891], [144.986, -37.8934], [144.9859, -37.8964], [144.9834, -37.9011], [144.9841, -37.9033], [144.9838, -37.9062], [144.9851, -37.9073], [144.9856, -37.9083], [144.9855, -37.9096], [144.9848, -37.9119], [144.9848, -37.9134], [144.9861, -37.915], [144.9861, -37.9175], [144.9871, -37.9189], [144.9873, -37.9212], [144.9862, -37.9223], [144.9867, -37.9232], [144.9858, -37.924], [144.9855, -37.9262], [144.9865, -37.9264], [144.9887, -37.9279], [144.9929, -37.9324], [144.9934, -37.9318], [144.9941, -37.9281], [145.0041, -37.9293], [145.0069, -37.9146], [145.0082, -37.9068], [145.008, -37.9052], [145.0063, -37.8998], [145.006, -37.8982], [145.001, -37.8886], [144.997, -37.8838], [144.9923, -37.8833], [144.9907, -37.8917], [144.985, -37.891]]]}, "properties": {"SA2_CODE21": "208011169", "Area": "Brighton", "% dwellings within 400m of any bus service": 0.995126, "% dwellings with 800m of a high quality bus service": 0.351747, "dwellings_2025": 10647, "population_2025": 23512, "SEIFA_Score": 1146, "SEIFA_Decile": 10, "% dwellings within 400m of any public transport service": 0.995532, "% dwellings with 800m of a high quality public transport service": 0.49147, "Binned_any_bus_service_400m_dwellings_percent": 0.9, "Categorical_any_bus_service_400m_dwellings_percent": "90\u2013100%", "Binned_high_quality_bus_service_800m_dwellings_percent": 0.3, "Categorical_high_quality_bus_service_800m_dwellings_percent": "30\u201340%", "Binned_any_public_transport_400m_dwellings_percent": 0.9, "Categorical_any_public_transport_400m_dwellings_percent": "90\u2013100%", "Binned_high_quality_public_transport_800m_dwellings_percent": 0.4, "Categorical_high_quality_public_transport_800m_dwellings_percent": "40\u201350%", "area_km2": 8.2004}}, {"type": "Feature", "geometry": {"type": "Polygon", "coordinates": [[[145.0041, -37.9293], [145.0168, -37.9308], [145.0344, -37.933], [145.0317, -37.9301], [145.0272, -37.9256], [145.0225, -37.9206], [145.0232, -37.9166], [145.0245, -37.9094], [145.0253, -37.9061], [145.026, -37.9022], [145.0122, -37.9005], [145.0063, -37.8998], [145.008, -37.9052], [145.0082, -37.9068], [145.0069, -37.9146], [145.0041, -37.9293]]]}, "properties": {"SA2_CODE21": "208011170", "Area": "Brighton East", "% dwellings within 400m of any bus service": 1, "% dwellings with 800m of a high quality bus service": 0.069307, "dwellings_2025": 6572, "population_2025": 16871, "SEIFA_Score": 1133, "SEIFA_Decile": 10, "% dwellings within 400m of any public transport service": 1, "% dwellings with 800m of a high quality public transport service": 0.216407, "Binned_any_bus_service_400m_dwellings_percent": 1, "Categorical_any_bus_service_400m_dwellings_percent": "90\u2013100%", "Binned_high_quality_bus_service_800m_dwellings_percent": 0, "Categorical_high_quality_bus_service_800m_dwellings_percent": "0\u201310%", "Binned_any_public_transport_400m_dwellings_percent": 1, "Categorical_any_public_transport_400m_dwellings_percent": "90\u2013100%", "Binned_high_quality_public_transport_800m_dwellings_percent": 0.2, "Categorical_high_quality_public_transport_800m_dwellings_percent": "20\u201330%", "area_km2": 5.6083}}, {"type": "Feature", "geometry": {"type": "Polygon", "coordinates": [[[145.0544, -37.9725], [145.0553, -37.9677], [145.0393, -37.9447], [145.0229, -37.9428], [145.0222, -37.9464], [145.0207, -37.9538], [145.0298, -37.9548], [145.0281, -37.9632], [145.0372, -37.9642], [145.0362, -37.9691], [145.036, -37.9702], [145.0544, -37.9725]]]}, "properties": {"SA2_CODE21": "208011171", "Area": "Highett (West) \u2013 Cheltenham", "% dwellings within 400m of any bus service": 0.964206, "% dwellings with 800m of a high quality bus service": 0.508576, "dwellings_2025": 5995, "population_2025": 13882, "SEIFA_Score": 1098, "SEIFA_Decile": 9, "% dwellings within 400m of any public transport service": 0.976137, "% dwellings with 800m of a high quality public transport service": 0.531693, "Binned_any_bus_service_400m_dwellings_percent": 0.9, "Categorical_any_bus_service_400m_dwellings_percent": "90\u2013100%", "Binned_high_quality_bus_service_800m_dwellings_percent": 0.5, "Categorical_high_quality_bus_service_800m_dwellings_percent": "50\u201360%", "Binned_any_public_transport_400m_dwellings_percent": 0.9, "Categorical_any_public_transport_400m_dwellings_percent": "90\u2013100%", "Binned_high_quality_public_transport_800m_dwellings_percent": 0.5, "Categorical_high_quality_public_transport_800m_dwellings_percent": "50\u201360%", "area_km2": 5.3198}}, {"type": "Feature", "geometry": {"type": "Polygon", "coordinates": [[[144.9929, -37.9324], [144.9978, -37.9378], [144.9992, -37.9405], [144.9991, -37.9417], [144.9923, -37.94], [144.9931, -37.944], [144.9949, -37.945], [144.996, -37.945], [144.9975, -37.9443], [145.0012, -37.9447], [145.0013, -37.9443], [145.0095, -37.9453], [145.0106, -37.9449], [145.0222, -37.9464], [145.0229, -37.9428], [145.0393, -37.9447], [145.0377, -37.9424], [145.0365, -37.9385], [145.0365, -37.9356], [145.0344, -37.933], [145.0168, -37.9308], [145.0041, -37.9293], [144.9941, -37.9281], [144.9934, -37.9318], [144.9929, -37.9324]]]}, "properties": {"SA2_CODE21": "208011172", "Area": "Hampton", "% dwellings within 400m of any bus service": 1, "% dwellings with 800m of a high quality bus service": 0.475843, "dwellings_2025": 8365, "population_2025": 19233, "SEIFA_Score": 1115, "SEIFA_Decile": 10, "% dwellings within 400m of any public transport service": 1, "% dwellings with 800m of a high quality public transport service": 0.497191, "Binned_any_bus_service_400m_dwellings_percent": 1, "Categorical_any_bus_service_400m_dwellings_percent": "90\u2013100%", "Binned_high_quality_bus_service_800m_dwellings_percent": 0.4, "Categorical_high_quality_bus_service_800m_dwellings_percent": "40\u201350%", "Binned_any_public_transport_400m_dwellings_percent": 1, "Categorical_any_public_transport_400m_dwellings_percent": "90\u2013100%", "Binned_high_quality_public_transport_800m_dwellings_percent": 0.4, "Categorical_high_quality_public_transport_800m_dwellings_percent": "40\u201350%", "area_km2": 5.6847}}, {"type": "Feature", "geometry": {"type": "Polygon", "coordinates": [[[145.0362, -37.9691], [145.0372, -37.9642], [145.0281, -37.9632], [145.0298, -37.9548], [145.0207, -37.9538], [145.0222, -37.9464], [145.0106, -37.9449], [145.0095, -37.9453], [145.0013, -37.9443], [145.0012, -37.9447], [144.9975, -37.9443], [144.996, -37.945], [144.9949, -37.945], [144.9962, -37.9471], [144.9986, -37.9484], [145.0026, -37.9521], [145.0088, -37.9593], [145.0102, -37.9612], [145.0114, -37.9636], [145.0107, -37.9647], [145.0114, -37.9675], [145.0109, -37.9689], [145.0094, -37.9696], [145.0106, -37.9704], [145.0118, -37.9723], [145.0133, -37.9735], [145.015, -37.9761], [145.0162, -37.9776], [145.0174, -37.9797], [145.018, -37.9818], [145.0213, -37.983], [145.0237, -37.9857], [145.0255, -37.9768], [145.0261, -37.9724], [145.0255, -37.9719], [145.0217, -37.9715], [145.0228, -37.9675], [145.0362, -37.9691]]]}, "properties": {"SA2_CODE21": "208011173", "Area": "Sandringham \u2013 Black Rock", "% dwellings within 400m of any bus service": 0.994662, "% dwellings with 800m of a high quality bus service": 0.382562, "dwellings_2025": 7993, "population_2025": 17939, "SEIFA_Score": 1125, "SEIFA_Decile": 10, "% dwellings within 400m of any public transport service": 0.994662, "% dwellings with 800m of a high quality public transport service": 0.478055, "Binned_any_bus_service_400m_dwellings_percent": 0.9, "Categorical_any_bus_service_400m_dwellings_percent": "90\u2013100%", "Binned_high_quality_bus_service_800m_dwellings_percent": 0.3, "Categorical_high_quality_bus_service_800m_dwellings_percent": "30\u201340%", "Binned_any_public_transport_400m_dwellings_percent": 0.9, "Categorical_any_public_transport_400m_dwellings_percent": "90\u2013100%", "Binned_high_quality_public_transport_800m_dwellings_percent": 0.4, "Categorical_high_quality_public_transport_800m_dwellings_percent": "40\u201350%", "area_km2": 6.4301}}, {"type": "Feature", "geometry": {"type": "Polygon", "coordinates": [[[145.0344, -37.933], [145.0483, -37.9347], [145.0493, -37.9287], [145.051, -37.9201], [145.0527, -37.9096], [145.0434, -37.9084], [145.0387, -37.9077], [145.0253, -37.9061], [145.0245, -37.9094], [145.0232, -37.9166], [145.0225, -37.9206], [145.0272, -37.9256], [145.0317, -37.9301], [145.0344, -37.933]]]}, "properties": {"SA2_CODE21": "208021174", "Area": "Bentleigh \u2013 McKinnon", "% dwellings within 400m of any bus service": 0.987698, "% dwellings with 800m of a high quality bus service": 0.063708, "dwellings_2025": 10795, "population_2025": 25909, "SEIFA_Score": 1102, "SEIFA_Decile": 9, "% dwellings within 400m of any public transport service": 1, "% dwellings with 800m of a high quality public transport service": 0.251757, "Binned_any_bus_service_400m_dwellings_percent": 0.9, "Categorical_any_bus_service_400m_dwellings_percent": "90\u2013100%", "Binned_high_quality_bus_service_800m_dwellings_percent": 0, "Categorical_high_quality_bus_service_800m_dwellings_percent": "0\u201310%", "Binned_any_public_transport_400m_dwellings_percent": 1, "Categorical_any_public_transport_400m_dwellings_percent": "90\u2013100%", "Binned_high_quality_public_transport_800m_dwellings_percent": 0.2, "Categorical_high_quality_public_transport_800m_dwellings_percent": "20\u201330%", "area_km2": 6.2242}}, {"type": "Feature", "geometry": {"type": "Polygon", "coordinates": [[[145.0461, -37.8873], [145.0448, -37.8896], [145.0461, -37.8934], [145.0447, -37.9005], [145.0547, -37.9017], [145.0539, -37.9057], [145.0604, -37.9065], [145.061, -37.9025], [145.0641, -37.9029], [145.0675, -37.8846], [145.0627, -37.8846], [145.0537, -37.8833], [145.0515, -37.8826], [145.0496, -37.881], [145.0461, -37.8873]]]}, "properties": {"SA2_CODE21": "208021176", "Area": "Carnegie", "% dwellings within 400m of any bus service": 0.997572, "% dwellings with 800m of a high quality bus service": 0.109762, "dwellings_2025": 9997, "population_2025": 20070, "SEIFA_Score": 1087, "SEIFA_Decile": 9, "% dwellings within 400m of any public transport service": 0.999514, "% dwellings with 800m of a high quality public transport service": 0.392424, "Binned_any_bus_service_400m_dwellings_percent": 0.9, "Categorical_any_bus_service_400m_dwellings_percent": "90\u2013100%", "Binned_high_quality_bus_service_800m_dwellings_percent": 0.1, "Categorical_high_quality_bus_service_800m_dwellings_percent": "10\u201320%", "Binned_any_public_transport_400m_dwellings_percent": 0.9, "Categorical_any_public_transport_400m_dwellings_percent": "90\u2013100%", "Binned_high_quality_public_transport_800m_dwellings_percent": 0.3, "Categorical_high_quality_public_transport_800m_dwellings_percent": "30\u201340%", "area_km2": 3.8045}}, {"type": "Feature", "geometry": {"type": "Polygon", "coordinates": [[[144.998, -37.8769], [145.0163, -37.8791], [145.0301, -37.8809], [145.0346, -37.8814], [145.0382, -37.8863], [145.0461, -37.8873], [145.0496, -37.881], [145.0465, -37.877], [145.045, -37.876], [145.0402, -37.8751], [145.0383, -37.8737], [145.0326, -37.8684], [145.0314, -37.8683], [145.0294, -37.867], [145.0277, -37.8663], [145.0151, -37.8608], [145.0105, -37.8602], [145.0092, -37.8676], [145, -37.8664], [144.998, -37.8769]]]}, "properties": {"SA2_CODE21": "208021177", "Area": "Caulfield \u2013 North", "% dwellings within 400m of any bus service": 0.948873, "% dwellings with 800m of a high quality bus service": 0.218804, "dwellings_2025": 11077, "population_2025": 24185, "SEIFA_Score": 1122, "SEIFA_Decile": 10, "% dwellings within 400m of any public transport service": 0.9974, "% dwellings with 800m of a high quality public transport service": 0.709705, "Binned_any_bus_service_400m_dwellings_percent": 0.9, "Categorical_any_bus_service_400m_dwellings_percent": "90\u2013100%", "Binned_high_quality_bus_service_800m_dwellings_percent": 0.2, "Categorical_high_quality_bus_service_800m_dwellings_percent": "20\u201330%", "Binned_any_public_transport_400m_dwellings_percent": 0.9, "Categorical_any_public_transport_400m_dwellings_percent": "90\u2013100%", "Binned_high_quality_public_transport_800m_dwellings_percent": 0.7, "Categorical_high_quality_public_transport_800m_dwellings_percent": "70\u201380%", "area_km2": 6.4189}}, {"type": "Feature", "geometry": {"type": "Polygon", "coordinates": [[[145.026, -37.9022], [145.0349, -37.9033], [145.0382, -37.8863], [145.0346, -37.8814], [145.0301, -37.8809], [145.0163, -37.8791], [145.015, -37.886], [145.0122, -37.9005], [145.026, -37.9022]]]}, "properties": {"SA2_CODE21": "208021178", "Area": "Caulfield \u2013 South", "% dwellings within 400m of any bus service": 0.878661, "% dwellings with 800m of a high quality bus service": 0.186491, "dwellings_2025": 7931, "population_2025": 18850, "SEIFA_Score": 1120, "SEIFA_Decile": 10, "% dwellings within 400m of any public transport service": 0.997011, "% dwellings with 800m of a high quality public transport service": 0.687388, "Binned_any_bus_service_400m_dwellings_percent": 0.8, "Categorical_any_bus_service_400m_dwellings_percent": "80\u201390%", "Binned_high_quality_bus_service_800m_dwellings_percent": 0.1, "Categorical_high_quality_bus_service_800m_dwellings_percent": "10\u201320%", "Binned_any_public_transport_400m_dwellings_percent": 0.9, "Categorical_any_public_transport_400m_dwellings_percent": "90\u2013100%", "Binned_high_quality_public_transport_800m_dwellings_percent": 0.6, "Categorical_high_quality_public_transport_800m_dwellings_percent": "60\u201370%", "area_km2": 4.7426}}, {"type": "Feature", "geometry": {"type": "Polygon", "coordinates": [[[144.997, -37.8838], [145.001, -37.8886], [145.006, -37.8982], [145.0063, -37.8998], [145.0122, -37.9005], [145.015, -37.886], [145.0163, -37.8791], [144.998, -37.8769], [144.9968, -37.8835], [144.997, -37.8838]]]}, "properties": {"SA2_CODE21": "208021179", "Area": "Elsternwick", "% dwellings within 400m of any bus service": 0.995309, "% dwellings with 800m of a high quality bus service": 0.657545, "dwellings_2025": 6120, "population_2025": 12598, "SEIFA_Score": 1118, "SEIFA_Decile": 10, "% dwellings within 400m of any public transport service": 0.997654, "% dwellings with 800m of a high quality public transport service": 0.759969, "Binned_any_bus_service_400m_dwellings_percent": 0.9, "Categorical_any_bus_service_400m_dwellings_percent": "90\u2013100%", "Binned_high_quality_bus_service_800m_dwellings_percent": 0.6, "Categorical_high_quality_bus_service_800m_dwellings_percent": "60\u201370%", "Binned_any_public_transport_400m_dwellings_percent": 0.9, "Categorical_any_public_transport_400m_dwellings_percent": "90\u2013100%", "Binned_high_quality_public_transport_800m_dwellings_percent": 0.7, "Categorical_high_quality_public_transport_800m_dwellings_percent": "70\u201380%", "area_km2": 2.8616}}, {"type": "Feature", "geometry": {"type": "Polygon", "coordinates": [[[145.0782, -37.8871], [145.0746, -37.9062], [145.0742, -37.9081], [145.0852, -37.9095], [145.0852, -37.9091], [145.0866, -37.9015], [145.0874, -37.8984], [145.0874, -37.8971], [145.0882, -37.893], [145.0853, -37.8924], [145.0834, -37.8912], [145.0818, -37.8891], [145.0803, -37.8879], [145.0782, -37.8871]]]}, "properties": {"SA2_CODE21": "208021180", "Area": "Hughesdale", "% dwellings within 400m of any bus service": 1, "% dwellings with 800m of a high quality bus service": 0.606602, "dwellings_2025": 3556, "population_2025": 8105, "SEIFA_Score": 1073, "SEIFA_Decile": 8, "% dwellings within 400m of any public transport service": 1, "% dwellings with 800m of a high quality public transport service": 0.606602, "Binned_any_bus_service_400m_dwellings_percent": 1, "Categorical_any_bus_service_400m_dwellings_percent": "90\u2013100%", "Binned_high_quality_bus_service_800m_dwellings_percent": 0.6, "Categorical_high_quality_bus_service_800m_dwellings_percent": "60\u201370%", "Binned_any_public_transport_400m_dwellings_percent": 1, "Categorical_any_public_transport_400m_dwellings_percent": "90\u2013100%", "Binned_high_quality_public_transport_800m_dwellings_percent": 0.6, "Categorical_high_quality_public_transport_800m_dwellings_percent": "60\u201370%", "area_km2": 2.0095}}, {"type": "Feature", "geometry": {"type": "Polygon", "coordinates": [[[145.0604, -37.9065], [145.0621, -37.9066], [145.0742, -37.9081], [145.0746, -37.9062], [145.0782, -37.8871], [145.0721, -37.8849], [145.07, -37.8846], [145.0675, -37.8846], [145.0641, -37.9029], [145.061, -37.9025], [145.0604, -37.9065]]]}, "properties": {"SA2_CODE21": "208021181", "Area": "Murrumbeena", "% dwellings within 400m of any bus service": 1, "% dwellings with 800m of a high quality bus service": 0.39824, "dwellings_2025": 4479, "population_2025": 9814, "SEIFA_Score": 1099, "SEIFA_Decile": 9, "% dwellings within 400m of any public transport service": 1, "% dwellings with 800m of a high quality public transport service": 0.530253, "Binned_any_bus_service_400m_dwellings_percent": 1, "Categorical_any_bus_service_400m_dwellings_percent": "90\u2013100%", "Binned_high_quality_bus_service_800m_dwellings_percent": 0.3, "Categorical_high_quality_bus_service_800m_dwellings_percent": "30\u201340%", "Binned_any_public_transport_400m_dwellings_percent": 1, "Categorical_any_public_transport_400m_dwellings_percent": "90\u2013100%", "Binned_high_quality_public_transport_800m_dwellings_percent": 0.5, "Categorical_high_quality_public_transport_800m_dwellings_percent": "50\u201360%", "area_km2": 2.5148}}, {"type": "Feature", "geometry": {"type": "Polygon", "coordinates": [[[145.0253, -37.9061], [145.0387, -37.9077], [145.0434, -37.9084], [145.0527, -37.9096], [145.0535, -37.9056], [145.0539, -37.9057], [145.0547, -37.9017], [145.0447, -37.9005], [145.0461, -37.8934], [145.0448, -37.8896], [145.0461, -37.8873], [145.0382, -37.8863], [145.0349, -37.9033], [145.026, -37.9022], [145.0253, -37.9061]]]}, "properties": {"SA2_CODE21": "208021182", "Area": "Ormond \u2013 Glen Huntly", "% dwellings within 400m of any bus service": 0.945015, "% dwellings with 800m of a high quality bus service": 0.370235, "dwellings_2025": 6497, "population_2025": 13815, "SEIFA_Score": 1090, "SEIFA_Decile": 9, "% dwellings within 400m of any public transport service": 1, "% dwellings with 800m of a high quality public transport service": 0.609971, "Binned_any_bus_service_400m_dwellings_percent": 0.9, "Categorical_any_bus_service_400m_dwellings_percent": "90\u2013100%", "Binned_high_quality_bus_service_800m_dwellings_percent": 0.3, "Categorical_high_quality_bus_service_800m_dwellings_percent": "30\u201340%", "Binned_any_public_transport_400m_dwellings_percent": 1, "Categorical_any_public_transport_400m_dwellings_percent": "90\u2013100%", "Binned_high_quality_public_transport_800m_dwellings_percent": 0.6, "Categorical_high_quality_public_transport_800m_dwellings_percent": "60\u201370%", "area_km2": 2.9371}}, {"type": "Feature", "geometry": {"type": "Polygon", "coordinates": [[[145.051, -37.9201], [145.0754, -37.9232], [145.0825, -37.924], [145.0832, -37.9202], [145.0852, -37.9099], [145.0852, -37.9095], [145.0742, -37.9081], [145.0621, -37.9066], [145.0604, -37.9065], [145.0539, -37.9057], [145.0535, -37.9056], [145.0527, -37.9096], [145.051, -37.9201]]]}, "properties": {"SA2_CODE21": "208021426", "Area": "Bentleigh East \u2013 North", "% dwellings within 400m of any bus service": 1, "% dwellings with 800m of a high quality bus service": 0.417261, "dwellings_2025": 6844, "population_2025": 17617, "SEIFA_Score": 1091, "SEIFA_Decile": 9, "% dwellings within 400m of any public transport service": 1, "% dwellings with 800m of a high quality public transport service": 0.417261, "Binned_any_bus_service_400m_dwellings_percent": 1, "Categorical_any_bus_service_400m_dwellings_percent": "90\u2013100%", "Binned_high_quality_bus_service_800m_dwellings_percent": 0.4, "Categorical_high_quality_bus_service_800m_dwellings_percent": "40\u201350%", "Binned_any_public_transport_400m_dwellings_percent": 1, "Categorical_any_public_transport_400m_dwellings_percent": "90\u2013100%", "Binned_high_quality_public_transport_800m_dwellings_percent": 0.4, "Categorical_high_quality_public_transport_800m_dwellings_percent": "40\u201350%", "area_km2": 4.5989}}, {"type": "Feature", "geometry": {"type": "Polygon", "coordinates": [[[145.0483, -37.9347], [145.0549, -37.9355], [145.0568, -37.9359], [145.0686, -37.9374], [145.0735, -37.9378], [145.0795, -37.9387], [145.08, -37.9371], [145.0812, -37.9301], [145.0825, -37.924], [145.0754, -37.9232], [145.051, -37.9201], [145.0493, -37.9287], [145.0483, -37.9347]]]}, "properties": {"SA2_CODE21": "208021427", "Area": "Bentleigh East \u2013 South", "% dwellings within 400m of any bus service": 1, "% dwellings with 800m of a high quality bus service": 0.44739, "dwellings_2025": 5979, "population_2025": 14589, "SEIFA_Score": 1090, "SEIFA_Decile": 9, "% dwellings within 400m of any public transport service": 1, "% dwellings with 800m of a high quality public transport service": 0.44739, "Binned_any_bus_service_400m_dwellings_percent": 1, "Categorical_any_bus_service_400m_dwellings_percent": "90\u2013100%", "Binned_high_quality_bus_service_800m_dwellings_percent": 0.4, "Categorical_high_quality_bus_service_800m_dwellings_percent": "40\u201350%", "Binned_any_public_transport_400m_dwellings_percent": 1, "Categorical_any_public_transport_400m_dwellings_percent": "90\u2013100%", "Binned_high_quality_public_transport_800m_dwellings_percent": 0.4, "Categorical_high_quality_public_transport_800m_dwellings_percent": "40\u201350%", "area_km2": 4.5882}}, {"type": "Feature", "geometry": {"type": "Polygon", "coordinates": [[[145.1034, -38.012], [145.1027, -38.0121], [145.1006, -38.0136], [145.1231, -38.0337], [145.1231, -38.0338], [145.1312, -38.028], [145.1335, -38.0254], [145.1386, -38.02], [145.1393, -38.0188], [145.1408, -38.0107], [145.1359, -38.0111], [145.1332, -38.0108], [145.1152, -38.0086], [145.114, -38.0149], [145.1034, -38.012]]]}, "properties": {"SA2_CODE21": "208031183", "Area": "Aspendale Gardens \u2013 Waterways", "% dwellings within 400m of any bus service": 0.932584, "% dwellings with 800m of a high quality bus service": 0.05618, "dwellings_2025": 3021, "population_2025": 8916, "SEIFA_Score": 1079, "SEIFA_Decile": 9, "% dwellings within 400m of any public transport service": 0.932584, "% dwellings with 800m of a high quality public transport service": 0.05618, "Binned_any_bus_service_400m_dwellings_percent": 0.9, "Categorical_any_bus_service_400m_dwellings_percent": "90\u2013100%", "Binned_high_quality_bus_service_800m_dwellings_percent": 0, "Categorical_high_quality_bus_service_800m_dwellings_percent": "0\u201310%", "Binned_any_public_transport_400m_dwellings_percent": 0.9, "Categorical_any_public_transport_400m_dwellings_percent": "90\u2013100%", "Binned_high_quality_public_transport_800m_dwellings_percent": 0, "Categorical_high_quality_public_transport_800m_dwellings_percent": "0\u201310%", "area_km2": 5.3073}}, {"type": "Feature", "geometry": {"type": "Polygon", "coordinates": [[[145.1408, -38.0107], [145.1414, -38.0075], [145.1429, -38.0001], [145.1447, -37.9909], [145.1337, -37.9896], [145.1189, -37.9878], [145.1181, -37.9852], [145.1172, -37.9837], [145.1163, -37.98], [145.1161, -37.9775], [145.1163, -37.9744], [145.1171, -37.973], [145.1117, -37.9723], [145.1093, -37.9866], [145.1089, -37.9876], [145.1075, -37.9895], [145.1068, -37.9925], [145.1033, -38.0108], [145.1034, -38.0119], [145.1034, -38.012], [145.114, -38.0149], [145.1152, -38.0086], [145.1332, -38.0108], [145.1359, -38.0111], [145.1408, -38.0107]]]}, "properties": {"SA2_CODE21": "208031184", "Area": "Braeside", "% dwellings within 400m of any bus service": 0.895899, "% dwellings with 800m of a high quality bus service": 0.022082, "dwellings_2025": 23, "population_2025": 28, "SEIFA_Score": null, "SEIFA_Decile": null, "% dwellings within 400m of any public transport service": 0.895899, "% dwellings with 800m of a high quality public transport service": 0.022082, "Binned_any_bus_service_400m_dwellings_percent": 0.8, "Categorical_any_bus_service_400m_dwellings_percent": "80\u201390%", "Binned_high_quality_bus_service_800m_dwellings_percent": 0, "Categorical_high_quality_bus_service_800m_dwellings_percent": "0\u201310%", "Binned_any_public_transport_400m_dwellings_percent": 0.8, "Categorical_any_public_transport_400m_dwellings_percent": "80\u201390%", "Binned_high_quality_public_transport_800m_dwellings_percent": 0, "Categorical_high_quality_public_transport_800m_dwellings_percent": "0\u201310%", "area_km2": 9.0819}}, {"type": "Feature", "geometry": {"type": "Polygon", "coordinates": [[[145.1255, -38.0713], [145.12, -38.0735], [145.1201, -38.0752], [145.1224, -38.0828], [145.1228, -38.085], [145.1245, -38.0847], [145.1238, -38.0822], [145.127, -38.0817], [145.128, -38.0818], [145.1314, -38.0837], [145.1322, -38.0837], [145.1363, -38.0824], [145.1386, -38.0831], [145.1415, -38.0825], [145.1487, -38.0834], [145.1488, -38.0803], [145.1498, -38.075], [145.1546, -38.0756], [145.1563, -38.0674], [145.1552, -38.0672], [145.1503, -38.0673], [145.1494, -38.0639], [145.1469, -38.057], [145.1448, -38.0515], [145.1345, -38.055], [145.1389, -38.0631], [145.1397, -38.0647], [145.1349, -38.0687], [145.1309, -38.0693], [145.1282, -38.0702], [145.1255, -38.0713]]]}, "properties": {"SA2_CODE21": "208031185", "Area": "Carrum \u2013 Patterson Lakes", "% dwellings within 400m of any bus service": 0.933388, "% dwellings with 800m of a high quality bus service": 0, "dwellings_2025": 5629, "population_2025": 12491, "SEIFA_Score": 1033, "SEIFA_Decile": 7, "% dwellings within 400m of any public transport service": 0.933388, "% dwellings with 800m of a high quality public transport service": 0.072368, "Binned_any_bus_service_400m_dwellings_percent": 0.9, "Categorical_any_bus_service_400m_dwellings_percent": "90\u2013100%", "Binned_high_quality_bus_service_800m_dwellings_percent": 0, "Categorical_high_quality_bus_service_800m_dwellings_percent": "0\u201310%", "Binned_any_public_transport_400m_dwellings_percent": 0.9, "Categorical_any_public_transport_400m_dwellings_percent": "90\u2013100%", "Binned_high_quality_public_transport_800m_dwellings_percent": 0, "Categorical_high_quality_public_transport_800m_dwellings_percent": "0\u201310%", "area_km2": 5.8242}}, {"type": "Feature", "geometry": {"type": "Polygon", "coordinates": [[[145.1345, -38.055], [145.1291, -38.0448], [145.1259, -38.0392], [145.1227, -38.0402], [145.1232, -38.0414], [145.1128, -38.0449], [145.1099, -38.046], [145.1128, -38.052], [145.1135, -38.0541], [145.1148, -38.0566], [145.117, -38.0627], [145.1175, -38.0651], [145.1188, -38.069], [145.1198, -38.0729], [145.125, -38.0712], [145.1255, -38.0713], [145.1282, -38.0702], [145.1309, -38.0693], [145.1349, -38.0687], [145.1397, -38.0647], [145.1389, -38.0631], [145.1345, -38.055]]]}, "properties": {"SA2_CODE21": "208031186", "Area": "Chelsea \u2013 Bonbeach", "% dwellings within 400m of any bus service": 0.946556, "% dwellings with 800m of a high quality bus service": 0.10867, "dwellings_2025": 7566, "population_2025": 15933, "SEIFA_Score": 1037, "SEIFA_Decile": 7, "% dwellings within 400m of any public transport service": 0.957838, "% dwellings with 800m of a high quality public transport service": 0.178147, "Binned_any_bus_service_400m_dwellings_percent": 0.9, "Categorical_any_bus_service_400m_dwellings_percent": "90\u2013100%", "Binned_high_quality_bus_service_800m_dwellings_percent": 0.1, "Categorical_high_quality_bus_service_800m_dwellings_percent": "10\u201320%", "Binned_any_public_transport_400m_dwellings_percent": 0.9, "Categorical_any_public_transport_400m_dwellings_percent": "90\u2013100%", "Binned_high_quality_public_transport_800m_dwellings_percent": 0.1, "Categorical_high_quality_public_transport_800m_dwellings_percent": "10\u201320%", "area_km2": 5.423}}, {"type": "Feature", "geometry": {"type": "Polygon", "coordinates": [[[145.1231, -38.0338], [145.1259, -38.0392], [145.1291, -38.0448], [145.1345, -38.055], [145.1448, -38.0515], [145.1435, -38.0477], [145.1378, -38.0323], [145.1353, -38.0277], [145.1335, -38.0254], [145.1312, -38.028], [145.1231, -38.0338]]]}, "properties": {"SA2_CODE21": "208031187", "Area": "Chelsea Heights", "% dwellings within 400m of any bus service": 1, "% dwellings with 800m of a high quality bus service": 0.035052, "dwellings_2025": 2144, "population_2025": 5490, "SEIFA_Score": 1024, "SEIFA_Decile": 7, "% dwellings within 400m of any public transport service": 1, "% dwellings with 800m of a high quality public transport service": 0.035052, "Binned_any_bus_service_400m_dwellings_percent": 1, "Categorical_any_bus_service_400m_dwellings_percent": "90\u2013100%", "Binned_high_quality_bus_service_800m_dwellings_percent": 0, "Categorical_high_quality_bus_service_800m_dwellings_percent": "0\u201310%", "Binned_any_public_transport_400m_dwellings_percent": 1, "Categorical_any_public_transport_400m_dwellings_percent": "90\u2013100%", "Binned_high_quality_public_transport_800m_dwellings_percent": 0, "Categorical_high_quality_public_transport_800m_dwellings_percent": "0\u201310%", "area_km2": 3.1958}}, {"type": "Feature", "geometry": {"type": "Polygon", "coordinates": [[[145.0542, -37.9735], [145.0651, -37.9748], [145.0643, -37.9738], [145.075, -37.9751], [145.0751, -37.9749], [145.0863, -37.9762], [145.0862, -37.9744], [145.0871, -37.9692], [145.0923, -37.9699], [145.0932, -37.9648], [145.084, -37.9637], [145.0845, -37.9614], [145.0755, -37.9602], [145.0774, -37.9498], [145.059, -37.9476], [145.0591, -37.9472], [145.0437, -37.9452], [145.0393, -37.9447], [145.0553, -37.9677], [145.0544, -37.9725], [145.0542, -37.9735]]]}, "properties": {"SA2_CODE21": "208031188", "Area": "Highett (East) \u2013 Cheltenham", "% dwellings within 400m of any bus service": 0.984995, "% dwellings with 800m of a high quality bus service": 0.550911, "dwellings_2025": 11619, "population_2025": 25902, "SEIFA_Score": 1055, "SEIFA_Decile": 8, "% dwellings within 400m of any public transport service": 0.985352, "% dwellings with 800m of a high quality public transport service": 0.554126, "Binned_any_bus_service_400m_dwellings_percent": 0.9, "Categorical_any_bus_service_400m_dwellings_percent": "90\u2013100%", "Binned_high_quality_bus_service_800m_dwellings_percent": 0.5, "Categorical_high_quality_bus_service_800m_dwellings_percent": "50\u201360%", "Binned_any_public_transport_400m_dwellings_percent": 0.9, "Categorical_any_public_transport_400m_dwellings_percent": "90\u2013100%", "Binned_high_quality_public_transport_800m_dwellings_percent": 0.5, "Categorical_high_quality_public_transport_800m_dwellings_percent": "50\u201360%", "area_km2": 8.7376}}, {"type": "Feature", "geometry": {"type": "Polygon", "coordinates": [[[145.1034, -38.012], [145.1034, -38.0119], [145.0972, -38.0102], [145.0951, -38.0109], [145.093, -38.0106], [145.0912, -38.0109], [145.0883, -38.0092], [145.085, -38.0104], [145.0875, -38.0119], [145.0906, -38.0149], [145.0942, -38.0192], [145.0958, -38.0214], [145.0997, -38.0272], [145.1016, -38.0302], [145.1052, -38.0367], [145.108, -38.0421], [145.1087, -38.0438], [145.1099, -38.046], [145.1128, -38.0449], [145.1232, -38.0414], [145.1227, -38.0402], [145.1259, -38.0392], [145.1231, -38.0338], [145.1231, -38.0337], [145.1006, -38.0136], [145.1027, -38.0121], [145.1034, -38.012]]]}, "properties": {"SA2_CODE21": "208031189", "Area": "Edithvale \u2013 Aspendale", "% dwellings within 400m of any bus service": 0.949534, "% dwellings with 800m of a high quality bus service": 0.242236, "dwellings_2025": 5872, "population_2025": 14264, "SEIFA_Score": 1077, "SEIFA_Decile": 9, "% dwellings within 400m of any public transport service": 0.951087, "% dwellings with 800m of a high quality public transport service": 0.384317, "Binned_any_bus_service_400m_dwellings_percent": 0.9, "Categorical_any_bus_service_400m_dwellings_percent": "90\u2013100%", "Binned_high_quality_bus_service_800m_dwellings_percent": 0.2, "Categorical_high_quality_bus_service_800m_dwellings_percent": "20\u201330%", "Binned_any_public_transport_400m_dwellings_percent": 0.9, "Categorical_any_public_transport_400m_dwellings_percent": "90\u2013100%", "Binned_high_quality_public_transport_800m_dwellings_percent": 0.3, "Categorical_high_quality_public_transport_800m_dwellings_percent": "30\u201340%", "area_km2": 5.1001}}, {"type": "Feature", "geometry": {"type": "Polygon", "coordinates": [[[145.0517, -37.9868], [145.0553, -37.9877], [145.0578, -37.9886], [145.0617, -37.9905], [145.0656, -37.9928], [145.0687, -37.9949], [145.0691, -37.9942], [145.0714, -37.9822], [145.0744, -37.9827], [145.0752, -37.9832], [145.0788, -37.987], [145.0799, -37.983], [145.0953, -37.9849], [145.0933, -37.9842], [145.0931, -37.9827], [145.0934, -37.9809], [145.0908, -37.9806], [145.0909, -37.9799], [145.0883, -37.9796], [145.0888, -37.9767], [145.0863, -37.9762], [145.0751, -37.9749], [145.075, -37.9751], [145.0643, -37.9738], [145.0651, -37.9748], [145.0542, -37.9735], [145.0517, -37.9868]]]}, "properties": {"SA2_CODE21": "208031190", "Area": "Mentone", "% dwellings within 400m of any bus service": 0.965841, "% dwellings with 800m of a high quality bus service": 0.512391, "dwellings_2025": 6535, "population_2025": 13677, "SEIFA_Score": 1072, "SEIFA_Decile": 8, "% dwellings within 400m of any public transport service": 0.965841, "% dwellings with 800m of a high quality public transport service": 0.51708, "Binned_any_bus_service_400m_dwellings_percent": 0.9, "Categorical_any_bus_service_400m_dwellings_percent": "90\u2013100%", "Binned_high_quality_bus_service_800m_dwellings_percent": 0.5, "Categorical_high_quality_bus_service_800m_dwellings_percent": "50\u201360%", "Binned_any_public_transport_400m_dwellings_percent": 0.9, "Categorical_any_public_transport_400m_dwellings_percent": "90\u2013100%", "Binned_high_quality_public_transport_800m_dwellings_percent": 0.5, "Categorical_high_quality_public_transport_800m_dwellings_percent": "50\u201360%", "area_km2": 4.45}}, {"type": "Feature", "geometry": {"type": "Polygon", "coordinates": [[[145.0393, -37.9447], [145.0437, -37.9452], [145.0591, -37.9472], [145.059, -37.9476], [145.0774, -37.9498], [145.0755, -37.9602], [145.0845, -37.9614], [145.084, -37.9637], [145.0932, -37.9648], [145.0923, -37.9699], [145.1117, -37.9723], [145.1121, -37.9698], [145.1106, -37.9663], [145.1123, -37.9575], [145.1031, -37.9563], [145.1002, -37.9488], [145.0994, -37.947], [145.0972, -37.9444], [145.0939, -37.942], [145.0896, -37.9402], [145.0871, -37.9396], [145.0795, -37.9387], [145.0735, -37.9378], [145.0686, -37.9374], [145.0568, -37.9359], [145.0549, -37.9355], [145.0483, -37.9347], [145.0344, -37.933], [145.0365, -37.9356], [145.0365, -37.9385], [145.0377, -37.9424], [145.0393, -37.9447]]]}, "properties": {"SA2_CODE21": "208031191", "Area": "Moorabbin \u2013 Heatherton", "% dwellings within 400m of any bus service": 0.963079, "% dwellings with 800m of a high quality bus service": 0.424195, "dwellings_2025": 4038, "population_2025": 9638, "SEIFA_Score": 1066, "SEIFA_Decile": 8, "% dwellings within 400m of any public transport service": 0.963079, "% dwellings with 800m of a high quality public transport service": 0.424195, "Binned_any_bus_service_400m_dwellings_percent": 0.9, "Categorical_any_bus_service_400m_dwellings_percent": "90\u2013100%", "Binned_high_quality_bus_service_800m_dwellings_percent": 0.4, "Categorical_high_quality_bus_service_800m_dwellings_percent": "40\u201350%", "Binned_any_public_transport_400m_dwellings_percent": 0.9, "Categorical_any_public_transport_400m_dwellings_percent": "90\u2013100%", "Binned_high_quality_public_transport_800m_dwellings_percent": 0.4, "Categorical_high_quality_public_transport_800m_dwellings_percent": "40\u201350%", "area_km2": 11.6997}}, {"type": "Feature", "geometry": {"type": "Polygon", "coordinates": [[[145.1117, -37.9723], [145.0923, -37.9699], [145.0871, -37.9692], [145.0862, -37.9744], [145.0863, -37.9762], [145.0888, -37.9767], [145.0883, -37.9796], [145.0909, -37.9799], [145.0908, -37.9806], [145.0934, -37.9809], [145.0931, -37.9827], [145.0933, -37.9842], [145.0953, -37.9849], [145.1093, -37.9866], [145.1117, -37.9723]]]}, "properties": {"SA2_CODE21": "208031192", "Area": "Moorabbin Airport", "% dwellings within 400m of any bus service": 0.586207, "% dwellings with 800m of a high quality bus service": 0.103448, "dwellings_2025": 3, "population_2025": 26, "SEIFA_Score": null, "SEIFA_Decile": null, "% dwellings within 400m of any public transport service": 0.586207, "% dwellings with 800m of a high quality public transport service": 0.103448, "Binned_any_bus_service_400m_dwellings_percent": 0.5, "Categorical_any_bus_service_400m_dwellings_percent": "50\u201360%", "Binned_high_quality_bus_service_800m_dwellings_percent": 0.1, "Categorical_high_quality_bus_service_800m_dwellings_percent": "10\u201320%", "Binned_any_public_transport_400m_dwellings_percent": 0.5, "Categorical_any_public_transport_400m_dwellings_percent": "50\u201360%", "Binned_high_quality_public_transport_800m_dwellings_percent": 0.1, "Categorical_high_quality_public_transport_800m_dwellings_percent": "10\u201320%", "area_km2": 3.0755}}, {"type": "Feature", "geometry": {"type": "Polygon", "coordinates": [[[145.1093, -37.9866], [145.0953, -37.9849], [145.0799, -37.983], [145.0788, -37.987], [145.0752, -37.9832], [145.0744, -37.9827], [145.0714, -37.9822], [145.0691, -37.9942], [145.0687, -37.9949], [145.0721, -37.9973], [145.0751, -38.0002], [145.0771, -38.0017], [145.0811, -38.0058], [145.0823, -38.0072], [145.0845, -38.0105], [145.085, -38.0104], [145.0883, -38.0092], [145.0912, -38.0109], [145.093, -38.0106], [145.0951, -38.0109], [145.0972, -38.0102], [145.1034, -38.0119], [145.1033, -38.0108], [145.1068, -37.9925], [145.1075, -37.9895], [145.1089, -37.9876], [145.1093, -37.9866]]]}, "properties": {"SA2_CODE21": "208031193", "Area": "Mordialloc \u2013 Parkdale", "% dwellings within 400m of any bus service": 0.996401, "% dwellings with 800m of a high quality bus service": 0.136302, "dwellings_2025": 9513, "population_2025": 22383, "SEIFA_Score": 1082, "SEIFA_Decile": 9, "% dwellings within 400m of any public transport service": 0.996401, "% dwellings with 800m of a high quality public transport service": 0.223572, "Binned_any_bus_service_400m_dwellings_percent": 0.9, "Categorical_any_bus_service_400m_dwellings_percent": "90\u2013100%", "Binned_high_quality_bus_service_800m_dwellings_percent": 0.1, "Categorical_high_quality_bus_service_800m_dwellings_percent": "10\u201320%", "Binned_any_public_transport_400m_dwellings_percent": 0.9, "Categorical_any_public_transport_400m_dwellings_percent": "90\u2013100%", "Binned_high_quality_public_transport_800m_dwellings_percent": 0.2, "Categorical_high_quality_public_transport_800m_dwellings_percent": "20\u201330%", "area_km2": 7.9681}}, {"type": "Feature", "geometry": {"type": "Polygon", "coordinates": [[[145.0277, -37.8663], [145.0294, -37.867], [145.0314, -37.8683], [145.0326, -37.8684], [145.0383, -37.8737], [145.0401, -37.8639], [145.0581, -37.8661], [145.0595, -37.8646], [145.0607, -37.8659], [145.0616, -37.8674], [145.0636, -37.8671], [145.0618, -37.8655], [145.0622, -37.8638], [145.0617, -37.8624], [145.0627, -37.8595], [145.06, -37.8582], [145.0595, -37.857], [145.0598, -37.8548], [145.0577, -37.8543], [145.0571, -37.8534], [145.0545, -37.852], [145.0511, -37.8512], [145.0467, -37.8483], [145.0445, -37.8482], [145.0428, -37.8477], [145.0403, -37.8456], [145.0403, -37.8448], [145.0401, -37.8403], [145.0387, -37.8388], [145.036, -37.8379], [145.0327, -37.8373], [145.0323, -37.8398], [145.0318, -37.8398], [145.0311, -37.8436], [145.0315, -37.8438], [145.0301, -37.8516], [145.0277, -37.8663]]]}, "properties": {"SA2_CODE21": "208041194", "Area": "Malvern \u2013 Glen Iris", "% dwellings within 400m of any bus service": 0.682147, "% dwellings with 800m of a high quality bus service": 0, "dwellings_2025": 10660, "population_2025": 21550, "SEIFA_Score": 1137, "SEIFA_Decile": 10, "% dwellings within 400m of any public transport service": 1, "% dwellings with 800m of a high quality public transport service": 0.812527, "Binned_any_bus_service_400m_dwellings_percent": 0.6, "Categorical_any_bus_service_400m_dwellings_percent": "60\u201370%", "Binned_high_quality_bus_service_800m_dwellings_percent": 0, "Categorical_high_quality_bus_service_800m_dwellings_percent": "0\u201310%", "Binned_any_public_transport_400m_dwellings_percent": 1, "Categorical_any_public_transport_400m_dwellings_percent": "90\u2013100%", "Binned_high_quality_public_transport_800m_dwellings_percent": 0.8, "Categorical_high_quality_public_transport_800m_dwellings_percent": "80\u201390%", "area_km2": 6.1552}}, {"type": "Feature", "geometry": {"type": "Polygon", "coordinates": [[[145.0653, -37.8675], [145.0642, -37.868], [145.0636, -37.8671], [145.0616, -37.8674], [145.0607, -37.8659], [145.0595, -37.8646], [145.0581, -37.8661], [145.0401, -37.8639], [145.0383, -37.8737], [145.0402, -37.8751], [145.045, -37.876], [145.0465, -37.877], [145.0496, -37.881], [145.0515, -37.8826], [145.0537, -37.8833], [145.0627, -37.8846], [145.0675, -37.8846], [145.07, -37.8846], [145.0721, -37.8849], [145.0782, -37.8871], [145.0803, -37.8879], [145.0818, -37.8891], [145.0834, -37.8912], [145.0853, -37.8924], [145.0882, -37.893], [145.0892, -37.8878], [145.0907, -37.8803], [145.0922, -37.8719], [145.0909, -37.8723], [145.0875, -37.8714], [145.0862, -37.872], [145.0842, -37.8722], [145.0821, -37.8731], [145.0799, -37.8732], [145.0782, -37.8747], [145.075, -37.8759], [145.0731, -37.8758], [145.0717, -37.8751], [145.069, -37.8743], [145.0687, -37.8718], [145.0653, -37.8675]]]}, "properties": {"SA2_CODE21": "208041195", "Area": "Malvern East", "% dwellings within 400m of any bus service": 0.983258, "% dwellings with 800m of a high quality bus service": 0.149321, "dwellings_2025": 10271, "population_2025": 23158, "SEIFA_Score": 1128, "SEIFA_Decile": 10, "% dwellings within 400m of any public transport service": 0.99095, "% dwellings with 800m of a high quality public transport service": 0.439367, "Binned_any_bus_service_400m_dwellings_percent": 0.9, "Categorical_any_bus_service_400m_dwellings_percent": "90\u2013100%", "Binned_high_quality_bus_service_800m_dwellings_percent": 0.1, "Categorical_high_quality_bus_service_800m_dwellings_percent": "10\u201320%", "Binned_any_public_transport_400m_dwellings_percent": 0.9, "Categorical_any_public_transport_400m_dwellings_percent": "90\u2013100%", "Binned_high_quality_public_transport_800m_dwellings_percent": 0.4, "Categorical_high_quality_public_transport_800m_dwellings_percent": "40\u201350%", "area_km2": 7.5666}}, {"type": "Feature", "geometry": {"type": "Polygon", "coordinates": [[[145.0682, -37.686], [145.067, -37.6876], [145.0615, -37.6934], [145.0599, -37.6952], [145.0582, -37.7], [145.0575, -37.7025], [145.0513, -37.7084], [145.0646, -37.7094], [145.0696, -37.7082], [145.075, -37.7088], [145.0755, -37.7075], [145.0765, -37.7017], [145.0795, -37.702], [145.08, -37.699], [145.0797, -37.6982], [145.0806, -37.6959], [145.081, -37.6931], [145.0797, -37.692], [145.0787, -37.6928], [145.0772, -37.6919], [145.0777, -37.6893], [145.0777, -37.6878], [145.0789, -37.6881], [145.0791, -37.6872], [145.0682, -37.686]]]}, "properties": {"SA2_CODE21": "209011196", "Area": "Bundoora \u2013 East", "% dwellings within 400m of any bus service": 0.793839, "% dwellings with 800m of a high quality bus service": 0.242891, "dwellings_2025": 3874, "population_2025": 10006, "SEIFA_Score": 1017, "SEIFA_Decile": 6, "% dwellings within 400m of any public transport service": 0.799763, "% dwellings with 800m of a high quality public transport service": 0.313981, "Binned_any_bus_service_400m_dwellings_percent": 0.7, "Categorical_any_bus_service_400m_dwellings_percent": "70\u201380%", "Binned_high_quality_bus_service_800m_dwellings_percent": 0.2, "Categorical_high_quality_bus_service_800m_dwellings_percent": "20\u201330%", "Binned_any_public_transport_400m_dwellings_percent": 0.7, "Categorical_any_public_transport_400m_dwellings_percent": "70\u201380%", "Binned_high_quality_public_transport_800m_dwellings_percent": 0.3, "Categorical_high_quality_public_transport_800m_dwellings_percent": "30\u201340%", "area_km2": 4.0749}}, {"type": "Feature", "geometry": {"type": "Polygon", "coordinates": [[[145.0925, -37.6951], [145.0911, -37.6999], [145.0902, -37.7024], [145.0887, -37.7057], [145.0874, -37.7078], [145.0896, -37.7081], [145.0892, -37.7105], [145.0914, -37.7107], [145.0929, -37.7114], [145.0939, -37.7099], [145.0941, -37.7086], [145.0962, -37.7088], [145.0959, -37.7103], [145.0936, -37.7139], [145.0931, -37.7156], [145.092, -37.7173], [145.0935, -37.7184], [145.0996, -37.719], [145.0996, -37.7187], [145.1068, -37.7194], [145.1067, -37.7198], [145.1107, -37.7203], [145.1122, -37.7185], [145.1109, -37.7169], [145.1131, -37.7165], [145.1131, -37.7158], [145.1116, -37.7155], [145.1122, -37.7141], [145.1113, -37.7135], [145.1128, -37.7123], [145.1149, -37.7117], [145.1129, -37.7091], [145.1108, -37.7072], [145.1125, -37.7058], [145.1133, -37.7057], [145.1166, -37.7061], [145.1157, -37.7018], [145.1148, -37.6999], [145.1202, -37.7003], [145.1221, -37.7011], [145.1219, -37.7018], [145.1252, -37.7028], [145.1261, -37.7038], [145.1281, -37.7047], [145.1284, -37.7035], [145.128, -37.7023], [145.1307, -37.7007], [145.1322, -37.7003], [145.1404, -37.7012], [145.1418, -37.694], [145.1429, -37.6868], [145.1437, -37.6826], [145.1406, -37.6827], [145.1375, -37.6831], [145.1335, -37.6847], [145.1305, -37.686], [145.1249, -37.6866], [145.1222, -37.6868], [145.1168, -37.6879], [145.1109, -37.6906], [145.107, -37.6918], [145.1031, -37.6923], [145.0986, -37.6925], [145.0955, -37.6929], [145.0943, -37.6933], [145.0925, -37.6951]]]}, "properties": {"SA2_CODE21": "209011197", "Area": "Greensborough", "% dwellings within 400m of any bus service": 0.964668, "% dwellings with 800m of a high quality bus service": 0.222698, "dwellings_2025": 8542, "population_2025": 21463, "SEIFA_Score": 1061, "SEIFA_Decile": 8, "% dwellings within 400m of any public transport service": 0.964668, "% dwellings with 800m of a high quality public transport service": 0.224304, "Binned_any_bus_service_400m_dwellings_percent": 0.9, "Categorical_any_bus_service_400m_dwellings_percent": "90\u2013100%", "Binned_high_quality_bus_service_800m_dwellings_percent": 0.2, "Categorical_high_quality_bus_service_800m_dwellings_percent": "20\u201330%", "Binned_any_public_transport_400m_dwellings_percent": 0.9, "Categorical_any_public_transport_400m_dwellings_percent": "90\u2013100%", "Binned_high_quality_public_transport_800m_dwellings_percent": 0.2, "Categorical_high_quality_public_transport_800m_dwellings_percent": "20\u201330%", "area_km2": 10.0974}}, {"type": "Feature", "geometry": {"type": "Polygon", "coordinates": [[[145.0825, -37.7514], [145.082, -37.7506], [145.0828, -37.75], [145.0841, -37.7484], [145.0846, -37.7468], [145.0862, -37.7457], [145.0857, -37.7444], [145.0838, -37.7436], [145.0825, -37.7417], [145.0807, -37.7402], [145.0803, -37.7379], [145.0806, -37.7366], [145.0798, -37.7344], [145.0784, -37.7352], [145.0788, -37.7334], [145.0745, -37.733], [145.0725, -37.7335], [145.073, -37.7306], [145.0654, -37.7297], [145.0646, -37.7301], [145.0609, -37.7297], [145.0586, -37.7432], [145.0563, -37.7554], [145.0536, -37.758], [145.0607, -37.7588], [145.074, -37.7603], [145.0772, -37.7601], [145.077, -37.7587], [145.0764, -37.7585], [145.0746, -37.7593], [145.073, -37.7595], [145.0731, -37.7585], [145.0747, -37.757], [145.0775, -37.7575], [145.0792, -37.7583], [145.0804, -37.758], [145.0798, -37.757], [145.0772, -37.756], [145.0778, -37.7545], [145.0787, -37.7538], [145.0803, -37.754], [145.0817, -37.7563], [145.0828, -37.7553], [145.0816, -37.754], [145.0825, -37.7514]]]}, "properties": {"SA2_CODE21": "209011198", "Area": "Heidelberg \u2013 Rosanna", "% dwellings within 400m of any bus service": 0.958115, "% dwellings with 800m of a high quality bus service": 0.179319, "dwellings_2025": 7321, "population_2025": 16828, "SEIFA_Score": 1089, "SEIFA_Decile": 9, "% dwellings within 400m of any public transport service": 0.960079, "% dwellings with 800m of a high quality public transport service": 0.209424, "Binned_any_bus_service_400m_dwellings_percent": 0.9, "Categorical_any_bus_service_400m_dwellings_percent": "90\u2013100%", "Binned_high_quality_bus_service_800m_dwellings_percent": 0.1, "Categorical_high_quality_bus_service_800m_dwellings_percent": "10\u201320%", "Binned_any_public_transport_400m_dwellings_percent": 0.9, "Categorical_any_public_transport_400m_dwellings_percent": "90\u2013100%", "Binned_high_quality_public_transport_800m_dwellings_percent": 0.2, "Categorical_high_quality_public_transport_800m_dwellings_percent": "20\u201330%", "area_km2": 6.3717}}, {"type": "Feature", "geometry": {"type": "Polygon", "coordinates": [[[145.0609, -37.7297], [145.0608, -37.7295], [145.0567, -37.729], [145.0555, -37.7292], [145.0435, -37.7279], [145.0386, -37.7273], [145.0381, -37.728], [145.0397, -37.7285], [145.0405, -37.7299], [145.0399, -37.7304], [145.0382, -37.7303], [145.0401, -37.732], [145.04, -37.7327], [145.0383, -37.7338], [145.0376, -37.735], [145.0337, -37.7354], [145.0338, -37.7365], [145.032, -37.7377], [145.0329, -37.7401], [145.033, -37.7414], [145.034, -37.7418], [145.0351, -37.7441], [145.0337, -37.7448], [145.0336, -37.7459], [145.0353, -37.7458], [145.0361, -37.7468], [145.0349, -37.7484], [145.033, -37.749], [145.0315, -37.7508], [145.0318, -37.7527], [145.0306, -37.7547], [145.0313, -37.7556], [145.0436, -37.757], [145.045, -37.7571], [145.0536, -37.758], [145.0563, -37.7554], [145.0586, -37.7432], [145.0609, -37.7297]]]}, "properties": {"SA2_CODE21": "209011199", "Area": "Heidelberg West", "% dwellings within 400m of any bus service": 0.998429, "% dwellings with 800m of a high quality bus service": 0.457592, "dwellings_2025": 8321, "population_2025": 16918, "SEIFA_Score": 991, "SEIFA_Decile": 5, "% dwellings within 400m of any public transport service": 0.998429, "% dwellings with 800m of a high quality public transport service": 0.457592, "Binned_any_bus_service_400m_dwellings_percent": 0.9, "Categorical_any_bus_service_400m_dwellings_percent": "90\u2013100%", "Binned_high_quality_bus_service_800m_dwellings_percent": 0.4, "Categorical_high_quality_bus_service_800m_dwellings_percent": "40\u201350%", "Binned_any_public_transport_400m_dwellings_percent": 0.9, "Categorical_any_public_transport_400m_dwellings_percent": "90\u2013100%", "Binned_high_quality_public_transport_800m_dwellings_percent": 0.4, "Categorical_high_quality_public_transport_800m_dwellings_percent": "40\u201350%", "area_km2": 6.6912}}, {"type": "Feature", "geometry": {"type": "Polygon", "coordinates": [[[145.036, -37.7789], [145.0366, -37.7795], [145.0386, -37.7793], [145.0381, -37.7813], [145.037, -37.7815], [145.0379, -37.7832], [145.0402, -37.7842], [145.0424, -37.7817], [145.0445, -37.781], [145.0453, -37.7801], [145.0463, -37.7807], [145.0496, -37.7812], [145.0515, -37.7819], [145.0517, -37.7832], [145.0531, -37.7845], [145.0548, -37.7851], [145.0549, -37.7839], [145.0534, -37.784], [145.0537, -37.7824], [145.0545, -37.7812], [145.0559, -37.7823], [145.0579, -37.7812], [145.059, -37.7811], [145.0607, -37.7799], [145.0622, -37.7812], [145.0631, -37.7814], [145.0632, -37.7815], [145.0637, -37.7802], [145.0629, -37.7772], [145.0615, -37.7768], [145.0592, -37.7783], [145.0565, -37.779], [145.0545, -37.778], [145.0496, -37.7744], [145.0482, -37.7726], [145.049, -37.7717], [145.0497, -37.7702], [145.0513, -37.7695], [145.0519, -37.7662], [145.051, -37.7654], [145.0536, -37.7636], [145.0532, -37.7632], [145.0538, -37.76], [145.0526, -37.7591], [145.0536, -37.758], [145.045, -37.7571], [145.0436, -37.757], [145.0313, -37.7556], [145.0314, -37.7557], [145.0322, -37.7564], [145.0312, -37.7575], [145.029, -37.758], [145.03, -37.76], [145.0287, -37.7611], [145.0279, -37.7625], [145.028, -37.7641], [145.0305, -37.7649], [145.0312, -37.7666], [145.0314, -37.7685], [145.0324, -37.7707], [145.0353, -37.7703], [145.0366, -37.7705], [145.0371, -37.7714], [145.0368, -37.7726], [145.0345, -37.7723], [145.0341, -37.7727], [145.0355, -37.7747], [145.0351, -37.7776], [145.0347, -37.779], [145.036, -37.7789]]]}, "properties": {"SA2_CODE21": "209011200", "Area": "Ivanhoe", "% dwellings within 400m of any bus service": 0.981967, "% dwellings with 800m of a high quality bus service": 0.572131, "dwellings_2025": 5922, "population_2025": 13175, "SEIFA_Score": 1115, "SEIFA_Decile": 10, "% dwellings within 400m of any public transport service": 0.991803, "% dwellings with 800m of a high quality public transport service": 0.589344, "Binned_any_bus_service_400m_dwellings_percent": 0.9, "Categorical_any_bus_service_400m_dwellings_percent": "90\u2013100%", "Binned_high_quality_bus_service_800m_dwellings_percent": 0.5, "Categorical_high_quality_bus_service_800m_dwellings_percent": "50\u201360%", "Binned_any_public_transport_400m_dwellings_percent": 0.9, "Categorical_any_public_transport_400m_dwellings_percent": "90\u2013100%", "Binned_high_quality_public_transport_800m_dwellings_percent": 0.5, "Categorical_high_quality_public_transport_800m_dwellings_percent": "50\u201360%", "area_km2": 5.0498}}, {"type": "Feature", "geometry": {"type": "Polygon", "coordinates": [[[145.0671, -37.7809], [145.068, -37.7773], [145.0694, -37.7749], [145.0689, -37.774], [145.0693, -37.7724], [145.071, -37.7711], [145.0725, -37.772], [145.0743, -37.7726], [145.0754, -37.7737], [145.0767, -37.7731], [145.0756, -37.7723], [145.0755, -37.7709], [145.0721, -37.7692], [145.0716, -37.7669], [145.0727, -37.7665], [145.076, -37.7675], [145.0766, -37.7662], [145.0779, -37.7649], [145.0792, -37.7624], [145.0773, -37.7608], [145.0772, -37.7601], [145.074, -37.7603], [145.0607, -37.7588], [145.0536, -37.758], [145.0526, -37.7591], [145.0538, -37.76], [145.0532, -37.7632], [145.0536, -37.7636], [145.051, -37.7654], [145.0519, -37.7662], [145.0513, -37.7695], [145.0497, -37.7702], [145.049, -37.7717], [145.0482, -37.7726], [145.0496, -37.7744], [145.0545, -37.778], [145.0565, -37.779], [145.0592, -37.7783], [145.0615, -37.7768], [145.0629, -37.7772], [145.0637, -37.7802], [145.0632, -37.7815], [145.0644, -37.7815], [145.0643, -37.7829], [145.0665, -37.7837], [145.0677, -37.7826], [145.0668, -37.7817], [145.0671, -37.7809]]]}, "properties": {"SA2_CODE21": "209011201", "Area": "Ivanhoe East \u2013 Eaglemont", "% dwellings within 400m of any bus service": 0.890625, "% dwellings with 800m of a high quality bus service": 0.366477, "dwellings_2025": 3269, "population_2025": 7990, "SEIFA_Score": 1147, "SEIFA_Decile": 10, "% dwellings within 400m of any public transport service": 0.985795, "% dwellings with 800m of a high quality public transport service": 0.443182, "Binned_any_bus_service_400m_dwellings_percent": 0.8, "Categorical_any_bus_service_400m_dwellings_percent": "80\u201390%", "Binned_high_quality_bus_service_800m_dwellings_percent": 0.3, "Categorical_high_quality_bus_service_800m_dwellings_percent": "30\u201340%", "Binned_any_public_transport_400m_dwellings_percent": 0.9, "Categorical_any_public_transport_400m_dwellings_percent": "90\u2013100%", "Binned_high_quality_public_transport_800m_dwellings_percent": 0.4, "Categorical_high_quality_public_transport_800m_dwellings_percent": "40\u201350%", "area_km2": 4.2769}}, {"type": "Feature", "geometry": {"type": "Polygon", "coordinates": [[[145.1357, -37.7409], [145.1342, -37.7382], [145.1347, -37.7349], [145.1356, -37.7337], [145.1377, -37.7332], [145.1349, -37.7321], [145.1364, -37.7236], [145.137, -37.7215], [145.1378, -37.718], [145.1371, -37.7166], [145.1352, -37.7153], [145.1336, -37.7133], [145.1328, -37.7102], [145.1316, -37.7077], [145.1304, -37.7059], [145.1281, -37.7047], [145.1261, -37.7038], [145.1252, -37.7028], [145.1219, -37.7018], [145.1221, -37.7011], [145.1202, -37.7003], [145.1148, -37.6999], [145.1157, -37.7018], [145.1166, -37.7061], [145.1133, -37.7057], [145.1125, -37.7058], [145.1108, -37.7072], [145.1129, -37.7091], [145.1149, -37.7117], [145.1128, -37.7123], [145.1113, -37.7135], [145.1122, -37.7141], [145.1116, -37.7155], [145.1131, -37.7158], [145.1131, -37.7165], [145.1109, -37.7169], [145.1122, -37.7185], [145.1107, -37.7203], [145.1103, -37.721], [145.112, -37.7218], [145.1109, -37.7225], [145.1096, -37.7217], [145.1084, -37.7228], [145.1068, -37.7235], [145.109, -37.7264], [145.1065, -37.7265], [145.1077, -37.7287], [145.1069, -37.7305], [145.1058, -37.7319], [145.104, -37.7324], [145.1042, -37.7334], [145.1069, -37.7342], [145.1083, -37.7339], [145.1089, -37.7346], [145.1069, -37.736], [145.1075, -37.7382], [145.1063, -37.7384], [145.1053, -37.7394], [145.1031, -37.7403], [145.1021, -37.7413], [145.1031, -37.7424], [145.1029, -37.7439], [145.1023, -37.7455], [145.1009, -37.7451], [145.1012, -37.7473], [145.0984, -37.7476], [145.0982, -37.749], [145.1, -37.7509], [145.1018, -37.7525], [145.1034, -37.7533], [145.1072, -37.7549], [145.1093, -37.7554], [145.1129, -37.7552], [145.1142, -37.7538], [145.1154, -37.753], [145.1189, -37.7523], [145.1211, -37.7523], [145.1219, -37.7517], [145.122, -37.75], [145.123, -37.7493], [145.1242, -37.7506], [145.1259, -37.7512], [145.1253, -37.7493], [145.1232, -37.7476], [145.121, -37.7485], [145.1202, -37.7479], [145.12, -37.7446], [145.1217, -37.7414], [145.1226, -37.7406], [145.1254, -37.7402], [145.1265, -37.7404], [145.1316, -37.7425], [145.1331, -37.7428], [145.1357, -37.7409]]]}, "properties": {"SA2_CODE21": "209011202", "Area": "Montmorency \u2013 Briar Hill", "% dwellings within 400m of any bus service": 0.910305, "% dwellings with 800m of a high quality bus service": 0.331425, "dwellings_2025": 6965, "population_2025": 16871, "SEIFA_Score": 1073, "SEIFA_Decile": 8, "% dwellings within 400m of any public transport service": 0.911578, "% dwellings with 800m of a high quality public transport service": 0.362595, "Binned_any_bus_service_400m_dwellings_percent": 0.9, "Categorical_any_bus_service_400m_dwellings_percent": "90\u2013100%", "Binned_high_quality_bus_service_800m_dwellings_percent": 0.3, "Categorical_high_quality_bus_service_800m_dwellings_percent": "30\u201340%", "Binned_any_public_transport_400m_dwellings_percent": 0.9, "Categorical_any_public_transport_400m_dwellings_percent": "90\u2013100%", "Binned_high_quality_public_transport_800m_dwellings_percent": 0.3, "Categorical_high_quality_public_transport_800m_dwellings_percent": "30\u201340%", "area_km2": 12.0278}}, {"type": "Feature", "geometry": {"type": "Polygon", "coordinates": [[[145.0935, -37.753], [145.0952, -37.7505], [145.0956, -37.7493], [145.0982, -37.749], [145.0984, -37.7476], [145.1012, -37.7473], [145.1009, -37.7451], [145.1023, -37.7455], [145.1029, -37.7439], [145.1031, -37.7424], [145.1021, -37.7413], [145.1031, -37.7403], [145.1053, -37.7394], [145.1063, -37.7384], [145.1075, -37.7382], [145.1069, -37.736], [145.1089, -37.7346], [145.1083, -37.7339], [145.1069, -37.7342], [145.1042, -37.7334], [145.104, -37.7324], [145.1058, -37.7319], [145.1069, -37.7305], [145.1077, -37.7287], [145.1065, -37.7265], [145.109, -37.7264], [145.1068, -37.7235], [145.1084, -37.7228], [145.1096, -37.7217], [145.1109, -37.7225], [145.112, -37.7218], [145.1103, -37.721], [145.1107, -37.7203], [145.1067, -37.7198], [145.1068, -37.7194], [145.0996, -37.7187], [145.0996, -37.719], [145.0935, -37.7184], [145.092, -37.7173], [145.0918, -37.7182], [145.0816, -37.717], [145.0745, -37.7161], [145.0693, -37.7156], [145.0678, -37.7166], [145.0647, -37.7202], [145.0675, -37.7248], [145.0615, -37.7242], [145.0607, -37.7292], [145.0608, -37.7295], [145.0609, -37.7297], [145.0646, -37.7301], [145.0654, -37.7297], [145.073, -37.7306], [145.0725, -37.7335], [145.0745, -37.733], [145.0788, -37.7334], [145.0784, -37.7352], [145.0798, -37.7344], [145.0806, -37.7366], [145.0803, -37.7379], [145.0807, -37.7402], [145.0825, -37.7417], [145.0838, -37.7436], [145.0857, -37.7444], [145.0862, -37.7457], [145.0846, -37.7468], [145.0841, -37.7484], [145.0828, -37.75], [145.082, -37.7506], [145.0825, -37.7514], [145.0845, -37.7518], [145.0853, -37.7528], [145.0879, -37.7528], [145.0898, -37.7538], [145.0916, -37.7543], [145.0928, -37.7539], [145.0935, -37.753]]]}, "properties": {"SA2_CODE21": "209011203", "Area": "Viewbank \u2013 Yallambie", "% dwellings within 400m of any bus service": 0.967581, "% dwellings with 800m of a high quality bus service": 0.05611, "dwellings_2025": 7515, "population_2025": 19149, "SEIFA_Score": 1068, "SEIFA_Decile": 8, "% dwellings within 400m of any public transport service": 0.967581, "% dwellings with 800m of a high quality public transport service": 0.065461, "Binned_any_bus_service_400m_dwellings_percent": 0.9, "Categorical_any_bus_service_400m_dwellings_percent": "90\u2013100%", "Binned_high_quality_bus_service_800m_dwellings_percent": 0, "Categorical_high_quality_bus_service_800m_dwellings_percent": "0\u201310%", "Binned_any_public_transport_400m_dwellings_percent": 0.9, "Categorical_any_public_transport_400m_dwellings_percent": "90\u2013100%", "Binned_high_quality_public_transport_800m_dwellings_percent": 0, "Categorical_high_quality_public_transport_800m_dwellings_percent": "0\u201310%", "area_km2": 10.2379}}, {"type": "Feature", "geometry": {"type": "Polygon", "coordinates": [[[145.075, -37.7088], [145.0746, -37.7109], [145.0754, -37.711], [145.0745, -37.7161], [145.0816, -37.717], [145.0918, -37.7182], [145.092, -37.7173], [145.0931, -37.7156], [145.0936, -37.7139], [145.0959, -37.7103], [145.0962, -37.7088], [145.0941, -37.7086], [145.0939, -37.7099], [145.0929, -37.7114], [145.0914, -37.7107], [145.0892, -37.7105], [145.0896, -37.7081], [145.0874, -37.7078], [145.0887, -37.7057], [145.0902, -37.7024], [145.0911, -37.6999], [145.0925, -37.6951], [145.0904, -37.6925], [145.0882, -37.6911], [145.0824, -37.6893], [145.0789, -37.6881], [145.0777, -37.6878], [145.0777, -37.6893], [145.0772, -37.6919], [145.0787, -37.6928], [145.0797, -37.692], [145.081, -37.6931], [145.0806, -37.6959], [145.0797, -37.6982], [145.08, -37.699], [145.0795, -37.702], [145.0765, -37.7017], [145.0755, -37.7075], [145.075, -37.7088]]]}, "properties": {"SA2_CODE21": "209011204", "Area": "Watsonia", "% dwellings within 400m of any bus service": 0.969121, "% dwellings with 800m of a high quality bus service": 0.114014, "dwellings_2025": 3906, "population_2025": 9489, "SEIFA_Score": 1035, "SEIFA_Decile": 7, "% dwellings within 400m of any public transport service": 0.969121, "% dwellings with 800m of a high quality public transport service": 0.15677, "Binned_any_bus_service_400m_dwellings_percent": 0.9, "Categorical_any_bus_service_400m_dwellings_percent": "90\u2013100%", "Binned_high_quality_bus_service_800m_dwellings_percent": 0.1, "Categorical_high_quality_bus_service_800m_dwellings_percent": "10\u201320%", "Binned_any_public_transport_400m_dwellings_percent": 0.9, "Categorical_any_public_transport_400m_dwellings_percent": "90\u2013100%", "Binned_high_quality_public_transport_800m_dwellings_percent": 0.1, "Categorical_high_quality_public_transport_800m_dwellings_percent": "10\u201320%", "area_km2": 3.7857}}, {"type": "Feature", "geometry": {"type": "Polygon", "coordinates": [[[145.0582, -37.7], [145.0448, -37.6987], [145.0439, -37.6995], [145.042, -37.6988], [145.0407, -37.6989], [145.0378, -37.6988], [145.0361, -37.7001], [145.0347, -37.7021], [145.0351, -37.7056], [145.0337, -37.7063], [145.0341, -37.7077], [145.0354, -37.709], [145.035, -37.7105], [145.034, -37.712], [145.0329, -37.7115], [145.0311, -37.7113], [145.0295, -37.712], [145.0269, -37.7118], [145.0255, -37.7124], [145.0257, -37.7138], [145.0235, -37.7145], [145.022, -37.7156], [145.0251, -37.716], [145.0317, -37.722], [145.0347, -37.7208], [145.0349, -37.7231], [145.0361, -37.7234], [145.0376, -37.7253], [145.0386, -37.7273], [145.0435, -37.7279], [145.0555, -37.7292], [145.0567, -37.729], [145.0608, -37.7295], [145.0607, -37.7292], [145.0615, -37.7242], [145.0675, -37.7248], [145.0647, -37.7202], [145.0678, -37.7166], [145.0693, -37.7156], [145.0745, -37.7161], [145.0754, -37.711], [145.0746, -37.7109], [145.075, -37.7088], [145.0696, -37.7082], [145.0646, -37.7094], [145.0513, -37.7084], [145.0575, -37.7025], [145.0582, -37.7]]]}, "properties": {"SA2_CODE21": "209021205", "Area": "Kingsbury", "% dwellings within 400m of any bus service": 0.920833, "% dwellings with 800m of a high quality bus service": 0.234375, "dwellings_2025": 4781, "population_2025": 11965, "SEIFA_Score": 1033, "SEIFA_Decile": 7, "% dwellings within 400m of any public transport service": 0.926042, "% dwellings with 800m of a high quality public transport service": 0.458333, "Binned_any_bus_service_400m_dwellings_percent": 0.9, "Categorical_any_bus_service_400m_dwellings_percent": "90\u2013100%", "Binned_high_quality_bus_service_800m_dwellings_percent": 0.2, "Categorical_high_quality_bus_service_800m_dwellings_percent": "20\u201330%", "Binned_any_public_transport_400m_dwellings_percent": 0.9, "Categorical_any_public_transport_400m_dwellings_percent": "90\u2013100%", "Binned_high_quality_public_transport_800m_dwellings_percent": 0.4, "Categorical_high_quality_public_transport_800m_dwellings_percent": "40\u201350%", "area_km2": 9.0094}}, {"type": "Feature", "geometry": {"type": "Polygon", "coordinates": [[[145.0314, -37.7557], [145.0313, -37.7556], [145.0306, -37.7547], [145.0318, -37.7527], [145.0315, -37.7508], [145.033, -37.749], [145.0349, -37.7484], [145.0361, -37.7468], [145.0353, -37.7458], [145.0336, -37.7459], [145.0337, -37.7448], [145.0351, -37.7441], [145.034, -37.7418], [145.033, -37.7414], [145.0329, -37.7401], [145.032, -37.7377], [145.0338, -37.7365], [145.0337, -37.7354], [145.0376, -37.735], [145.0383, -37.7338], [145.0377, -37.7337], [145.0189, -37.7316], [145.0113, -37.7308], [145.0054, -37.7301], [145.005, -37.7308], [145.0006, -37.7303], [144.9994, -37.737], [144.9998, -37.738], [144.9949, -37.7517], [144.9955, -37.7517], [145.0017, -37.7523], [145.0157, -37.7539], [145.0286, -37.7553], [145.0314, -37.7557]]]}, "properties": {"SA2_CODE21": "209021428", "Area": "Preston \u2013 East", "% dwellings within 400m of any bus service": 0.998841, "% dwellings with 800m of a high quality bus service": 0.644264, "dwellings_2025": 10965, "population_2025": 23670, "SEIFA_Score": 1031, "SEIFA_Decile": 7, "% dwellings within 400m of any public transport service": 0.998841, "% dwellings with 800m of a high quality public transport service": 0.745848, "Binned_any_bus_service_400m_dwellings_percent": 0.9, "Categorical_any_bus_service_400m_dwellings_percent": "90\u2013100%", "Binned_high_quality_bus_service_800m_dwellings_percent": 0.6, "Categorical_high_quality_bus_service_800m_dwellings_percent": "60\u201370%", "Binned_any_public_transport_400m_dwellings_percent": 0.9, "Categorical_any_public_transport_400m_dwellings_percent": "90\u2013100%", "Binned_high_quality_public_transport_800m_dwellings_percent": 0.7, "Categorical_high_quality_public_transport_800m_dwellings_percent": "70\u201380%", "area_km2": 7.7457}}, {"type": "Feature", "geometry": {"type": "Polygon", "coordinates": [[[144.9808, -37.7503], [144.9835, -37.7506], [144.9949, -37.7517], [144.9998, -37.738], [144.9994, -37.737], [145.0006, -37.7303], [144.9916, -37.7294], [144.9916, -37.7289], [144.9871, -37.7285], [144.9842, -37.7279], [144.9829, -37.7359], [144.9798, -37.7427], [144.9791, -37.7431], [144.9816, -37.7448], [144.982, -37.7457], [144.9803, -37.7461], [144.9806, -37.7476], [144.9814, -37.7489], [144.9808, -37.7503]]]}, "properties": {"SA2_CODE21": "209021429", "Area": "Preston \u2013 West", "% dwellings within 400m of any bus service": 0.949097, "% dwellings with 800m of a high quality bus service": 0.519704, "dwellings_2025": 5765, "population_2025": 13539, "SEIFA_Score": 1056, "SEIFA_Decile": 8, "% dwellings within 400m of any public transport service": 1, "% dwellings with 800m of a high quality public transport service": 0.788998, "Binned_any_bus_service_400m_dwellings_percent": 0.9, "Categorical_any_bus_service_400m_dwellings_percent": "90\u2013100%", "Binned_high_quality_bus_service_800m_dwellings_percent": 0.5, "Categorical_high_quality_bus_service_800m_dwellings_percent": "50\u201360%", "Binned_any_public_transport_400m_dwellings_percent": 1, "Categorical_any_public_transport_400m_dwellings_percent": "90\u2013100%", "Binned_high_quality_public_transport_800m_dwellings_percent": 0.7, "Categorical_high_quality_public_transport_800m_dwellings_percent": "70\u201380%", "area_km2": 3.5679}}, {"type": "Feature", "geometry": {"type": "Polygon", "coordinates": [[[145.0407, -37.6989], [145.0408, -37.6983], [145.0325, -37.6973], [145.0228, -37.6963], [145.0227, -37.6961], [145.0114, -37.6948], [145.0099, -37.704], [145.0089, -37.7088], [145.0076, -37.7167], [145.0212, -37.7184], [145.022, -37.7156], [145.0235, -37.7145], [145.0257, -37.7138], [145.0255, -37.7124], [145.0269, -37.7118], [145.0295, -37.712], [145.0311, -37.7113], [145.0329, -37.7115], [145.034, -37.712], [145.035, -37.7105], [145.0354, -37.709], [145.0341, -37.7077], [145.0337, -37.7063], [145.0351, -37.7056], [145.0347, -37.7021], [145.0361, -37.7001], [145.0378, -37.6988], [145.0407, -37.6989]]]}, "properties": {"SA2_CODE21": "209021523", "Area": "Reservoir \u2013 North East", "% dwellings within 400m of any bus service": 0.98948, "% dwellings with 800m of a high quality bus service": 0.516708, "dwellings_2025": 7317, "population_2025": 16066, "SEIFA_Score": 983, "SEIFA_Decile": 5, "% dwellings within 400m of any public transport service": 0.990099, "% dwellings with 800m of a high quality public transport service": 0.553218, "Binned_any_bus_service_400m_dwellings_percent": 0.9, "Categorical_any_bus_service_400m_dwellings_percent": "90\u2013100%", "Binned_high_quality_bus_service_800m_dwellings_percent": 0.5, "Categorical_high_quality_bus_service_800m_dwellings_percent": "50\u201360%", "Binned_any_public_transport_400m_dwellings_percent": 0.9, "Categorical_any_public_transport_400m_dwellings_percent": "90\u2013100%", "Binned_high_quality_public_transport_800m_dwellings_percent": 0.5, "Categorical_high_quality_public_transport_800m_dwellings_percent": "50\u201360%", "area_km2": 4.788}}, {"type": "Feature", "geometry": {"type": "Polygon", "coordinates": [[[145.0114, -37.6948], [144.9821, -37.6919], [144.9721, -37.691], [144.9704, -37.6922], [144.9706, -37.6927], [144.9736, -37.6929], [144.9741, -37.6937], [144.9764, -37.6951], [144.9772, -37.694], [144.9789, -37.6946], [144.9783, -37.6961], [144.9787, -37.6971], [144.9804, -37.6975], [144.9805, -37.6986], [144.9794, -37.6999], [144.9798, -37.701], [144.9809, -37.7011], [144.9825, -37.7029], [144.9818, -37.7039], [144.9803, -37.7039], [144.9789, -37.7044], [144.9787, -37.7053], [144.9802, -37.7064], [144.9832, -37.7066], [144.9833, -37.7071], [144.9901, -37.7077], [144.9901, -37.7072], [145.0089, -37.7088], [145.0099, -37.704], [145.0114, -37.6948]]]}, "properties": {"SA2_CODE21": "209021524", "Area": "Reservoir \u2013 North West", "% dwellings within 400m of any bus service": 0.992806, "% dwellings with 800m of a high quality bus service": 0.135492, "dwellings_2025": 3985, "population_2025": 10101, "SEIFA_Score": 965, "SEIFA_Decile": 4, "% dwellings within 400m of any public transport service": 0.992806, "% dwellings with 800m of a high quality public transport service": 0.181055, "Binned_any_bus_service_400m_dwellings_percent": 0.9, "Categorical_any_bus_service_400m_dwellings_percent": "90\u2013100%", "Binned_high_quality_bus_service_800m_dwellings_percent": 0.1, "Categorical_high_quality_bus_service_800m_dwellings_percent": "10\u201320%", "Binned_any_public_transport_400m_dwellings_percent": 0.9, "Categorical_any_public_transport_400m_dwellings_percent": "90\u2013100%", "Binned_high_quality_public_transport_800m_dwellings_percent": 0.1, "Categorical_high_quality_public_transport_800m_dwellings_percent": "10\u201320%", "area_km2": 4.5297}}, {"type": "Feature", "geometry": {"type": "Polygon", "coordinates": [[[145.0386, -37.7273], [145.0376, -37.7253], [145.0361, -37.7234], [145.0349, -37.7231], [145.0347, -37.7208], [145.0317, -37.722], [145.0251, -37.716], [145.022, -37.7156], [145.0212, -37.7184], [145.0076, -37.7167], [145.0069, -37.7215], [145.0054, -37.7301], [145.0113, -37.7308], [145.0189, -37.7316], [145.0377, -37.7337], [145.0383, -37.7338], [145.04, -37.7327], [145.0401, -37.732], [145.0382, -37.7303], [145.0399, -37.7304], [145.0405, -37.7299], [145.0397, -37.7285], [145.0381, -37.728], [145.0386, -37.7273]]]}, "properties": {"SA2_CODE21": "209021525", "Area": "Reservoir \u2013 South East", "% dwellings within 400m of any bus service": 0.986601, "% dwellings with 800m of a high quality bus service": 0.206629, "dwellings_2025": 6421, "population_2025": 14004, "SEIFA_Score": 978, "SEIFA_Decile": 5, "% dwellings within 400m of any public transport service": 0.990832, "% dwellings with 800m of a high quality public transport service": 0.419605, "Binned_any_bus_service_400m_dwellings_percent": 0.9, "Categorical_any_bus_service_400m_dwellings_percent": "90\u2013100%", "Binned_high_quality_bus_service_800m_dwellings_percent": 0.2, "Categorical_high_quality_bus_service_800m_dwellings_percent": "20\u201330%", "Binned_any_public_transport_400m_dwellings_percent": 0.9, "Categorical_any_public_transport_400m_dwellings_percent": "90\u2013100%", "Binned_high_quality_public_transport_800m_dwellings_percent": 0.4, "Categorical_high_quality_public_transport_800m_dwellings_percent": "40\u201350%", "area_km2": 4.1783}}, {"type": "Feature", "geometry": {"type": "Polygon", "coordinates": [[[145.0054, -37.7301], [145.0069, -37.7215], [145.0076, -37.7167], [145.0089, -37.7088], [144.9901, -37.7072], [144.9901, -37.7077], [144.9833, -37.7071], [144.9832, -37.7066], [144.9802, -37.7064], [144.9806, -37.7077], [144.9788, -37.708], [144.9772, -37.7104], [144.9788, -37.7113], [144.979, -37.7125], [144.9776, -37.7132], [144.9775, -37.714], [144.9805, -37.7143], [144.9807, -37.7157], [144.9796, -37.7167], [144.9781, -37.7167], [144.9788, -37.7186], [144.9787, -37.7192], [144.9782, -37.7204], [144.9786, -37.7214], [144.9814, -37.7217], [144.9818, -37.721], [144.9853, -37.7214], [144.9842, -37.7279], [144.9871, -37.7285], [144.9916, -37.7289], [144.9916, -37.7294], [145.0006, -37.7303], [145.005, -37.7308], [145.0054, -37.7301]]]}, "properties": {"SA2_CODE21": "209021526", "Area": "Reservoir \u2013 South West", "% dwellings within 400m of any bus service": 1, "% dwellings with 800m of a high quality bus service": 0.292714, "dwellings_2025": 6801, "population_2025": 15144, "SEIFA_Score": 1017, "SEIFA_Decile": 6, "% dwellings within 400m of any public transport service": 1, "% dwellings with 800m of a high quality public transport service": 0.359925, "Binned_any_bus_service_400m_dwellings_percent": 1, "Categorical_any_bus_service_400m_dwellings_percent": "90\u2013100%", "Binned_high_quality_bus_service_800m_dwellings_percent": 0.2, "Categorical_high_quality_bus_service_800m_dwellings_percent": "20\u201330%", "Binned_any_public_transport_400m_dwellings_percent": 1, "Categorical_any_public_transport_400m_dwellings_percent": "90\u2013100%", "Binned_high_quality_public_transport_800m_dwellings_percent": 0.3, "Categorical_high_quality_public_transport_800m_dwellings_percent": "30\u201340%", "area_km2": 5.6247}}, {"type": "Feature", "geometry": {"type": "Polygon", "coordinates": [[[145.1777, -37.7384], [145.1798, -37.7375], [145.1797, -37.7367], [145.1788, -37.7352], [145.1785, -37.7336], [145.1807, -37.7317], [145.1813, -37.7298], [145.1824, -37.7298], [145.1846, -37.7308], [145.1865, -37.7304], [145.1882, -37.7304], [145.1892, -37.7319], [145.1908, -37.7322], [145.1928, -37.7316], [145.1938, -37.7318], [145.1943, -37.731], [145.195, -37.7273], [145.1929, -37.7277], [145.1905, -37.7274], [145.1889, -37.7276], [145.1892, -37.726], [145.1907, -37.7261], [145.1918, -37.7211], [145.1896, -37.7208], [145.1871, -37.7228], [145.1829, -37.724], [145.1804, -37.7234], [145.1789, -37.7244], [145.1777, -37.7244], [145.1771, -37.7232], [145.1762, -37.7231], [145.1741, -37.724], [145.173, -37.7239], [145.1738, -37.7195], [145.1747, -37.7121], [145.1772, -37.6981], [145.1736, -37.6957], [145.1731, -37.6945], [145.1702, -37.6941], [145.1689, -37.6946], [145.1682, -37.6928], [145.1668, -37.6917], [145.1649, -37.6919], [145.1641, -37.6911], [145.1646, -37.6895], [145.152, -37.6879], [145.1512, -37.6883], [145.1496, -37.6876], [145.1429, -37.6868], [145.1418, -37.694], [145.1404, -37.7012], [145.1322, -37.7003], [145.1307, -37.7007], [145.128, -37.7023], [145.1284, -37.7035], [145.1281, -37.7047], [145.1304, -37.7059], [145.1316, -37.7077], [145.1328, -37.7102], [145.1336, -37.7133], [145.1352, -37.7153], [145.1371, -37.7166], [145.1378, -37.718], [145.137, -37.7215], [145.1364, -37.7236], [145.1349, -37.7321], [145.1377, -37.7332], [145.1356, -37.7337], [145.1347, -37.7349], [145.1342, -37.7382], [145.1357, -37.7409], [145.1367, -37.7404], [145.1374, -37.7386], [145.1381, -37.7382], [145.1427, -37.7389], [145.1455, -37.7386], [145.1484, -37.7372], [145.1501, -37.7383], [145.1511, -37.7363], [145.1535, -37.7343], [145.1555, -37.734], [145.1612, -37.7374], [145.1627, -37.7375], [145.164, -37.7351], [145.1656, -37.7342], [145.17, -37.7349], [145.1709, -37.7347], [145.1767, -37.7354], [145.1769, -37.7381], [145.1777, -37.7384]]]}, "properties": {"SA2_CODE21": "209031209", "Area": "Eltham", "% dwellings within 400m of any bus service": 0.787712, "% dwellings with 800m of a high quality bus service": 0.259241, "dwellings_2025": 8794, "population_2025": 23816, "SEIFA_Score": 1099, "SEIFA_Decile": 9, "% dwellings within 400m of any public transport service": 0.785714, "% dwellings with 800m of a high quality public transport service": 0.259241, "Binned_any_bus_service_400m_dwellings_percent": 0.7, "Categorical_any_bus_service_400m_dwellings_percent": "70\u201380%", "Binned_high_quality_bus_service_800m_dwellings_percent": 0.2, "Categorical_high_quality_bus_service_800m_dwellings_percent": "20\u201330%", "Binned_any_public_transport_400m_dwellings_percent": 0.7, "Categorical_any_public_transport_400m_dwellings_percent": "70\u201380%", "Binned_high_quality_public_transport_800m_dwellings_percent": 0.2, "Categorical_high_quality_public_transport_800m_dwellings_percent": "20\u201330%", "area_km2": 19.4882}}, {"type": "Feature", "geometry": {"type": "Polygon", "coordinates": [[[145.1688, -37.6311], [145.1678, -37.6324], [145.1666, -37.635], [145.1661, -37.6374], [145.1706, -37.638], [145.1704, -37.6389], [145.1744, -37.6394], [145.1732, -37.6457], [145.1764, -37.646], [145.1755, -37.6509], [145.1871, -37.6522], [145.1875, -37.6533], [145.1857, -37.6534], [145.186, -37.6545], [145.191, -37.655], [145.1918, -37.6521], [145.194, -37.6523], [145.1942, -37.6511], [145.1964, -37.6513], [145.1956, -37.6557], [145.196, -37.6578], [145.1966, -37.6582], [145.1987, -37.6554], [145.2002, -37.6561], [145.2017, -37.6538], [145.205, -37.6553], [145.2056, -37.6539], [145.205, -37.6536], [145.2056, -37.6521], [145.2081, -37.6532], [145.2073, -37.6544], [145.211, -37.6553], [145.2104, -37.6568], [145.2144, -37.6577], [145.2144, -37.6573], [145.2194, -37.6579], [145.22, -37.6567], [145.22, -37.6555], [145.2215, -37.6534], [145.2215, -37.6524], [145.2244, -37.6502], [145.2273, -37.6494], [145.2228, -37.6488], [145.2222, -37.6493], [145.2177, -37.645], [145.2159, -37.6451], [145.2151, -37.6443], [145.2159, -37.6424], [145.2172, -37.6425], [145.2176, -37.6403], [145.2192, -37.6408], [145.2199, -37.6368], [145.2219, -37.636], [145.2231, -37.6363], [145.2252, -37.6329], [145.2253, -37.6317], [145.2237, -37.6321], [145.2192, -37.6325], [145.2198, -37.6301], [145.2216, -37.6303], [145.2244, -37.6289], [145.2261, -37.6285], [145.2177, -37.627], [145.2173, -37.6293], [145.2153, -37.629], [145.2149, -37.6311], [145.2101, -37.6305], [145.212, -37.6296], [145.2106, -37.6291], [145.2099, -37.6298], [145.2074, -37.6298], [145.2056, -37.6312], [145.2054, -37.6321], [145.2041, -37.6328], [145.2028, -37.6329], [145.2011, -37.6321], [145.2005, -37.6325], [145.2003, -37.634], [145.1991, -37.6344], [145.1975, -37.6339], [145.1954, -37.6344], [145.194, -37.6339], [145.1917, -37.6337], [145.1914, -37.632], [145.1921, -37.6299], [145.1927, -37.629], [145.1923, -37.6268], [145.2022, -37.6279], [145.2028, -37.6242], [145.2013, -37.6241], [145.2016, -37.6215], [145.1978, -37.621], [145.199, -37.6186], [145.1955, -37.6178], [145.1873, -37.6168], [145.1872, -37.6157], [145.1793, -37.6179], [145.1776, -37.617], [145.1725, -37.6204], [145.1715, -37.6189], [145.1704, -37.6215], [145.1681, -37.6237], [145.1666, -37.6247], [145.1667, -37.6261], [145.1679, -37.6275], [145.169, -37.6298], [145.1688, -37.6311]]]}, "properties": {"SA2_CODE21": "209031210", "Area": "Hurstbridge", "% dwellings within 400m of any bus service": 0.343333, "% dwellings with 800m of a high quality bus service": 0, "dwellings_2025": 1335, "population_2025": 3582, "SEIFA_Score": 1048, "SEIFA_Decile": 8, "% dwellings within 400m of any public transport service": 0.396667, "% dwellings with 800m of a high quality public transport service": 0.163333, "Binned_any_bus_service_400m_dwellings_percent": 0.3, "Categorical_any_bus_service_400m_dwellings_percent": "30\u201340%", "Binned_high_quality_bus_service_800m_dwellings_percent": 0, "Categorical_high_quality_bus_service_800m_dwellings_percent": "0\u201310%", "Binned_any_public_transport_400m_dwellings_percent": 0.3, "Categorical_any_public_transport_400m_dwellings_percent": "30\u201340%", "Binned_high_quality_public_transport_800m_dwellings_percent": 0.1, "Categorical_high_quality_public_transport_800m_dwellings_percent": "10\u201320%", "area_km2": 14.8421}}, {"type": "Feature", "geometry": {"type": "Polygon", "coordinates": [[[145.3664, -37.5451], [145.3684, -37.5453], [145.3758, -37.5405], [145.3799, -37.5429], [145.3817, -37.5428], [145.3823, -37.5421], [145.3835, -37.542], [145.3846, -37.5429], [145.3865, -37.5434], [145.3876, -37.5424], [145.3878, -37.5412], [145.3886, -37.541], [145.3895, -37.5397], [145.3927, -37.5409], [145.3939, -37.5409], [145.3972, -37.5384], [145.4012, -37.5375], [145.4024, -37.5363], [145.4025, -37.531], [145.4028, -37.528], [145.4035, -37.5271], [145.405, -37.5265], [145.4108, -37.5264], [145.4133, -37.526], [145.4176, -37.5262], [145.4187, -37.5265], [145.4192, -37.5293], [145.4185, -37.5315], [145.4214, -37.5332], [145.4254, -37.5338], [145.426, -37.535], [145.4299, -37.5323], [145.4327, -37.5308], [145.4405, -37.5334], [145.4378, -37.5459], [145.4426, -37.5465], [145.4455, -37.5467], [145.4678, -37.5498], [145.4699, -37.5577], [145.4734, -37.5581], [145.4742, -37.5546], [145.482, -37.5547], [145.482, -37.5601], [145.4968, -37.5602], [145.4968, -37.5636], [145.5013, -37.5635], [145.5087, -37.5636], [145.5072, -37.5617], [145.5065, -37.5601], [145.5037, -37.5567], [145.5025, -37.5559], [145.508, -37.5559], [145.5112, -37.557], [145.5187, -37.5612], [145.5204, -37.5609], [145.5231, -37.5613], [145.5251, -37.5635], [145.5262, -37.5628], [145.5265, -37.5612], [145.5281, -37.5581], [145.5283, -37.5566], [145.5301, -37.5568], [145.532, -37.558], [145.5335, -37.5583], [145.5341, -37.5602], [145.5349, -37.5614], [145.5375, -37.5626], [145.5372, -37.5644], [145.5376, -37.5666], [145.5392, -37.5705], [145.5413, -37.5725], [145.5451, -37.5741], [145.5471, -37.5743], [145.5496, -37.5782], [145.5526, -37.5812], [145.5537, -37.5838], [145.557, -37.5881], [145.5586, -37.5908], [145.5613, -37.5927], [145.5629, -37.5932], [145.5641, -37.5924], [145.5646, -37.5911], [145.5665, -37.5889], [145.5691, -37.5879], [145.5726, -37.5868], [145.5732, -37.5863], [145.5736, -37.5827], [145.5732, -37.5817], [145.5735, -37.5792], [145.575, -37.5768], [145.5765, -37.5757], [145.578, -37.572], [145.58, -37.5712], [145.5789, -37.5704], [145.5796, -37.5696], [145.5789, -37.5681], [145.5778, -37.5669], [145.5784, -37.5656], [145.5767, -37.562], [145.5754, -37.5598], [145.5735, -37.5597], [145.574, -37.5587], [145.5729, -37.556], [145.5711, -37.5564], [145.5695, -37.5558], [145.5669, -37.5516], [145.5659, -37.551], [145.5664, -37.5497], [145.5658, -37.5488], [145.564, -37.5479], [145.5643, -37.5471], [145.5661, -37.5479], [145.5673, -37.5479], [145.5696, -37.5489], [145.5707, -37.5483], [145.5708, -37.5473], [145.572, -37.5466], [145.5732, -37.5465], [145.5749, -37.5451], [145.5723, -37.5435], [145.5705, -37.5413], [145.5706, -37.5398], [145.5695, -37.538], [145.5682, -37.5369], [145.5664, -37.5346], [145.5647, -37.5334], [145.5634, -37.5319], [145.5608, -37.5308], [145.5604, -37.5296], [145.5608, -37.5283], [145.5621, -37.5273], [145.5627, -37.5241], [145.5621, -37.5211], [145.5608, -37.5176], [145.56, -37.5162], [145.5611, -37.5147], [145.5649, -37.466], [145.5681, -37.4661], [145.5699, -37.4604], [145.513, -37.4571], [145.5168, -37.4372], [145.4946, -37.4374], [145.4935, -37.4401], [145.4919, -37.4453], [145.4908, -37.4507], [145.4906, -37.4555], [145.491, -37.4578], [145.4886, -37.4613], [145.4226, -37.4617], [145.4219, -37.4626], [145.4202, -37.4606], [145.4192, -37.4608], [145.4184, -37.4618], [145.4183, -37.4633], [145.4189, -37.466], [145.418, -37.4665], [145.4175, -37.4679], [145.397, -37.466], [145.3963, -37.4674], [145.3947, -37.4675], [145.3948, -37.4663], [145.3929, -37.4658], [145.3909, -37.4665], [145.3884, -37.4605], [145.387, -37.4565], [145.389, -37.4567], [145.3907, -37.4564], [145.3913, -37.4554], [145.3935, -37.4554], [145.3956, -37.4575], [145.4009, -37.4575], [145.402, -37.4565], [145.403, -37.4572], [145.4043, -37.4568], [145.4066, -37.4549], [145.4081, -37.4529], [145.4106, -37.4509], [145.4108, -37.4495], [145.4104, -37.448], [145.4108, -37.4465], [145.4132, -37.4454], [145.4126, -37.4441], [145.4061, -37.4441], [145.4016, -37.4451], [145.4003, -37.4441], [145.4003, -37.4344], [145.383, -37.4345], [145.3829, -37.4296], [145.3686, -37.4297], [145.3321, -37.4299], [145.3321, -37.4143], [145.3183, -37.4144], [145.3182, -37.4097], [145.3149, -37.4098], [145.3151, -37.4093], [145.2976, -37.4119], [145.2922, -37.4161], [145.2931, -37.4198], [145.2823, -37.4176], [145.2797, -37.4175], [145.279, -37.4165], [145.2774, -37.416], [145.2758, -37.4147], [145.2755, -37.4127], [145.2745, -37.4121], [145.2752, -37.4106], [145.2745, -37.4097], [145.2658, -37.4098], [145.2656, -37.4193], [145.2645, -37.4202], [145.2629, -37.4205], [145.2615, -37.4212], [145.2602, -37.4228], [145.2579, -37.4237], [145.2576, -37.4246], [145.2559, -37.4256], [145.2524, -37.4259], [145.2512, -37.4266], [145.2504, -37.4282], [145.2487, -37.4287], [145.2464, -37.4303], [145.2455, -37.4313], [145.2431, -37.4321], [145.2415, -37.4334], [145.2398, -37.4334], [145.2387, -37.4339], [145.2363, -37.4359], [145.2348, -37.438], [145.2346, -37.4406], [145.2338, -37.4422], [145.2337, -37.4438], [145.2341, -37.4468], [145.2316, -37.4496], [145.2314, -37.4506], [145.2282, -37.4537], [145.2277, -37.4545], [145.2294, -37.4586], [145.2248, -37.4581], [145.224, -37.4633], [145.2223, -37.4726], [145.2255, -37.4743], [145.2335, -37.4752], [145.241, -37.4777], [145.2393, -37.4877], [145.2437, -37.4882], [145.2436, -37.4887], [145.2481, -37.4892], [145.2478, -37.4909], [145.2567, -37.492], [145.2539, -37.5073], [145.2529, -37.5076], [145.2517, -37.5106], [145.2624, -37.5119], [145.2642, -37.5018], [145.2645, -37.5013], [145.2674, -37.5], [145.2755, -37.501], [145.2763, -37.4965], [145.2944, -37.4986], [145.2928, -37.5069], [145.2939, -37.5078], [145.298, -37.5083], [145.2971, -37.5137], [145.3138, -37.5155], [145.3091, -37.5197], [145.306, -37.521], [145.3048, -37.5219], [145.3146, -37.523], [145.314, -37.524], [145.3124, -37.5246], [145.3176, -37.5252], [145.3211, -37.5252], [145.3206, -37.5282], [145.3285, -37.5291], [145.328, -37.5319], [145.3338, -37.5326], [145.3326, -37.5396], [145.3387, -37.5403], [145.34, -37.541], [145.3413, -37.5435], [145.3474, -37.5441], [145.3479, -37.5412], [145.3566, -37.5428], [145.3609, -37.5433], [145.3607, -37.5445], [145.3664, -37.5451]]]}, "properties": {"SA2_CODE21": "209031211", "Area": "Kinglake", "% dwellings within 400m of any bus service": 0.317422, "% dwellings with 800m of a high quality bus service": 0, "dwellings_2025": 1831, "population_2025": 4426, "SEIFA_Score": 1002, "SEIFA_Decile": 6, "% dwellings within 400m of any public transport service": 0.317422, "% dwellings with 800m of a high quality public transport service": 0, "Binned_any_bus_service_400m_dwellings_percent": 0.3, "Categorical_any_bus_service_400m_dwellings_percent": "30\u201340%", "Binned_high_quality_bus_service_800m_dwellings_percent": 0, "Categorical_high_quality_bus_service_800m_dwellings_percent": "0\u201310%", "Binned_any_public_transport_400m_dwellings_percent": 0.3, "Categorical_any_public_transport_400m_dwellings_percent": "30\u201340%", "Binned_high_quality_public_transport_800m_dwellings_percent": 0, "Categorical_high_quality_public_transport_800m_dwellings_percent": "0\u201310%", "area_km2": 319.504}}, {"type": "Feature", "geometry": {"type": "Polygon", "coordinates": [[[145.2194, -37.6579], [145.2201, -37.658], [145.2202, -37.6596], [145.2197, -37.6626], [145.2203, -37.6627], [145.2201, -37.6665], [145.224, -37.6671], [145.2249, -37.6634], [145.2296, -37.664], [145.2299, -37.6623], [145.2306, -37.6619], [145.2327, -37.6622], [145.2323, -37.6649], [145.2365, -37.6654], [145.2378, -37.6641], [145.2433, -37.6626], [145.2452, -37.6631], [145.2468, -37.6644], [145.2514, -37.6649], [145.2508, -37.6685], [145.2491, -37.6683], [145.2486, -37.6711], [145.2512, -37.6701], [145.2533, -37.6704], [145.2552, -37.6702], [145.2565, -37.6706], [145.2565, -37.6721], [145.2577, -37.6721], [145.2581, -37.6733], [145.2598, -37.6744], [145.2618, -37.6753], [145.2635, -37.6765], [145.2638, -37.6777], [145.2653, -37.6784], [145.2648, -37.6793], [145.2655, -37.6806], [145.2651, -37.6827], [145.2646, -37.6836], [145.266, -37.6845], [145.2665, -37.6864], [145.2661, -37.6874], [145.2648, -37.6889], [145.2664, -37.6905], [145.2662, -37.6927], [145.2666, -37.6939], [145.2679, -37.6951], [145.2669, -37.6956], [145.268, -37.697], [145.2687, -37.6988], [145.2657, -37.7003], [145.2655, -37.7012], [145.2641, -37.703], [145.2624, -37.7026], [145.2614, -37.703], [145.2604, -37.7042], [145.2608, -37.7058], [145.2617, -37.7061], [145.2638, -37.7054], [145.2646, -37.706], [145.2641, -37.7073], [145.2659, -37.7083], [145.2685, -37.7073], [145.2704, -37.7055], [145.2693, -37.705], [145.2679, -37.7057], [145.2672, -37.7045], [145.2675, -37.7035], [145.2691, -37.7034], [145.2722, -37.7038], [145.2731, -37.7052], [145.2727, -37.7079], [145.2732, -37.7089], [145.2746, -37.7092], [145.2757, -37.7104], [145.2739, -37.7136], [145.2724, -37.7154], [145.2727, -37.716], [145.2772, -37.7154], [145.2772, -37.7136], [145.2786, -37.7132], [145.2813, -37.7138], [145.2826, -37.7147], [145.2831, -37.7159], [145.2828, -37.7183], [145.2837, -37.7188], [145.2862, -37.7165], [145.287, -37.7148], [145.2852, -37.7144], [145.285, -37.7117], [145.283, -37.7097], [145.2827, -37.7086], [145.2841, -37.7069], [145.2843, -37.7057], [145.2859, -37.7038], [145.287, -37.7032], [145.2906, -37.703], [145.2923, -37.7024], [145.2911, -37.7074], [145.2891, -37.709], [145.2907, -37.7097], [145.2924, -37.7087], [145.2933, -37.7098], [145.2918, -37.7108], [145.2914, -37.7115], [145.2936, -37.7122], [145.2957, -37.7128], [145.2961, -37.7139], [145.2991, -37.7128], [145.3002, -37.7133], [145.3016, -37.7147], [145.3023, -37.7166], [145.3041, -37.716], [145.308, -37.7163], [145.3106, -37.7162], [145.3124, -37.7156], [145.3123, -37.7139], [145.3114, -37.7129], [145.3123, -37.7122], [145.3113, -37.7095], [145.3121, -37.7091], [145.3138, -37.71], [145.3138, -37.707], [145.3163, -37.7067], [145.319, -37.7079], [145.3206, -37.7066], [145.3186, -37.704], [145.3176, -37.7031], [145.3149, -37.6996], [145.3153, -37.6985], [145.3187, -37.6974], [145.3194, -37.6941], [145.3189, -37.6932], [145.3173, -37.6925], [145.3181, -37.6913], [145.3266, -37.689], [145.3284, -37.69], [145.3289, -37.6915], [145.3305, -37.6921], [145.3313, -37.6899], [145.3313, -37.6877], [145.3331, -37.6865], [145.3347, -37.6833], [145.3356, -37.6821], [145.3324, -37.68], [145.3319, -37.6777], [145.3325, -37.677], [145.3313, -37.6761], [145.3315, -37.6747], [145.3308, -37.6738], [145.3304, -37.6719], [145.3326, -37.6706], [145.3344, -37.6643], [145.3355, -37.6624], [145.3387, -37.6613], [145.339, -37.6601], [145.3409, -37.6594], [145.3439, -37.656], [145.3458, -37.6557], [145.3465, -37.6544], [145.3463, -37.6523], [145.3472, -37.6515], [145.3472, -37.6499], [145.3478, -37.6487], [145.3512, -37.646], [145.3525, -37.6453], [145.3539, -37.6439], [145.3532, -37.6399], [145.3546, -37.6345], [145.3559, -37.6301], [145.3584, -37.6275], [145.3583, -37.6252], [145.3561, -37.6225], [145.3578, -37.6187], [145.3556, -37.6167], [145.3542, -37.6163], [145.3526, -37.6152], [145.3564, -37.6134], [145.3553, -37.6118], [145.3567, -37.6087], [145.3563, -37.6065], [145.3566, -37.6055], [145.3548, -37.6025], [145.355, -37.6007], [145.3558, -37.5996], [145.3618, -37.5741], [145.3644, -37.5628], [145.366, -37.5517], [145.3664, -37.5451], [145.3607, -37.5445], [145.3609, -37.5433], [145.3566, -37.5428], [145.3479, -37.5412], [145.3474, -37.5441], [145.3413, -37.5435], [145.34, -37.541], [145.3387, -37.5403], [145.3326, -37.5396], [145.3338, -37.5326], [145.328, -37.5319], [145.3285, -37.5291], [145.3206, -37.5282], [145.3211, -37.5252], [145.3176, -37.5252], [145.3124, -37.5246], [145.314, -37.524], [145.3146, -37.523], [145.3048, -37.5219], [145.306, -37.521], [145.3091, -37.5197], [145.3138, -37.5155], [145.2971, -37.5137], [145.298, -37.5083], [145.2939, -37.5078], [145.2928, -37.5069], [145.2944, -37.4986], [145.2763, -37.4965], [145.2755, -37.501], [145.2674, -37.5], [145.2645, -37.5013], [145.2642, -37.5018], [145.2624, -37.5119], [145.2517, -37.5106], [145.2529, -37.5076], [145.2539, -37.5073], [145.2567, -37.492], [145.2478, -37.4909], [145.2481, -37.4892], [145.2436, -37.4887], [145.2437, -37.4882], [145.2393, -37.4877], [145.2381, -37.4952], [145.2374, -37.4969], [145.2353, -37.4987], [145.236, -37.5], [145.236, -37.5014], [145.2353, -37.502], [145.2356, -37.5035], [145.2312, -37.5029], [145.2263, -37.5087], [145.2355, -37.5101], [145.2344, -37.5172], [145.2267, -37.5159], [145.2274, -37.518], [145.2285, -37.5195], [145.2284, -37.5214], [145.2205, -37.5204], [145.2117, -37.5194], [145.2107, -37.5252], [145.1967, -37.5237], [145.1968, -37.527], [145.1958, -37.528], [145.194, -37.5305], [145.2068, -37.5319], [145.2055, -37.5392], [145.1816, -37.5365], [145.1799, -37.5364], [145.1781, -37.5397], [145.1752, -37.5431], [145.1716, -37.5447], [145.1689, -37.5474], [145.1669, -37.5482], [145.1668, -37.5488], [145.1689, -37.5513], [145.1687, -37.552], [145.1654, -37.5571], [145.165, -37.558], [145.16, -37.5599], [145.1575, -37.5611], [145.1495, -37.5653], [145.146, -37.5694], [145.1444, -37.5703], [145.144, -37.5727], [145.1405, -37.5924], [145.1381, -37.6055], [145.1365, -37.6157], [145.1358, -37.6199], [145.1393, -37.6204], [145.1394, -37.6195], [145.1415, -37.6197], [145.1419, -37.6175], [145.1455, -37.6179], [145.1447, -37.6228], [145.1469, -37.6231], [145.1533, -37.625], [145.1531, -37.6258], [145.1558, -37.6269], [145.1572, -37.6261], [145.1576, -37.6247], [145.1626, -37.6253], [145.1636, -37.6198], [145.1662, -37.62], [145.1653, -37.6242], [145.1666, -37.6247], [145.1681, -37.6237], [145.1704, -37.6215], [145.1715, -37.6189], [145.1725, -37.6204], [145.1776, -37.617], [145.1793, -37.6179], [145.1872, -37.6157], [145.1873, -37.6168], [145.1955, -37.6178], [145.199, -37.6186], [145.1978, -37.621], [145.2016, -37.6215], [145.2013, -37.6241], [145.2028, -37.6242], [145.2022, -37.6279], [145.1923, -37.6268], [145.1927, -37.629], [145.1921, -37.6299], [145.1914, -37.632], [145.1917, -37.6337], [145.194, -37.6339], [145.1954, -37.6344], [145.1975, -37.6339], [145.1991, -37.6344], [145.2003, -37.634], [145.2005, -37.6325], [145.2011, -37.6321], [145.2028, -37.6329], [145.2041, -37.6328], [145.2054, -37.6321], [145.2056, -37.6312], [145.2074, -37.6298], [145.2099, -37.6298], [145.2106, -37.6291], [145.212, -37.6296], [145.2101, -37.6305], [145.2149, -37.6311], [145.2153, -37.629], [145.2173, -37.6293], [145.2177, -37.627], [145.2261, -37.6285], [145.2244, -37.6289], [145.2216, -37.6303], [145.2198, -37.6301], [145.2192, -37.6325], [145.2237, -37.6321], [145.2253, -37.6317], [145.2252, -37.6329], [145.2231, -37.6363], [145.2219, -37.636], [145.2199, -37.6368], [145.2192, -37.6408], [145.2176, -37.6403], [145.2172, -37.6425], [145.2159, -37.6424], [145.2151, -37.6443], [145.2159, -37.6451], [145.2177, -37.645], [145.2222, -37.6493], [145.2228, -37.6488], [145.2273, -37.6494], [145.2244, -37.6502], [145.2215, -37.6524], [145.2215, -37.6534], [145.22, -37.6555], [145.22, -37.6567], [145.2194, -37.6579]]]}, "properties": {"SA2_CODE21": "209031212", "Area": "Panton Hill \u2013 St Andrews", "% dwellings within 400m of any bus service": 0.018018, "% dwellings with 800m of a high quality bus service": 0, "dwellings_2025": 2004, "population_2025": 5223, "SEIFA_Score": 1076, "SEIFA_Decile": 9, "% dwellings within 400m of any public transport service": 0.018018, "% dwellings with 800m of a high quality public transport service": 0, "Binned_any_bus_service_400m_dwellings_percent": 0, "Categorical_any_bus_service_400m_dwellings_percent": "0\u201310%", "Binned_high_quality_bus_service_800m_dwellings_percent": 0, "Categorical_high_quality_bus_service_800m_dwellings_percent": "0\u201310%", "Binned_any_public_transport_400m_dwellings_percent": 0, "Categorical_any_public_transport_400m_dwellings_percent": "0\u201310%", "Binned_high_quality_public_transport_800m_dwellings_percent": 0, "Categorical_high_quality_public_transport_800m_dwellings_percent": "0\u201310%", "area_km2": 292.1978}}, {"type": "Feature", "geometry": {"type": "Polygon", "coordinates": [[[145.0789, -37.6881], [145.0824, -37.6893], [145.0882, -37.6911], [145.0904, -37.6925], [145.0925, -37.6951], [145.0943, -37.6933], [145.0955, -37.6929], [145.0986, -37.6925], [145.1031, -37.6923], [145.107, -37.6918], [145.1109, -37.6906], [145.1168, -37.6879], [145.1222, -37.6868], [145.1249, -37.6866], [145.1305, -37.686], [145.1335, -37.6847], [145.1282, -37.6825], [145.1253, -37.6821], [145.1221, -37.6807], [145.1238, -37.679], [145.1254, -37.6779], [145.1261, -37.6741], [145.1307, -37.6746], [145.1313, -37.6726], [145.1319, -37.6692], [145.1326, -37.6693], [145.1338, -37.6621], [145.1377, -37.6625], [145.1384, -37.658], [145.1427, -37.6584], [145.1432, -37.6557], [145.1411, -37.6546], [145.1389, -37.6542], [145.1393, -37.652], [145.1438, -37.6525], [145.1442, -37.6507], [145.1459, -37.6507], [145.1464, -37.6527], [145.1507, -37.6532], [145.151, -37.6514], [145.1502, -37.6513], [145.1507, -37.649], [145.1495, -37.6484], [145.1498, -37.6469], [145.1522, -37.6468], [145.1584, -37.6476], [145.1577, -37.6456], [145.1568, -37.6444], [145.1571, -37.643], [145.1587, -37.642], [145.1608, -37.6423], [145.1627, -37.6415], [145.1609, -37.6393], [145.1631, -37.6382], [145.1616, -37.6366], [145.1634, -37.6323], [145.1638, -37.6305], [145.1688, -37.6311], [145.169, -37.6298], [145.1679, -37.6275], [145.1667, -37.6261], [145.1666, -37.6247], [145.1653, -37.6242], [145.1662, -37.62], [145.1636, -37.6198], [145.1626, -37.6253], [145.1576, -37.6247], [145.1572, -37.6261], [145.1558, -37.6269], [145.1531, -37.6258], [145.1533, -37.625], [145.1469, -37.6231], [145.1447, -37.6228], [145.1455, -37.6179], [145.1419, -37.6175], [145.1415, -37.6197], [145.1394, -37.6195], [145.1393, -37.6204], [145.1358, -37.6199], [145.1287, -37.6192], [145.128, -37.623], [145.1228, -37.6223], [145.1228, -37.6235], [145.1216, -37.6249], [145.1219, -37.6268], [145.1202, -37.6263], [145.1191, -37.6278], [145.1181, -37.6279], [145.1165, -37.6271], [145.115, -37.6272], [145.1136, -37.6279], [145.1134, -37.6289], [145.1147, -37.6299], [145.1141, -37.6307], [145.1126, -37.6305], [145.1097, -37.632], [145.111, -37.6323], [145.1108, -37.6332], [145.1093, -37.6331], [145.109, -37.6339], [145.1096, -37.6354], [145.1082, -37.6372], [145.1085, -37.6381], [145.1102, -37.6376], [145.1097, -37.639], [145.1078, -37.6401], [145.1067, -37.6396], [145.1045, -37.6393], [145.1021, -37.6384], [145.1025, -37.6408], [145.1043, -37.6404], [145.1046, -37.641], [145.1031, -37.6425], [145.1034, -37.6441], [145.1057, -37.6451], [145.1056, -37.646], [145.1045, -37.6464], [145.1049, -37.6473], [145.1066, -37.6478], [145.1072, -37.649], [145.105, -37.649], [145.1033, -37.6505], [145.1044, -37.6513], [145.1047, -37.6526], [145.1071, -37.6528], [145.1068, -37.654], [145.1051, -37.6542], [145.1027, -37.6527], [145.1019, -37.6545], [145.1028, -37.6553], [145.104, -37.6551], [145.1061, -37.6561], [145.1078, -37.6582], [145.1072, -37.6585], [145.1041, -37.6569], [145.1027, -37.6581], [145.1033, -37.6613], [145.1022, -37.6613], [145.1011, -37.6625], [145.0981, -37.6624], [145.0973, -37.6641], [145.0964, -37.6648], [145.0954, -37.6642], [145.096, -37.6629], [145.0949, -37.6619], [145.0946, -37.663], [145.0935, -37.6641], [145.0927, -37.6635], [145.0909, -37.6631], [145.0895, -37.6639], [145.0897, -37.6648], [145.0914, -37.665], [145.0921, -37.6658], [145.0923, -37.6671], [145.0911, -37.667], [145.0886, -37.6686], [145.0873, -37.6677], [145.0854, -37.6691], [145.0839, -37.6691], [145.0841, -37.6701], [145.0866, -37.6707], [145.0864, -37.6723], [145.0885, -37.673], [145.0888, -37.6736], [145.0883, -37.6746], [145.0872, -37.6742], [145.0857, -37.6743], [145.0858, -37.6753], [145.087, -37.6767], [145.0867, -37.6775], [145.0845, -37.6766], [145.0847, -37.6791], [145.0843, -37.6801], [145.0852, -37.6811], [145.0865, -37.6813], [145.0888, -37.6805], [145.0914, -37.6794], [145.0917, -37.6801], [145.0902, -37.6812], [145.0913, -37.6816], [145.0951, -37.6808], [145.097, -37.6812], [145.0979, -37.682], [145.1013, -37.6817], [145.1035, -37.6829], [145.102, -37.6839], [145.1025, -37.685], [145.1017, -37.6875], [145.1003, -37.6883], [145.0996, -37.6895], [145.0791, -37.6872], [145.0789, -37.6881]]]}, "properties": {"SA2_CODE21": "209031213", "Area": "Plenty \u2013 Yarrambat", "% dwellings within 400m of any bus service": 0.75, "% dwellings with 800m of a high quality bus service": 0.328297, "dwellings_2025": 3290, "population_2025": 9557, "SEIFA_Score": 1090, "SEIFA_Decile": 9, "% dwellings within 400m of any public transport service": 0.75, "% dwellings with 800m of a high quality public transport service": 0.328297, "Binned_any_bus_service_400m_dwellings_percent": 0.7, "Categorical_any_bus_service_400m_dwellings_percent": "70\u201380%", "Binned_high_quality_bus_service_800m_dwellings_percent": 0.3, "Categorical_high_quality_bus_service_800m_dwellings_percent": "30\u201340%", "Binned_any_public_transport_400m_dwellings_percent": 0.7, "Categorical_any_public_transport_400m_dwellings_percent": "70\u201380%", "Binned_high_quality_public_transport_800m_dwellings_percent": 0.3, "Categorical_high_quality_public_transport_800m_dwellings_percent": "30\u201340%", "area_km2": 29.117}}, {"type": "Feature", "geometry": {"type": "Polygon", "coordinates": [[[145.1938, -37.7318], [145.1944, -37.7327], [145.1918, -37.7351], [145.1921, -37.7365], [145.192, -37.7383], [145.1961, -37.7408], [145.1977, -37.7413], [145.1987, -37.7403], [145.1987, -37.7385], [145.1981, -37.7355], [145.1986, -37.7334], [145.1999, -37.7316], [145.2016, -37.7303], [145.2035, -37.7305], [145.2053, -37.7311], [145.2072, -37.731], [145.2097, -37.7297], [145.212, -37.7296], [145.2138, -37.7304], [145.2149, -37.7312], [145.2154, -37.7326], [145.2149, -37.734], [145.2114, -37.7357], [145.2083, -37.7369], [145.2063, -37.7372], [145.2041, -37.7371], [145.2025, -37.7375], [145.2014, -37.7388], [145.2018, -37.7397], [145.2045, -37.7415], [145.207, -37.7415], [145.2096, -37.7407], [145.2126, -37.7394], [145.2141, -37.7394], [145.2166, -37.7387], [145.2187, -37.7368], [145.2202, -37.7361], [145.224, -37.7363], [145.2258, -37.7362], [145.2299, -37.7387], [145.2305, -37.7377], [145.2289, -37.7367], [145.2276, -37.7345], [145.227, -37.7331], [145.2285, -37.7317], [145.2338, -37.7314], [145.2364, -37.7316], [145.2386, -37.7334], [145.2391, -37.7346], [145.2416, -37.7361], [145.2432, -37.7352], [145.2425, -37.733], [145.2404, -37.732], [145.2403, -37.7314], [145.2418, -37.73], [145.2423, -37.7283], [145.2417, -37.7276], [145.2402, -37.7272], [145.2368, -37.7271], [145.2362, -37.7254], [145.2361, -37.7232], [145.2347, -37.7214], [145.2355, -37.7203], [145.2365, -37.7199], [145.2377, -37.7207], [145.2397, -37.7232], [145.2409, -37.725], [145.2427, -37.7252], [145.2437, -37.723], [145.243, -37.7209], [145.243, -37.7193], [145.2444, -37.7195], [145.2465, -37.7205], [145.2487, -37.7207], [145.2497, -37.7196], [145.2496, -37.7186], [145.2508, -37.7179], [145.2539, -37.7171], [145.2552, -37.7148], [145.2563, -37.7137], [145.2564, -37.712], [145.2547, -37.7108], [145.2549, -37.71], [145.2579, -37.7101], [145.2594, -37.7093], [145.2606, -37.7079], [145.2631, -37.708], [145.2641, -37.7073], [145.2646, -37.706], [145.2638, -37.7054], [145.2617, -37.7061], [145.2608, -37.7058], [145.2604, -37.7042], [145.2614, -37.703], [145.2624, -37.7026], [145.2641, -37.703], [145.2655, -37.7012], [145.2657, -37.7003], [145.2687, -37.6988], [145.268, -37.697], [145.2669, -37.6956], [145.2679, -37.6951], [145.2666, -37.6939], [145.2662, -37.6927], [145.2664, -37.6905], [145.2648, -37.6889], [145.2661, -37.6874], [145.2665, -37.6864], [145.266, -37.6845], [145.2646, -37.6836], [145.2651, -37.6827], [145.2655, -37.6806], [145.2648, -37.6793], [145.2653, -37.6784], [145.2638, -37.6777], [145.2635, -37.6765], [145.2618, -37.6753], [145.2598, -37.6744], [145.2581, -37.6733], [145.2577, -37.6721], [145.2565, -37.6721], [145.2565, -37.6706], [145.2552, -37.6702], [145.2533, -37.6704], [145.2512, -37.6701], [145.2486, -37.6711], [145.2491, -37.6683], [145.2508, -37.6685], [145.2514, -37.6649], [145.2468, -37.6644], [145.2452, -37.6631], [145.2433, -37.6626], [145.2378, -37.6641], [145.2365, -37.6654], [145.2323, -37.6649], [145.2327, -37.6622], [145.2306, -37.6619], [145.2299, -37.6623], [145.2296, -37.664], [145.2249, -37.6634], [145.224, -37.6671], [145.2201, -37.6665], [145.2203, -37.6627], [145.2197, -37.6626], [145.2202, -37.6596], [145.2201, -37.658], [145.2194, -37.6579], [145.2144, -37.6573], [145.2144, -37.6577], [145.2104, -37.6568], [145.2085, -37.6619], [145.2053, -37.6612], [145.2043, -37.6639], [145.2026, -37.6637], [145.2013, -37.6632], [145.2013, -37.6648], [145.2034, -37.6665], [145.2033, -37.667], [145.2, -37.6666], [145.1995, -37.6694], [145.1991, -37.6694], [145.1984, -37.6733], [145.1978, -37.6741], [145.2006, -37.6751], [145.2024, -37.6754], [145.2021, -37.6765], [145.1999, -37.6761], [145.1984, -37.6825], [145.1996, -37.6822], [145.1964, -37.6859], [145.1953, -37.6858], [145.1917, -37.6895], [145.1883, -37.6892], [145.188, -37.6903], [145.1833, -37.6897], [145.1797, -37.6861], [145.1795, -37.6876], [145.1786, -37.6912], [145.1689, -37.6901], [145.1646, -37.6895], [145.1641, -37.6911], [145.1649, -37.6919], [145.1668, -37.6917], [145.1682, -37.6928], [145.1689, -37.6946], [145.1702, -37.6941], [145.1731, -37.6945], [145.1736, -37.6957], [145.1772, -37.6981], [145.1747, -37.7121], [145.1738, -37.7195], [145.173, -37.7239], [145.1741, -37.724], [145.1762, -37.7231], [145.1771, -37.7232], [145.1777, -37.7244], [145.1789, -37.7244], [145.1804, -37.7234], [145.1829, -37.724], [145.1871, -37.7228], [145.1896, -37.7208], [145.1918, -37.7211], [145.1907, -37.7261], [145.1892, -37.726], [145.1889, -37.7276], [145.1905, -37.7274], [145.1929, -37.7277], [145.195, -37.7273], [145.1943, -37.731], [145.1938, -37.7318]]]}, "properties": {"SA2_CODE21": "209031214", "Area": "Research \u2013 North Warrandyte", "% dwellings within 400m of any bus service": 0.669145, "% dwellings with 800m of a high quality bus service": 0.003717, "dwellings_2025": 2396, "population_2025": 7055, "SEIFA_Score": 1116, "SEIFA_Decile": 10, "% dwellings within 400m of any public transport service": 0.669145, "% dwellings with 800m of a high quality public transport service": 0.003717, "Binned_any_bus_service_400m_dwellings_percent": 0.6, "Categorical_any_bus_service_400m_dwellings_percent": "60\u201370%", "Binned_high_quality_bus_service_800m_dwellings_percent": 0, "Categorical_high_quality_bus_service_800m_dwellings_percent": "0\u201310%", "Binned_any_public_transport_400m_dwellings_percent": 0.6, "Categorical_any_public_transport_400m_dwellings_percent": "60\u201370%", "Binned_high_quality_public_transport_800m_dwellings_percent": 0, "Categorical_high_quality_public_transport_800m_dwellings_percent": "0\u201310%", "area_km2": 49.7946}}, {"type": "Feature", "geometry": {"type": "Polygon", "coordinates": [[[145.1429, -37.6868], [145.1496, -37.6876], [145.1512, -37.6883], [145.152, -37.6879], [145.1646, -37.6895], [145.1689, -37.6901], [145.1786, -37.6912], [145.1795, -37.6876], [145.1797, -37.6861], [145.1833, -37.6897], [145.188, -37.6903], [145.1883, -37.6892], [145.1917, -37.6895], [145.1953, -37.6858], [145.1964, -37.6859], [145.1996, -37.6822], [145.1984, -37.6825], [145.1999, -37.6761], [145.2021, -37.6765], [145.2024, -37.6754], [145.2006, -37.6751], [145.1978, -37.6741], [145.1984, -37.6733], [145.1991, -37.6694], [145.1995, -37.6694], [145.2, -37.6666], [145.2033, -37.667], [145.2034, -37.6665], [145.2013, -37.6648], [145.2013, -37.6632], [145.2026, -37.6637], [145.2043, -37.6639], [145.2053, -37.6612], [145.2085, -37.6619], [145.2104, -37.6568], [145.211, -37.6553], [145.2073, -37.6544], [145.2081, -37.6532], [145.2056, -37.6521], [145.205, -37.6536], [145.2056, -37.6539], [145.205, -37.6553], [145.2017, -37.6538], [145.2002, -37.6561], [145.1987, -37.6554], [145.1966, -37.6582], [145.196, -37.6578], [145.1956, -37.6557], [145.1964, -37.6513], [145.1942, -37.6511], [145.194, -37.6523], [145.1918, -37.6521], [145.191, -37.655], [145.186, -37.6545], [145.1857, -37.6534], [145.1875, -37.6533], [145.1871, -37.6522], [145.1755, -37.6509], [145.1764, -37.646], [145.1732, -37.6457], [145.1744, -37.6394], [145.1704, -37.6389], [145.1706, -37.638], [145.1661, -37.6374], [145.1666, -37.635], [145.1678, -37.6324], [145.1688, -37.6311], [145.1638, -37.6305], [145.1634, -37.6323], [145.1616, -37.6366], [145.1631, -37.6382], [145.1609, -37.6393], [145.1627, -37.6415], [145.1608, -37.6423], [145.1587, -37.642], [145.1571, -37.643], [145.1568, -37.6444], [145.1577, -37.6456], [145.1584, -37.6476], [145.1522, -37.6468], [145.1498, -37.6469], [145.1495, -37.6484], [145.1507, -37.649], [145.1502, -37.6513], [145.151, -37.6514], [145.1507, -37.6532], [145.1464, -37.6527], [145.1459, -37.6507], [145.1442, -37.6507], [145.1438, -37.6525], [145.1393, -37.652], [145.1389, -37.6542], [145.1411, -37.6546], [145.1432, -37.6557], [145.1427, -37.6584], [145.1384, -37.658], [145.1377, -37.6625], [145.1338, -37.6621], [145.1326, -37.6693], [145.1319, -37.6692], [145.1313, -37.6726], [145.1307, -37.6746], [145.1261, -37.6741], [145.1254, -37.6779], [145.1238, -37.679], [145.1221, -37.6807], [145.1253, -37.6821], [145.1282, -37.6825], [145.1335, -37.6847], [145.1375, -37.6831], [145.1406, -37.6827], [145.1437, -37.6826], [145.1429, -37.6868]]]}, "properties": {"SA2_CODE21": "209031215", "Area": "Wattle Glen \u2013 Diamond Creek", "% dwellings within 400m of any bus service": 0.80779, "% dwellings with 800m of a high quality bus service": 0.010161, "dwellings_2025": 5266, "population_2025": 14785, "SEIFA_Score": 1069, "SEIFA_Decile": 8, "% dwellings within 400m of any public transport service": 0.809483, "% dwellings with 800m of a high quality public transport service": 0.049111, "Binned_any_bus_service_400m_dwellings_percent": 0.8, "Categorical_any_bus_service_400m_dwellings_percent": "80\u201390%", "Binned_high_quality_bus_service_800m_dwellings_percent": 0, "Categorical_high_quality_bus_service_800m_dwellings_percent": "0\u201310%", "Binned_any_public_transport_400m_dwellings_percent": 0.8, "Categorical_any_public_transport_400m_dwellings_percent": "80\u201390%", "Binned_high_quality_public_transport_800m_dwellings_percent": 0, "Categorical_high_quality_public_transport_800m_dwellings_percent": "0\u201310%", "area_km2": 26.8245}}, {"type": "Feature", "geometry": {"type": "Polygon", "coordinates": [[[145.0791, -37.6872], [145.0996, -37.6895], [145.1003, -37.6883], [145.1017, -37.6875], [145.1025, -37.685], [145.102, -37.6839], [145.1035, -37.6829], [145.1013, -37.6817], [145.0979, -37.682], [145.097, -37.6812], [145.0951, -37.6808], [145.0913, -37.6816], [145.0902, -37.6812], [145.0917, -37.6801], [145.0914, -37.6794], [145.0888, -37.6805], [145.0865, -37.6813], [145.0852, -37.6811], [145.0843, -37.6801], [145.0847, -37.6791], [145.0761, -37.6787], [145.0698, -37.6782], [145.0697, -37.6788], [145.0561, -37.6775], [145.0422, -37.6765], [145.0424, -37.6778], [145.0417, -37.6787], [145.0423, -37.6799], [145.0418, -37.6807], [145.0413, -37.683], [145.0402, -37.684], [145.0419, -37.6853], [145.042, -37.6863], [145.0429, -37.6871], [145.0438, -37.6854], [145.0454, -37.6861], [145.0465, -37.6849], [145.0478, -37.6851], [145.0486, -37.6843], [145.0501, -37.6843], [145.0518, -37.6852], [145.0517, -37.6862], [145.0604, -37.6857], [145.0609, -37.6854], [145.0682, -37.686], [145.0791, -37.6872]]]}, "properties": {"SA2_CODE21": "209041216", "Area": "Bundoora \u2013 North", "% dwellings within 400m of any bus service": 0.938115, "% dwellings with 800m of a high quality bus service": 0.407876, "dwellings_2025": 3048, "population_2025": 7750, "SEIFA_Score": 1033, "SEIFA_Decile": 7, "% dwellings within 400m of any public transport service": 0.938115, "% dwellings with 800m of a high quality public transport service": 0.43038, "Binned_any_bus_service_400m_dwellings_percent": 0.9, "Categorical_any_bus_service_400m_dwellings_percent": "90\u2013100%", "Binned_high_quality_bus_service_800m_dwellings_percent": 0.4, "Categorical_high_quality_bus_service_800m_dwellings_percent": "40\u201350%", "Binned_any_public_transport_400m_dwellings_percent": 0.9, "Categorical_any_public_transport_400m_dwellings_percent": "90\u2013100%", "Binned_high_quality_public_transport_800m_dwellings_percent": 0.4, "Categorical_high_quality_public_transport_800m_dwellings_percent": "40\u201350%", "area_km2": 4.715}}, {"type": "Feature", "geometry": {"type": "Polygon", "coordinates": [[[145.0682, -37.686], [145.0609, -37.6854], [145.0604, -37.6857], [145.0517, -37.6862], [145.0508, -37.6875], [145.0522, -37.6889], [145.0485, -37.6887], [145.0445, -37.6899], [145.0431, -37.691], [145.0415, -37.6947], [145.0402, -37.6954], [145.0348, -37.6964], [145.0325, -37.6973], [145.0408, -37.6983], [145.0407, -37.6989], [145.042, -37.6988], [145.0439, -37.6995], [145.0448, -37.6987], [145.0582, -37.7], [145.0599, -37.6952], [145.0615, -37.6934], [145.067, -37.6876], [145.0682, -37.686]]]}, "properties": {"SA2_CODE21": "209041217", "Area": "Bundoora \u2013 West", "% dwellings within 400m of any bus service": 0.787682, "% dwellings with 800m of a high quality bus service": 0.371151, "dwellings_2025": 2871, "population_2025": 6563, "SEIFA_Score": 982, "SEIFA_Decile": 5, "% dwellings within 400m of any public transport service": 0.794165, "% dwellings with 800m of a high quality public transport service": 0.471637, "Binned_any_bus_service_400m_dwellings_percent": 0.7, "Categorical_any_bus_service_400m_dwellings_percent": "70\u201380%", "Binned_high_quality_bus_service_800m_dwellings_percent": 0.3, "Categorical_high_quality_bus_service_800m_dwellings_percent": "30\u201340%", "Binned_any_public_transport_400m_dwellings_percent": 0.7, "Categorical_any_public_transport_400m_dwellings_percent": "70\u201380%", "Binned_high_quality_public_transport_800m_dwellings_percent": 0.4, "Categorical_high_quality_public_transport_800m_dwellings_percent": "40\u201350%", "area_km2": 2.5601}}, {"type": "Feature", "geometry": {"type": "Polygon", "coordinates": [[[145.0949, -37.6619], [145.0922, -37.66], [145.0903, -37.6589], [145.089, -37.6586], [145.0855, -37.6561], [145.0856, -37.6557], [145.0837, -37.6541], [145.0881, -37.6512], [145.0703, -37.6493], [145.0685, -37.6496], [145.0677, -37.649], [145.0479, -37.6515], [145.0422, -37.6518], [145.0411, -37.6542], [145.0397, -37.6559], [145.0396, -37.6568], [145.0373, -37.6594], [145.0371, -37.661], [145.0365, -37.6614], [145.0393, -37.6616], [145.0443, -37.6623], [145.0474, -37.6625], [145.0526, -37.6623], [145.0543, -37.6624], [145.0566, -37.6636], [145.0598, -37.6673], [145.0612, -37.6682], [145.0648, -37.6695], [145.0663, -37.6699], [145.074, -37.6707], [145.0757, -37.6705], [145.0795, -37.6694], [145.0825, -37.6714], [145.0829, -37.6729], [145.0888, -37.6736], [145.0885, -37.673], [145.0864, -37.6723], [145.0866, -37.6707], [145.0841, -37.6701], [145.0839, -37.6691], [145.0854, -37.6691], [145.0873, -37.6677], [145.0886, -37.6686], [145.0911, -37.667], [145.0923, -37.6671], [145.0921, -37.6658], [145.0914, -37.665], [145.0897, -37.6648], [145.0895, -37.6639], [145.0909, -37.6631], [145.0927, -37.6635], [145.0935, -37.6641], [145.0946, -37.663], [145.0949, -37.6619]]]}, "properties": {"SA2_CODE21": "209041220", "Area": "Mill Park \u2013 North", "% dwellings within 400m of any bus service": 0.979068, "% dwellings with 800m of a high quality bus service": 0.10871, "dwellings_2025": 6589, "population_2025": 17840, "SEIFA_Score": 993, "SEIFA_Decile": 5, "% dwellings within 400m of any public transport service": 0.979068, "% dwellings with 800m of a high quality public transport service": 0.10871, "Binned_any_bus_service_400m_dwellings_percent": 0.9, "Categorical_any_bus_service_400m_dwellings_percent": "90\u2013100%", "Binned_high_quality_bus_service_800m_dwellings_percent": 0.1, "Categorical_high_quality_bus_service_800m_dwellings_percent": "10\u201320%", "Binned_any_public_transport_400m_dwellings_percent": 0.9, "Categorical_any_public_transport_400m_dwellings_percent": "90\u2013100%", "Binned_high_quality_public_transport_800m_dwellings_percent": 0.1, "Categorical_high_quality_public_transport_800m_dwellings_percent": "10\u201320%", "area_km2": 8.1362}}, {"type": "Feature", "geometry": {"type": "Polygon", "coordinates": [[[145.0888, -37.6736], [145.0829, -37.6729], [145.0825, -37.6714], [145.0795, -37.6694], [145.0757, -37.6705], [145.074, -37.6707], [145.0663, -37.6699], [145.0648, -37.6695], [145.0612, -37.6682], [145.0598, -37.6673], [145.0566, -37.6636], [145.0543, -37.6624], [145.0526, -37.6623], [145.0474, -37.6625], [145.0443, -37.6623], [145.0393, -37.6616], [145.0365, -37.6614], [145.0357, -37.6621], [145.0365, -37.6636], [145.0356, -37.6656], [145.0384, -37.6666], [145.0388, -37.6674], [145.037, -37.6702], [145.0387, -37.6706], [145.0403, -37.67], [145.0409, -37.6706], [145.0425, -37.6708], [145.0434, -37.6721], [145.045, -37.6716], [145.0442, -37.6745], [145.0447, -37.6752], [145.0434, -37.6762], [145.0422, -37.6765], [145.0561, -37.6775], [145.0697, -37.6788], [145.0698, -37.6782], [145.0761, -37.6787], [145.0847, -37.6791], [145.0845, -37.6766], [145.0867, -37.6775], [145.087, -37.6767], [145.0858, -37.6753], [145.0857, -37.6743], [145.0872, -37.6742], [145.0883, -37.6746], [145.0888, -37.6736]]]}, "properties": {"SA2_CODE21": "209041221", "Area": "Mill Park \u2013 South", "% dwellings within 400m of any bus service": 0.961165, "% dwellings with 800m of a high quality bus service": 0.063646, "dwellings_2025": 4332, "population_2025": 11424, "SEIFA_Score": 974, "SEIFA_Decile": 5, "% dwellings within 400m of any public transport service": 0.961165, "% dwellings with 800m of a high quality public transport service": 0.063646, "Binned_any_bus_service_400m_dwellings_percent": 0.9, "Categorical_any_bus_service_400m_dwellings_percent": "90\u2013100%", "Binned_high_quality_bus_service_800m_dwellings_percent": 0, "Categorical_high_quality_bus_service_800m_dwellings_percent": "0\u201310%", "Binned_any_public_transport_400m_dwellings_percent": 0.9, "Categorical_any_public_transport_400m_dwellings_percent": "90\u2013100%", "Binned_high_quality_public_transport_800m_dwellings_percent": 0, "Categorical_high_quality_public_transport_800m_dwellings_percent": "0\u201310%", "area_km2": 4.9298}}, {"type": "Feature", "geometry": {"type": "Polygon", "coordinates": [[[145.0325, -37.6973], [145.0348, -37.6964], [145.0402, -37.6954], [145.0415, -37.6947], [145.0431, -37.691], [145.0445, -37.6899], [145.0485, -37.6887], [145.0522, -37.6889], [145.0508, -37.6875], [145.0517, -37.6862], [145.0518, -37.6852], [145.0501, -37.6843], [145.0486, -37.6843], [145.0478, -37.6851], [145.0465, -37.6849], [145.0454, -37.6861], [145.0438, -37.6854], [145.0429, -37.6871], [145.042, -37.6863], [145.0419, -37.6853], [145.0402, -37.684], [145.0413, -37.683], [145.0418, -37.6807], [145.0423, -37.6799], [145.0417, -37.6787], [145.0424, -37.6778], [145.0422, -37.6765], [145.0408, -37.676], [145.0308, -37.675], [145.0298, -37.6764], [145.0152, -37.6748], [145.0154, -37.6738], [145.0104, -37.6733], [145.0097, -37.6723], [145.0023, -37.6716], [145.0017, -37.6725], [145.0005, -37.6721], [144.986, -37.6705], [144.9775, -37.6695], [144.976, -37.6706], [144.9747, -37.67], [144.9741, -37.6691], [144.974, -37.6714], [144.9763, -37.6717], [144.9763, -37.6726], [144.975, -37.6739], [144.9775, -37.6759], [144.9777, -37.6767], [144.9763, -37.6768], [144.9761, -37.6759], [144.9744, -37.676], [144.9726, -37.6767], [144.9725, -37.6773], [144.9741, -37.6787], [144.9738, -37.6797], [144.9745, -37.6804], [144.9725, -37.6812], [144.9728, -37.6824], [144.9716, -37.6839], [144.9715, -37.686], [144.9707, -37.6877], [144.972, -37.6888], [144.9734, -37.6887], [144.9734, -37.6901], [144.9721, -37.691], [144.9821, -37.6919], [145.0114, -37.6948], [145.0227, -37.6961], [145.0228, -37.6963], [145.0325, -37.6973]]]}, "properties": {"SA2_CODE21": "209041223", "Area": "Thomastown", "% dwellings within 400m of any bus service": 0.931886, "% dwellings with 800m of a high quality bus service": 0.064283, "dwellings_2025": 8256, "population_2025": 20499, "SEIFA_Score": 900, "SEIFA_Decile": 2, "% dwellings within 400m of any public transport service": 0.931886, "% dwellings with 800m of a high quality public transport service": 0.125585, "Binned_any_bus_service_400m_dwellings_percent": 0.9, "Categorical_any_bus_service_400m_dwellings_percent": "90\u2013100%", "Binned_high_quality_bus_service_800m_dwellings_percent": 0, "Categorical_high_quality_bus_service_800m_dwellings_percent": "0\u201310%", "Binned_any_public_transport_400m_dwellings_percent": 0.9, "Categorical_any_public_transport_400m_dwellings_percent": "90\u2013100%", "Binned_high_quality_public_transport_800m_dwellings_percent": 0.1, "Categorical_high_quality_public_transport_800m_dwellings_percent": "10\u201320%", "area_km2": 14.6852}}, {"type": "Feature", "geometry": {"type": "Polygon", "coordinates": [[[145.2223, -37.4726], [145.221, -37.4716], [145.2198, -37.47], [145.2193, -37.4682], [145.2165, -37.4645], [145.2096, -37.4594], [145.209, -37.457], [145.206, -37.4539], [145.205, -37.4523], [145.2041, -37.4496], [145.202, -37.4459], [145.2002, -37.444], [145.1991, -37.4438], [145.195, -37.4448], [145.1908, -37.4449], [145.188, -37.4447], [145.1864, -37.4443], [145.1855, -37.4436], [145.1855, -37.4428], [145.187, -37.4414], [145.1873, -37.4398], [145.1885, -37.4376], [145.1885, -37.4354], [145.1872, -37.4325], [145.1882, -37.4304], [145.1868, -37.4263], [145.1873, -37.4232], [145.1864, -37.4221], [145.1845, -37.4219], [145.1813, -37.4232], [145.1792, -37.4237], [145.177, -37.423], [145.1754, -37.4213], [145.1733, -37.4201], [145.1713, -37.4199], [145.1699, -37.4165], [145.1673, -37.415], [145.1659, -37.4132], [145.1628, -37.4147], [145.1609, -37.4148], [145.1576, -37.4132], [145.1548, -37.4128], [145.1537, -37.413], [145.1506, -37.4145], [145.1499, -37.4169], [145.15, -37.4186], [145.1496, -37.4199], [145.1469, -37.4221], [145.1474, -37.4244], [145.1463, -37.4282], [145.1456, -37.4286], [145.1416, -37.4283], [145.1407, -37.4279], [145.1368, -37.4255], [145.1362, -37.424], [145.1337, -37.4212], [145.1313, -37.4193], [145.1298, -37.419], [145.127, -37.4142], [145.125, -37.4102], [145.1224, -37.4094], [145.1181, -37.4097], [145.1153, -37.4102], [145.1156, -37.4093], [145.1148, -37.4087], [145.114, -37.407], [145.1129, -37.4022], [145.1111, -37.4017], [145.1107, -37.4032], [145.1079, -37.4039], [145.1051, -37.4055], [145.105, -37.4059], [145.1077, -37.4083], [145.1059, -37.4103], [145.1047, -37.4124], [145.1018, -37.4139], [145.096, -37.418], [145.0951, -37.4195], [145.0928, -37.4198], [145.0918, -37.4211], [145.0894, -37.4221], [145.0862, -37.424], [145.0855, -37.425], [145.0828, -37.4257], [145.0793, -37.4263], [145.0795, -37.4275], [145.0788, -37.4285], [145.0795, -37.4295], [145.0794, -37.4314], [145.0789, -37.4324], [145.0806, -37.4349], [145.0824, -37.4354], [145.0818, -37.4372], [145.0822, -37.4381], [145.0808, -37.4398], [145.0781, -37.4389], [145.0749, -37.4386], [145.0732, -37.4395], [145.0714, -37.439], [145.0678, -37.4386], [145.0675, -37.4413], [145.0669, -37.4421], [145.0683, -37.445], [145.0679, -37.446], [145.0691, -37.4471], [145.0698, -37.4484], [145.0716, -37.449], [145.0729, -37.4505], [145.0668, -37.4498], [145.0552, -37.4482], [145.0305, -37.4456], [145.0241, -37.4449], [145.0008, -37.4424], [144.9998, -37.4482], [144.9957, -37.4716], [144.994, -37.4812], [144.9926, -37.4853], [144.987, -37.4999], [145.0072, -37.5022], [145.0043, -37.5031], [145.0037, -37.5038], [145.0045, -37.506], [145.0036, -37.5076], [145.0028, -37.5081], [145.0021, -37.5097], [145.0005, -37.5095], [144.9996, -37.5085], [144.997, -37.5086], [144.9975, -37.5096], [144.9972, -37.5114], [144.9965, -37.5122], [144.9946, -37.5127], [144.9931, -37.5134], [144.9932, -37.5142], [144.9919, -37.5154], [144.9772, -37.5137], [144.9759, -37.514], [144.976, -37.5151], [144.9745, -37.5159], [144.9746, -37.5169], [144.9755, -37.5178], [144.9752, -37.5205], [144.9757, -37.5216], [144.9739, -37.5242], [144.9743, -37.5252], [144.9733, -37.5263], [144.9747, -37.5265], [144.9762, -37.5275], [144.9768, -37.5288], [144.9762, -37.5302], [144.9746, -37.5305], [144.9736, -37.5315], [144.9731, -37.5331], [144.9725, -37.5336], [144.9721, -37.5354], [144.9698, -37.5346], [144.9687, -37.5348], [144.9666, -37.5361], [144.9658, -37.5371], [144.9646, -37.5374], [144.9632, -37.5397], [144.9607, -37.5393], [144.96, -37.5416], [144.9551, -37.5435], [144.9538, -37.545], [144.9537, -37.5463], [144.9531, -37.548], [144.9538, -37.5497], [144.9554, -37.5505], [144.959, -37.5542], [144.9598, -37.5545], [144.9608, -37.5566], [144.964, -37.5573], [144.9726, -37.5579], [144.9794, -37.5585], [144.9978, -37.5613], [145.0157, -37.5626], [145.0152, -37.565], [145.0324, -37.5669], [145.0324, -37.5642], [145.044, -37.5654], [145.0521, -37.566], [145.0521, -37.5662], [145.061, -37.5673], [145.0797, -37.5691], [145.0886, -37.5702], [145.1007, -37.5713], [145.1185, -37.5736], [145.1255, -37.5745], [145.1264, -37.57], [145.1356, -37.5694], [145.1423, -37.5707], [145.144, -37.5727], [145.1444, -37.5703], [145.146, -37.5694], [145.1495, -37.5653], [145.1575, -37.5611], [145.16, -37.5599], [145.165, -37.558], [145.1654, -37.5571], [145.1687, -37.552], [145.1689, -37.5513], [145.1668, -37.5488], [145.1669, -37.5482], [145.1689, -37.5474], [145.1716, -37.5447], [145.1752, -37.5431], [145.1781, -37.5397], [145.1799, -37.5364], [145.1816, -37.5365], [145.2055, -37.5392], [145.2068, -37.5319], [145.194, -37.5305], [145.1958, -37.528], [145.1968, -37.527], [145.1967, -37.5237], [145.2107, -37.5252], [145.2117, -37.5194], [145.2205, -37.5204], [145.2284, -37.5214], [145.2285, -37.5195], [145.2274, -37.518], [145.2267, -37.5159], [145.2344, -37.5172], [145.2355, -37.5101], [145.2263, -37.5087], [145.2312, -37.5029], [145.2356, -37.5035], [145.2353, -37.502], [145.236, -37.5014], [145.236, -37.5], [145.2353, -37.4987], [145.2374, -37.4969], [145.2381, -37.4952], [145.2393, -37.4877], [145.241, -37.4777], [145.2335, -37.4752], [145.2255, -37.4743], [145.2223, -37.4726]]]}, "properties": {"SA2_CODE21": "209041225", "Area": "Whittlesea", "% dwellings within 400m of any bus service": 0.574047, "% dwellings with 800m of a high quality bus service": 0, "dwellings_2025": 7526, "population_2025": 20392, "SEIFA_Score": 999, "SEIFA_Decile": 6, "% dwellings within 400m of any public transport service": 0.574047, "% dwellings with 800m of a high quality public transport service": 0, "Binned_any_bus_service_400m_dwellings_percent": 0.5, "Categorical_any_bus_service_400m_dwellings_percent": "50\u201360%", "Binned_high_quality_bus_service_800m_dwellings_percent": 0, "Categorical_high_quality_bus_service_800m_dwellings_percent": "0\u201310%", "Binned_any_public_transport_400m_dwellings_percent": 0.5, "Categorical_any_public_transport_400m_dwellings_percent": "50\u201360%", "Binned_high_quality_public_transport_800m_dwellings_percent": 0, "Categorical_high_quality_public_transport_800m_dwellings_percent": "0\u201310%", "area_km2": 297.9798}}, {"type": "Feature", "geometry": {"type": "Polygon", "coordinates": [[[145.0288, -37.623], [145.0263, -37.6375], [145.0266, -37.6405], [145.0263, -37.6446], [145.0363, -37.6455], [145.0483, -37.6468], [145.0661, -37.6488], [145.0661, -37.6487], [145.0647, -37.6462], [145.0639, -37.6435], [145.0632, -37.6424], [145.0632, -37.6406], [145.0641, -37.6388], [145.0638, -37.6373], [145.0604, -37.6329], [145.0606, -37.6314], [145.0629, -37.6312], [145.0637, -37.6303], [145.064, -37.6291], [145.0645, -37.6263], [145.0424, -37.6243], [145.0424, -37.6244], [145.0288, -37.623]]]}, "properties": {"SA2_CODE21": "209041431", "Area": "Epping \u2013 East", "% dwellings within 400m of any bus service": 0.8907, "% dwellings with 800m of a high quality bus service": 0.408437, "dwellings_2025": 4857, "population_2025": 13776, "SEIFA_Score": 945, "SEIFA_Decile": 3, "% dwellings within 400m of any public transport service": 0.8907, "% dwellings with 800m of a high quality public transport service": 0.408437, "Binned_any_bus_service_400m_dwellings_percent": 0.8, "Categorical_any_bus_service_400m_dwellings_percent": "80\u201390%", "Binned_high_quality_bus_service_800m_dwellings_percent": 0.4, "Categorical_high_quality_bus_service_800m_dwellings_percent": "40\u201350%", "Binned_any_public_transport_400m_dwellings_percent": 0.8, "Categorical_any_public_transport_400m_dwellings_percent": "80\u201390%", "Binned_high_quality_public_transport_800m_dwellings_percent": 0.4, "Categorical_high_quality_public_transport_800m_dwellings_percent": "40\u201350%", "area_km2": 7.7691}}, {"type": "Feature", "geometry": {"type": "Polygon", "coordinates": [[[145.0677, -37.649], [145.0661, -37.6487], [145.0661, -37.6488], [145.0483, -37.6468], [145.0363, -37.6455], [145.0263, -37.6446], [145.0207, -37.644], [145.0206, -37.6441], [144.9933, -37.6414], [144.9919, -37.6411], [144.9936, -37.6326], [144.9939, -37.6306], [144.9938, -37.6276], [144.9935, -37.6255], [144.992, -37.6215], [144.9907, -37.6191], [144.9801, -37.618], [144.9697, -37.6168], [144.9546, -37.6153], [144.9557, -37.6163], [144.9561, -37.6175], [144.9555, -37.6183], [144.9561, -37.6215], [144.9553, -37.6224], [144.9536, -37.6226], [144.9556, -37.624], [144.9555, -37.6257], [144.9566, -37.6266], [144.9587, -37.6277], [144.959, -37.6285], [144.9574, -37.6319], [144.9587, -37.6334], [144.9586, -37.6344], [144.9617, -37.6357], [144.9643, -37.6354], [144.9655, -37.6359], [144.967, -37.6383], [144.9686, -37.6384], [144.9702, -37.6405], [144.9693, -37.6428], [144.9709, -37.6431], [144.9716, -37.6452], [144.974, -37.6465], [144.9991, -37.6492], [145.0073, -37.6502], [145.0089, -37.6509], [145.0092, -37.6522], [145.009, -37.6538], [145.0098, -37.6546], [145.01, -37.6563], [145.0087, -37.6571], [145.0083, -37.6585], [145.0166, -37.6593], [145.0204, -37.6598], [145.0365, -37.6614], [145.0371, -37.661], [145.0373, -37.6594], [145.0396, -37.6568], [145.0397, -37.6559], [145.0411, -37.6542], [145.0422, -37.6518], [145.0479, -37.6515], [145.0677, -37.649]]]}, "properties": {"SA2_CODE21": "209041432", "Area": "Epping \u2013 South", "% dwellings within 400m of any bus service": 0.93251, "% dwellings with 800m of a high quality bus service": 0.361217, "dwellings_2025": 3649, "population_2025": 9321, "SEIFA_Score": 920, "SEIFA_Decile": 2, "% dwellings within 400m of any public transport service": 0.93251, "% dwellings with 800m of a high quality public transport service": 0.370722, "Binned_any_bus_service_400m_dwellings_percent": 0.9, "Categorical_any_bus_service_400m_dwellings_percent": "90\u2013100%", "Binned_high_quality_bus_service_800m_dwellings_percent": 0.3, "Categorical_high_quality_bus_service_800m_dwellings_percent": "30\u201340%", "Binned_any_public_transport_400m_dwellings_percent": 0.9, "Categorical_any_public_transport_400m_dwellings_percent": "90\u2013100%", "Binned_high_quality_public_transport_800m_dwellings_percent": 0.3, "Categorical_high_quality_public_transport_800m_dwellings_percent": "30\u201340%", "area_km2": 15.8714}}, {"type": "Feature", "geometry": {"type": "Polygon", "coordinates": [[[145.0288, -37.623], [145.0151, -37.6217], [144.9961, -37.6197], [144.9907, -37.6191], [144.992, -37.6215], [144.9935, -37.6255], [144.9938, -37.6276], [144.9939, -37.6306], [144.9936, -37.6326], [144.9919, -37.6411], [144.9933, -37.6414], [145.0206, -37.6441], [145.0207, -37.644], [145.0263, -37.6446], [145.0266, -37.6405], [145.0263, -37.6375], [145.0288, -37.623]]]}, "properties": {"SA2_CODE21": "209041433", "Area": "Epping \u2013 West", "% dwellings within 400m of any bus service": 0.860958, "% dwellings with 800m of a high quality bus service": 0.244936, "dwellings_2025": 4301, "population_2025": 12977, "SEIFA_Score": 988, "SEIFA_Decile": 5, "% dwellings within 400m of any public transport service": 0.860958, "% dwellings with 800m of a high quality public transport service": 0.244936, "Binned_any_bus_service_400m_dwellings_percent": 0.8, "Categorical_any_bus_service_400m_dwellings_percent": "80\u201390%", "Binned_high_quality_bus_service_800m_dwellings_percent": 0.2, "Categorical_high_quality_bus_service_800m_dwellings_percent": "20\u201330%", "Binned_any_public_transport_400m_dwellings_percent": 0.8, "Categorical_any_public_transport_400m_dwellings_percent": "80\u201390%", "Binned_high_quality_public_transport_800m_dwellings_percent": 0.2, "Categorical_high_quality_public_transport_800m_dwellings_percent": "20\u201330%", "area_km2": 7.3573}}, {"type": "Feature", "geometry": {"type": "Polygon", "coordinates": [[[145.1228, -37.6223], [145.1234, -37.6217], [145.1224, -37.6209], [145.1198, -37.6208], [145.1193, -37.6225], [145.1175, -37.6221], [145.1162, -37.621], [145.1156, -37.6197], [145.1165, -37.619], [145.1162, -37.6177], [145.1135, -37.6161], [145.1126, -37.6161], [145.1097, -37.6184], [145.1085, -37.6171], [145.0958, -37.6156], [145.0955, -37.6154], [145.0814, -37.6136], [145.0795, -37.6135], [145.0628, -37.6118], [145.045, -37.6098], [145.0449, -37.61], [145.0424, -37.6243], [145.0645, -37.6263], [145.064, -37.6291], [145.0654, -37.6293], [145.0678, -37.6309], [145.0708, -37.6338], [145.0725, -37.6346], [145.075, -37.6351], [145.079, -37.6356], [145.093, -37.6372], [145.1019, -37.6383], [145.1021, -37.6384], [145.1045, -37.6393], [145.1067, -37.6396], [145.1078, -37.6401], [145.1097, -37.639], [145.1102, -37.6376], [145.1085, -37.6381], [145.1082, -37.6372], [145.1096, -37.6354], [145.109, -37.6339], [145.1093, -37.6331], [145.1108, -37.6332], [145.111, -37.6323], [145.1097, -37.632], [145.1126, -37.6305], [145.1141, -37.6307], [145.1147, -37.6299], [145.1134, -37.6289], [145.1136, -37.6279], [145.115, -37.6272], [145.1165, -37.6271], [145.1181, -37.6279], [145.1191, -37.6278], [145.1202, -37.6263], [145.1219, -37.6268], [145.1216, -37.6249], [145.1228, -37.6235], [145.1228, -37.6223]]]}, "properties": {"SA2_CODE21": "209041435", "Area": "South Morang \u2013 North", "% dwellings within 400m of any bus service": 0.952821, "% dwellings with 800m of a high quality bus service": 0.405128, "dwellings_2025": 4296, "population_2025": 13336, "SEIFA_Score": 1032, "SEIFA_Decile": 7, "% dwellings within 400m of any public transport service": 0.952821, "% dwellings with 800m of a high quality public transport service": 0.405128, "Binned_any_bus_service_400m_dwellings_percent": 0.9, "Categorical_any_bus_service_400m_dwellings_percent": "90\u2013100%", "Binned_high_quality_bus_service_800m_dwellings_percent": 0.4, "Categorical_high_quality_bus_service_800m_dwellings_percent": "40\u201350%", "Binned_any_public_transport_400m_dwellings_percent": 0.9, "Categorical_any_public_transport_400m_dwellings_percent": "90\u2013100%", "Binned_high_quality_public_transport_800m_dwellings_percent": 0.4, "Categorical_high_quality_public_transport_800m_dwellings_percent": "40\u201350%", "area_km2": 13.7094}}, {"type": "Feature", "geometry": {"type": "Polygon", "coordinates": [[[145.1021, -37.6384], [145.1019, -37.6383], [145.093, -37.6372], [145.079, -37.6356], [145.075, -37.6351], [145.0725, -37.6346], [145.0708, -37.6338], [145.0678, -37.6309], [145.0654, -37.6293], [145.064, -37.6291], [145.0637, -37.6303], [145.0629, -37.6312], [145.0606, -37.6314], [145.0604, -37.6329], [145.0638, -37.6373], [145.0641, -37.6388], [145.0632, -37.6406], [145.0632, -37.6424], [145.0639, -37.6435], [145.0647, -37.6462], [145.0661, -37.6487], [145.0677, -37.649], [145.0685, -37.6496], [145.0703, -37.6493], [145.0881, -37.6512], [145.0837, -37.6541], [145.0856, -37.6557], [145.0855, -37.6561], [145.089, -37.6586], [145.0903, -37.6589], [145.0922, -37.66], [145.0949, -37.6619], [145.096, -37.6629], [145.0954, -37.6642], [145.0964, -37.6648], [145.0973, -37.6641], [145.0981, -37.6624], [145.1011, -37.6625], [145.1022, -37.6613], [145.1033, -37.6613], [145.1027, -37.6581], [145.1041, -37.6569], [145.1072, -37.6585], [145.1078, -37.6582], [145.1061, -37.6561], [145.104, -37.6551], [145.1028, -37.6553], [145.1019, -37.6545], [145.1027, -37.6527], [145.1051, -37.6542], [145.1068, -37.654], [145.1071, -37.6528], [145.1047, -37.6526], [145.1044, -37.6513], [145.1033, -37.6505], [145.105, -37.649], [145.1072, -37.649], [145.1066, -37.6478], [145.1049, -37.6473], [145.1045, -37.6464], [145.1056, -37.646], [145.1057, -37.6451], [145.1034, -37.6441], [145.1031, -37.6425], [145.1046, -37.641], [145.1043, -37.6404], [145.1025, -37.6408], [145.1021, -37.6384]]]}, "properties": {"SA2_CODE21": "209041436", "Area": "South Morang \u2013 South", "% dwellings within 400m of any bus service": 0.882753, "% dwellings with 800m of a high quality bus service": 0.165675, "dwellings_2025": 4806, "population_2025": 13231, "SEIFA_Score": 997, "SEIFA_Decile": 6, "% dwellings within 400m of any public transport service": 0.881054, "% dwellings with 800m of a high quality public transport service": 0.17842, "Binned_any_bus_service_400m_dwellings_percent": 0.8, "Categorical_any_bus_service_400m_dwellings_percent": "80\u201390%", "Binned_high_quality_bus_service_800m_dwellings_percent": 0.1, "Categorical_high_quality_bus_service_800m_dwellings_percent": "10\u201320%", "Binned_any_public_transport_400m_dwellings_percent": 0.8, "Categorical_any_public_transport_400m_dwellings_percent": "80\u201390%", "Binned_high_quality_public_transport_800m_dwellings_percent": 0.1, "Categorical_high_quality_public_transport_800m_dwellings_percent": "10\u201320%", "area_km2": 7.7445}}, {"type": "Feature", "geometry": {"type": "Polygon", "coordinates": [[[144.964, -37.5573], [144.964, -37.5581], [144.9655, -37.5602], [144.9647, -37.5614], [144.9647, -37.5628], [144.9637, -37.5655], [144.9641, -37.5665], [144.9633, -37.567], [144.9641, -37.5686], [144.9638, -37.5713], [144.9653, -37.5722], [144.9652, -37.5736], [144.9644, -37.5752], [144.9624, -37.5775], [144.9632, -37.5794], [144.9602, -37.5805], [144.9599, -37.5818], [144.9576, -37.5816], [144.9566, -37.5826], [144.957, -37.5836], [144.9585, -37.585], [144.957, -37.5858], [144.9579, -37.588], [144.9573, -37.5888], [144.9587, -37.5905], [144.9587, -37.5912], [144.9572, -37.5916], [144.9558, -37.5914], [144.9557, -37.5927], [144.9549, -37.5933], [144.9551, -37.5948], [144.953, -37.597], [144.9525, -37.5987], [144.9526, -37.6003], [144.9534, -37.6013], [144.9528, -37.6027], [144.9531, -37.6036], [144.952, -37.6045], [144.9524, -37.6068], [144.9508, -37.6067], [144.9469, -37.607], [144.9467, -37.6078], [144.9482, -37.6082], [144.9505, -37.6112], [144.9515, -37.6105], [144.9526, -37.6109], [144.9528, -37.6121], [144.9519, -37.6132], [144.9529, -37.614], [144.954, -37.6137], [144.9546, -37.6153], [144.9697, -37.6168], [144.9801, -37.618], [144.9907, -37.6191], [144.9961, -37.6197], [145.0151, -37.6217], [145.0288, -37.623], [145.0424, -37.6244], [145.0424, -37.6243], [145.0449, -37.61], [145.0447, -37.6099], [145.047, -37.5951], [145.0534, -37.5962], [145.0524, -37.5947], [145.0529, -37.5926], [145.0537, -37.5919], [145.0576, -37.5929], [145.0592, -37.5941], [145.0613, -37.5821], [145.0585, -37.5817], [145.061, -37.5673], [145.0521, -37.5662], [145.0521, -37.566], [145.044, -37.5654], [145.0324, -37.5642], [145.0324, -37.5669], [145.0152, -37.565], [145.0157, -37.5626], [144.9978, -37.5613], [144.9794, -37.5585], [144.9726, -37.5579], [144.964, -37.5573]]]}, "properties": {"SA2_CODE21": "209041437", "Area": "Wollert", "% dwellings within 400m of any bus service": 0.591358, "% dwellings with 800m of a high quality bus service": 0.099694, "dwellings_2025": 11581, "population_2025": 34863, "SEIFA_Score": 1002, "SEIFA_Decile": 6, "% dwellings within 400m of any public transport service": 0.591358, "% dwellings with 800m of a high quality public transport service": 0.099694, "Binned_any_bus_service_400m_dwellings_percent": 0.5, "Categorical_any_bus_service_400m_dwellings_percent": "50\u201360%", "Binned_high_quality_bus_service_800m_dwellings_percent": 0, "Categorical_high_quality_bus_service_800m_dwellings_percent": "0\u201310%", "Binned_any_public_transport_400m_dwellings_percent": 0.5, "Categorical_any_public_transport_400m_dwellings_percent": "50\u201360%", "Binned_high_quality_public_transport_800m_dwellings_percent": 0, "Categorical_high_quality_public_transport_800m_dwellings_percent": "0\u201310%", "area_km2": 53.892}}, {"type": "Feature", "geometry": {"type": "Polygon", "coordinates": [[[145.144, -37.5727], [145.1423, -37.5707], [145.1356, -37.5694], [145.1264, -37.57], [145.1255, -37.5745], [145.1185, -37.5736], [145.1169, -37.5751], [145.1179, -37.5755], [145.1177, -37.5767], [145.1159, -37.5774], [145.1147, -37.5771], [145.1129, -37.5788], [145.1133, -37.5793], [145.112, -37.5804], [145.1123, -37.5813], [145.1134, -37.5815], [145.1146, -37.5843], [145.114, -37.5861], [145.1134, -37.5862], [145.1138, -37.5881], [145.1127, -37.5896], [145.111, -37.5896], [145.1103, -37.5907], [145.109, -37.5904], [145.1076, -37.591], [145.1088, -37.5923], [145.1089, -37.593], [145.1101, -37.594], [145.1098, -37.5946], [145.1082, -37.5948], [145.1084, -37.5957], [145.1063, -37.5961], [145.1063, -37.5971], [145.1069, -37.5979], [145.1064, -37.5989], [145.1055, -37.5989], [145.1048, -37.6005], [145.1053, -37.6017], [145.1381, -37.6055], [145.1405, -37.5924], [145.144, -37.5727]]]}, "properties": {"SA2_CODE21": "209041527", "Area": "Doreen \u2013 North", "% dwellings within 400m of any bus service": 0.983105, "% dwellings with 800m of a high quality bus service": 0.268705, "dwellings_2025": 5634, "population_2025": 17021, "SEIFA_Score": 1027, "SEIFA_Decile": 7, "% dwellings within 400m of any public transport service": 0.983105, "% dwellings with 800m of a high quality public transport service": 0.268705, "Binned_any_bus_service_400m_dwellings_percent": 0.9, "Categorical_any_bus_service_400m_dwellings_percent": "90\u2013100%", "Binned_high_quality_bus_service_800m_dwellings_percent": 0.2, "Categorical_high_quality_bus_service_800m_dwellings_percent": "20\u201330%", "Binned_any_public_transport_400m_dwellings_percent": 0.9, "Categorical_any_public_transport_400m_dwellings_percent": "90\u2013100%", "Binned_high_quality_public_transport_800m_dwellings_percent": 0.2, "Categorical_high_quality_public_transport_800m_dwellings_percent": "20\u201330%", "area_km2": 9.4393}}, {"type": "Feature", "geometry": {"type": "Polygon", "coordinates": [[[145.1381, -37.6055], [145.1053, -37.6017], [145.1059, -37.6025], [145.1031, -37.6044], [145.1027, -37.6064], [145.1032, -37.6078], [145.1041, -37.6082], [145.1041, -37.6094], [145.1047, -37.6101], [145.1051, -37.6124], [145.1081, -37.6143], [145.1063, -37.6143], [145.1064, -37.6153], [145.1094, -37.6158], [145.1085, -37.6171], [145.1097, -37.6184], [145.1126, -37.6161], [145.1135, -37.6161], [145.1162, -37.6177], [145.1165, -37.619], [145.1156, -37.6197], [145.1162, -37.621], [145.1175, -37.6221], [145.1193, -37.6225], [145.1198, -37.6208], [145.1224, -37.6209], [145.1234, -37.6217], [145.1228, -37.6223], [145.128, -37.623], [145.1287, -37.6192], [145.1358, -37.6199], [145.1365, -37.6157], [145.1381, -37.6055]]]}, "properties": {"SA2_CODE21": "209041528", "Area": "Doreen \u2013 South", "% dwellings within 400m of any bus service": 0.965753, "% dwellings with 800m of a high quality bus service": 0.445205, "dwellings_2025": 3927, "population_2025": 11254, "SEIFA_Score": 1022, "SEIFA_Decile": 7, "% dwellings within 400m of any public transport service": 0.965753, "% dwellings with 800m of a high quality public transport service": 0.445205, "Binned_any_bus_service_400m_dwellings_percent": 0.9, "Categorical_any_bus_service_400m_dwellings_percent": "90\u2013100%", "Binned_high_quality_bus_service_800m_dwellings_percent": 0.4, "Categorical_high_quality_bus_service_800m_dwellings_percent": "40\u201350%", "Binned_any_public_transport_400m_dwellings_percent": 0.9, "Categorical_any_public_transport_400m_dwellings_percent": "90\u2013100%", "Binned_high_quality_public_transport_800m_dwellings_percent": 0.4, "Categorical_high_quality_public_transport_800m_dwellings_percent": "40\u201350%", "area_km2": 5.0223}}, {"type": "Feature", "geometry": {"type": "Polygon", "coordinates": [[[145.0365, -37.6614], [145.0204, -37.6598], [145.0182, -37.6628], [145.0175, -37.6656], [145.0161, -37.6696], [145.0154, -37.6738], [145.0152, -37.6748], [145.0298, -37.6764], [145.0308, -37.675], [145.0408, -37.676], [145.0422, -37.6765], [145.0434, -37.6762], [145.0447, -37.6752], [145.0442, -37.6745], [145.045, -37.6716], [145.0434, -37.6721], [145.0425, -37.6708], [145.0409, -37.6706], [145.0403, -37.67], [145.0387, -37.6706], [145.037, -37.6702], [145.0388, -37.6674], [145.0384, -37.6666], [145.0356, -37.6656], [145.0365, -37.6636], [145.0357, -37.6621], [145.0365, -37.6614]]]}, "properties": {"SA2_CODE21": "209041529", "Area": "Lalor \u2013 East", "% dwellings within 400m of any bus service": 1, "% dwellings with 800m of a high quality bus service": 0, "dwellings_2025": 4100, "population_2025": 10235, "SEIFA_Score": 896, "SEIFA_Decile": 2, "% dwellings within 400m of any public transport service": 1, "% dwellings with 800m of a high quality public transport service": 0.056399, "Binned_any_bus_service_400m_dwellings_percent": 1, "Categorical_any_bus_service_400m_dwellings_percent": "90\u2013100%", "Binned_high_quality_bus_service_800m_dwellings_percent": 0, "Categorical_high_quality_bus_service_800m_dwellings_percent": "0\u201310%", "Binned_any_public_transport_400m_dwellings_percent": 1, "Categorical_any_public_transport_400m_dwellings_percent": "90\u2013100%", "Binned_high_quality_public_transport_800m_dwellings_percent": 0, "Categorical_high_quality_public_transport_800m_dwellings_percent": "0\u201310%", "area_km2": 3.3232}}, {"type": "Feature", "geometry": {"type": "Polygon", "coordinates": [[[145.0154, -37.6738], [145.0161, -37.6696], [145.0175, -37.6656], [145.0182, -37.6628], [145.0204, -37.6598], [145.0166, -37.6593], [145.0083, -37.6585], [145.0087, -37.6571], [145.01, -37.6563], [145.0098, -37.6546], [145.009, -37.6538], [145.0092, -37.6522], [145.0089, -37.6509], [145.0073, -37.6502], [144.9991, -37.6492], [144.974, -37.6465], [144.9745, -37.6469], [144.9763, -37.6501], [144.9746, -37.6523], [144.9755, -37.6541], [144.9749, -37.6558], [144.9769, -37.6579], [144.9765, -37.6587], [144.9748, -37.6592], [144.9738, -37.6588], [144.9722, -37.6593], [144.9734, -37.6611], [144.9722, -37.6629], [144.9724, -37.6637], [144.975, -37.6648], [144.9759, -37.6658], [144.9759, -37.6677], [144.9741, -37.6691], [144.9747, -37.67], [144.976, -37.6706], [144.9775, -37.6695], [144.986, -37.6705], [145.0005, -37.6721], [145.0017, -37.6725], [145.0023, -37.6716], [145.0097, -37.6723], [145.0104, -37.6733], [145.0154, -37.6738]]]}, "properties": {"SA2_CODE21": "209041530", "Area": "Lalor \u2013 West", "% dwellings within 400m of any bus service": 0.882509, "% dwellings with 800m of a high quality bus service": 0.007951, "dwellings_2025": 5029, "population_2025": 14173, "SEIFA_Score": 935, "SEIFA_Decile": 3, "% dwellings within 400m of any public transport service": 0.882509, "% dwellings with 800m of a high quality public transport service": 0.048587, "Binned_any_bus_service_400m_dwellings_percent": 0.8, "Categorical_any_bus_service_400m_dwellings_percent": "80\u201390%", "Binned_high_quality_bus_service_800m_dwellings_percent": 0, "Categorical_high_quality_bus_service_800m_dwellings_percent": "0\u201310%", "Binned_any_public_transport_400m_dwellings_percent": 0.8, "Categorical_any_public_transport_400m_dwellings_percent": "80\u201390%", "Binned_high_quality_public_transport_800m_dwellings_percent": 0, "Categorical_high_quality_public_transport_800m_dwellings_percent": "0\u201310%", "area_km2": 8.7363}}, {"type": "Feature", "geometry": {"type": "Polygon", "coordinates": [[[145.061, -37.5673], [145.0585, -37.5817], [145.0613, -37.5821], [145.0592, -37.5941], [145.0576, -37.5929], [145.0537, -37.5919], [145.0529, -37.5926], [145.0524, -37.5947], [145.0534, -37.5962], [145.0587, -37.5964], [145.0789, -37.5986], [145.1053, -37.6017], [145.1048, -37.6005], [145.1055, -37.5989], [145.1064, -37.5989], [145.1069, -37.5979], [145.1063, -37.5971], [145.1063, -37.5961], [145.1084, -37.5957], [145.1082, -37.5948], [145.1098, -37.5946], [145.1101, -37.594], [145.1089, -37.593], [145.1088, -37.5923], [145.1076, -37.591], [145.109, -37.5904], [145.1103, -37.5907], [145.111, -37.5896], [145.1127, -37.5896], [145.1138, -37.5881], [145.1134, -37.5862], [145.114, -37.5861], [145.1146, -37.5843], [145.1134, -37.5815], [145.1123, -37.5813], [145.112, -37.5804], [145.1133, -37.5793], [145.1129, -37.5788], [145.1147, -37.5771], [145.1159, -37.5774], [145.1177, -37.5767], [145.1179, -37.5755], [145.1169, -37.5751], [145.1185, -37.5736], [145.1007, -37.5713], [145.0886, -37.5702], [145.0797, -37.5691], [145.061, -37.5673]]]}, "properties": {"SA2_CODE21": "209041531", "Area": "Mernda \u2013 North", "% dwellings within 400m of any bus service": 0.952695, "% dwellings with 800m of a high quality bus service": 0.475248, "dwellings_2025": 4253, "population_2025": 11754, "SEIFA_Score": 1003, "SEIFA_Decile": 6, "% dwellings within 400m of any public transport service": 0.952695, "% dwellings with 800m of a high quality public transport service": 0.482948, "Binned_any_bus_service_400m_dwellings_percent": 0.9, "Categorical_any_bus_service_400m_dwellings_percent": "90\u2013100%", "Binned_high_quality_bus_service_800m_dwellings_percent": 0.4, "Categorical_high_quality_bus_service_800m_dwellings_percent": "40\u201350%", "Binned_any_public_transport_400m_dwellings_percent": 0.9, "Categorical_any_public_transport_400m_dwellings_percent": "90\u2013100%", "Binned_high_quality_public_transport_800m_dwellings_percent": 0.4, "Categorical_high_quality_public_transport_800m_dwellings_percent": "40\u201350%", "area_km2": 15.1961}}, {"type": "Feature", "geometry": {"type": "Polygon", "coordinates": [[[145.1085, -37.6171], [145.1094, -37.6158], [145.1064, -37.6153], [145.1063, -37.6143], [145.1081, -37.6143], [145.1051, -37.6124], [145.1047, -37.6101], [145.1041, -37.6094], [145.1041, -37.6082], [145.1032, -37.6078], [145.1027, -37.6064], [145.1031, -37.6044], [145.1059, -37.6025], [145.1053, -37.6017], [145.0789, -37.5986], [145.0587, -37.5964], [145.0534, -37.5962], [145.047, -37.5951], [145.0447, -37.6099], [145.0449, -37.61], [145.045, -37.6098], [145.0628, -37.6118], [145.0795, -37.6135], [145.0814, -37.6136], [145.0955, -37.6154], [145.0958, -37.6156], [145.1085, -37.6171]]]}, "properties": {"SA2_CODE21": "209041532", "Area": "Mernda \u2013 South", "% dwellings within 400m of any bus service": 0.897059, "% dwellings with 800m of a high quality bus service": 0.370588, "dwellings_2025": 4158, "population_2025": 12738, "SEIFA_Score": 1016, "SEIFA_Decile": 6, "% dwellings within 400m of any public transport service": 0.897059, "% dwellings with 800m of a high quality public transport service": 0.372549, "Binned_any_bus_service_400m_dwellings_percent": 0.8, "Categorical_any_bus_service_400m_dwellings_percent": "80\u201390%", "Binned_high_quality_bus_service_800m_dwellings_percent": 0.3, "Categorical_high_quality_bus_service_800m_dwellings_percent": "30\u201340%", "Binned_any_public_transport_400m_dwellings_percent": 0.8, "Categorical_any_public_transport_400m_dwellings_percent": "80\u201390%", "Binned_high_quality_public_transport_800m_dwellings_percent": 0.3, "Categorical_high_quality_public_transport_800m_dwellings_percent": "30\u201340%", "area_km2": 8.6268}}, {"type": "Feature", "geometry": {"type": "Polygon", "coordinates": [[[144.8885, -37.7108], [144.8867, -37.7117], [144.872, -37.7202], [144.8692, -37.7224], [144.8642, -37.7279], [144.8674, -37.7286], [144.8698, -37.7288], [144.8694, -37.7299], [144.8725, -37.7305], [144.8767, -37.7314], [144.8832, -37.7338], [144.8894, -37.7345], [144.891, -37.7255], [144.8922, -37.717], [144.8917, -37.7155], [144.89, -37.7131], [144.8885, -37.7108]]]}, "properties": {"SA2_CODE21": "210011226", "Area": "Airport West", "% dwellings within 400m of any bus service": 0.989605, "% dwellings with 800m of a high quality bus service": 0.197505, "dwellings_2025": 4145, "population_2025": 8724, "SEIFA_Score": 1018, "SEIFA_Decile": 6, "% dwellings within 400m of any public transport service": 0.989605, "% dwellings with 800m of a high quality public transport service": 0.216216, "Binned_any_bus_service_400m_dwellings_percent": 0.9, "Categorical_any_bus_service_400m_dwellings_percent": "90\u2013100%", "Binned_high_quality_bus_service_800m_dwellings_percent": 0.1, "Categorical_high_quality_bus_service_800m_dwellings_percent": "10\u201320%", "Binned_any_public_transport_400m_dwellings_percent": 0.9, "Categorical_any_public_transport_400m_dwellings_percent": "90\u2013100%", "Binned_high_quality_public_transport_800m_dwellings_percent": 0.2, "Categorical_high_quality_public_transport_800m_dwellings_percent": "20\u201330%", "area_km2": 3.7194}}, {"type": "Feature", "geometry": {"type": "Polygon", "coordinates": [[[144.9044, -37.7354], [144.9044, -37.7351], [144.9106, -37.7331], [144.9134, -37.7325], [144.9168, -37.7322], [144.917, -37.7307], [144.9125, -37.7282], [144.9129, -37.7257], [144.9096, -37.7248], [144.9064, -37.723], [144.9051, -37.7231], [144.9049, -37.721], [144.9032, -37.7196], [144.8985, -37.7184], [144.8962, -37.7159], [144.8965, -37.7139], [144.89, -37.7131], [144.8917, -37.7155], [144.8922, -37.717], [144.891, -37.7255], [144.8894, -37.7345], [144.8905, -37.7346], [144.8928, -37.7356], [144.893, -37.7346], [144.9027, -37.7355], [144.9044, -37.7354]]]}, "properties": {"SA2_CODE21": "210011227", "Area": "Essendon Airport", "% dwellings within 400m of any bus service": 0.695652, "% dwellings with 800m of a high quality bus service": 0.347826, "dwellings_2025": 4, "population_2025": 14, "SEIFA_Score": null, "SEIFA_Decile": null, "% dwellings within 400m of any public transport service": 0.695652, "% dwellings with 800m of a high quality public transport service": 0.347826, "Binned_any_bus_service_400m_dwellings_percent": 0.6, "Categorical_any_bus_service_400m_dwellings_percent": "60\u201370%", "Binned_high_quality_bus_service_800m_dwellings_percent": 0.3, "Categorical_high_quality_bus_service_800m_dwellings_percent": "30\u201340%", "Binned_any_public_transport_400m_dwellings_percent": 0.6, "Categorical_any_public_transport_400m_dwellings_percent": "60\u201370%", "Binned_high_quality_public_transport_800m_dwellings_percent": 0.3, "Categorical_high_quality_public_transport_800m_dwellings_percent": "30\u201340%", "area_km2": 3.3549}}, {"type": "Feature", "geometry": {"type": "Polygon", "coordinates": [[[144.8885, -37.7108], [144.8862, -37.7077], [144.8829, -37.7086], [144.8787, -37.7081], [144.8696, -37.707], [144.8625, -37.7062], [144.8599, -37.7054], [144.8566, -37.7034], [144.8518, -37.7018], [144.8512, -37.7051], [144.848, -37.7047], [144.8475, -37.7104], [144.8381, -37.7093], [144.8383, -37.7061], [144.837, -37.7055], [144.8354, -37.7034], [144.8343, -37.7033], [144.8323, -37.7042], [144.8309, -37.7056], [144.832, -37.7065], [144.8288, -37.7068], [144.8288, -37.7056], [144.8278, -37.7043], [144.8268, -37.7044], [144.8252, -37.7034], [144.825, -37.7013], [144.8279, -37.7009], [144.8267, -37.6995], [144.8255, -37.6992], [144.8249, -37.6984], [144.8227, -37.6984], [144.8213, -37.6991], [144.8206, -37.6985], [144.8185, -37.7001], [144.8179, -37.6994], [144.8142, -37.6994], [144.8132, -37.6989], [144.8119, -37.6991], [144.8115, -37.6994], [144.8071, -37.699], [144.81, -37.7011], [144.8051, -37.7021], [144.8019, -37.7018], [144.8017, -37.7044], [144.8052, -37.704], [144.8066, -37.7043], [144.8078, -37.7057], [144.8094, -37.7066], [144.8114, -37.7089], [144.812, -37.7106], [144.8108, -37.7105], [144.8104, -37.7117], [144.8109, -37.7142], [144.8212, -37.7153], [144.8221, -37.7163], [144.8223, -37.7177], [144.8209, -37.7198], [144.8212, -37.7209], [144.825, -37.7243], [144.8301, -37.7247], [144.8303, -37.7266], [144.8297, -37.7324], [144.8276, -37.7342], [144.8295, -37.7356], [144.8324, -37.7364], [144.8346, -37.7353], [144.8373, -37.7352], [144.835, -37.7416], [144.8368, -37.7413], [144.8381, -37.7422], [144.8387, -37.7433], [144.8393, -37.7466], [144.8408, -37.7474], [144.844, -37.7466], [144.8452, -37.7467], [144.8461, -37.7473], [144.8642, -37.7279], [144.8692, -37.7224], [144.872, -37.7202], [144.8867, -37.7117], [144.8885, -37.7108]]]}, "properties": {"SA2_CODE21": "210011228", "Area": "Keilor", "% dwellings within 400m of any bus service": 0.781998, "% dwellings with 800m of a high quality bus service": 0.439306, "dwellings_2025": 3473, "population_2025": 8686, "SEIFA_Score": 1035, "SEIFA_Decile": 7, "% dwellings within 400m of any public transport service": 0.781998, "% dwellings with 800m of a high quality public transport service": 0.439306, "Binned_any_bus_service_400m_dwellings_percent": 0.7, "Categorical_any_bus_service_400m_dwellings_percent": "70\u201380%", "Binned_high_quality_bus_service_800m_dwellings_percent": 0.4, "Categorical_high_quality_bus_service_800m_dwellings_percent": "40\u201350%", "Binned_any_public_transport_400m_dwellings_percent": 0.7, "Categorical_any_public_transport_400m_dwellings_percent": "70\u201380%", "Binned_high_quality_public_transport_800m_dwellings_percent": 0.4, "Categorical_high_quality_public_transport_800m_dwellings_percent": "40\u201350%", "area_km2": 17.512}}, {"type": "Feature", "geometry": {"type": "Polygon", "coordinates": [[[144.8928, -37.7356], [144.8905, -37.7346], [144.8894, -37.7345], [144.8832, -37.7338], [144.8767, -37.7314], [144.8725, -37.7305], [144.8741, -37.7313], [144.8735, -37.7324], [144.8744, -37.7346], [144.8756, -37.7346], [144.8767, -37.7354], [144.8764, -37.737], [144.8797, -37.7378], [144.8809, -37.7392], [144.8814, -37.741], [144.8823, -37.7432], [144.8822, -37.7445], [144.8804, -37.7466], [144.8815, -37.7479], [144.8805, -37.751], [144.8797, -37.7528], [144.8794, -37.7536], [144.8779, -37.7539], [144.8771, -37.756], [144.8788, -37.7564], [144.88, -37.7558], [144.8821, -37.7559], [144.8852, -37.756], [144.8857, -37.7568], [144.8844, -37.7591], [144.8843, -37.761], [144.8853, -37.7617], [144.889, -37.7619], [144.89, -37.7567], [144.8891, -37.7553], [144.8895, -37.7539], [144.8915, -37.7433], [144.8923, -37.7373], [144.8928, -37.7356]]]}, "properties": {"SA2_CODE21": "210011230", "Area": "Niddrie \u2013 Essendon West", "% dwellings within 400m of any bus service": 0.98743, "% dwellings with 800m of a high quality bus service": 0.694134, "dwellings_2025": 3255, "population_2025": 7823, "SEIFA_Score": 1073, "SEIFA_Decile": 8, "% dwellings within 400m of any public transport service": 0.98743, "% dwellings with 800m of a high quality public transport service": 0.695531, "Binned_any_bus_service_400m_dwellings_percent": 0.9, "Categorical_any_bus_service_400m_dwellings_percent": "90\u2013100%", "Binned_high_quality_bus_service_800m_dwellings_percent": 0.6, "Categorical_high_quality_bus_service_800m_dwellings_percent": "60\u201370%", "Binned_any_public_transport_400m_dwellings_percent": 0.9, "Categorical_any_public_transport_400m_dwellings_percent": "90\u2013100%", "Binned_high_quality_public_transport_800m_dwellings_percent": 0.6, "Categorical_high_quality_public_transport_800m_dwellings_percent": "60\u201370%", "area_km2": 2.8027}}, {"type": "Feature", "geometry": {"type": "Polygon", "coordinates": [[[144.9286, -37.7353], [144.9257, -37.7331], [144.9246, -37.7327], [144.9242, -37.7319], [144.9254, -37.7304], [144.9244, -37.7288], [144.9224, -37.7286], [144.9222, -37.7272], [144.9212, -37.7262], [144.9199, -37.7256], [144.9182, -37.7241], [144.9165, -37.7236], [144.9146, -37.7238], [144.9145, -37.723], [144.9133, -37.7225], [144.9125, -37.7209], [144.9107, -37.7219], [144.9095, -37.7209], [144.9093, -37.7194], [144.9104, -37.719], [144.9102, -37.7179], [144.9079, -37.717], [144.9056, -37.7172], [144.9043, -37.7158], [144.9037, -37.7168], [144.9022, -37.7164], [144.903, -37.7147], [144.902, -37.7138], [144.9012, -37.7123], [144.8988, -37.71], [144.8975, -37.7093], [144.8911, -37.71], [144.8885, -37.7108], [144.89, -37.7131], [144.8965, -37.7139], [144.8962, -37.7159], [144.8985, -37.7184], [144.9032, -37.7196], [144.9049, -37.721], [144.9051, -37.7231], [144.9064, -37.723], [144.9096, -37.7248], [144.9129, -37.7257], [144.9125, -37.7282], [144.917, -37.7307], [144.9168, -37.7322], [144.9134, -37.7325], [144.9106, -37.7331], [144.9044, -37.7351], [144.9044, -37.7354], [144.9082, -37.7413], [144.9335, -37.744], [144.9339, -37.7446], [144.9347, -37.7439], [144.9335, -37.7424], [144.9315, -37.7421], [144.93, -37.74], [144.93, -37.7382], [144.9289, -37.7375], [144.9286, -37.7353]]]}, "properties": {"SA2_CODE21": "210011231", "Area": "Strathmore", "% dwellings within 400m of any bus service": 0.98913, "% dwellings with 800m of a high quality bus service": 0.080918, "dwellings_2025": 3949, "population_2025": 10407, "SEIFA_Score": 1100, "SEIFA_Decile": 9, "% dwellings within 400m of any public transport service": 0.98913, "% dwellings with 800m of a high quality public transport service": 0.123188, "Binned_any_bus_service_400m_dwellings_percent": 0.9, "Categorical_any_bus_service_400m_dwellings_percent": "90\u2013100%", "Binned_high_quality_bus_service_800m_dwellings_percent": 0, "Categorical_high_quality_bus_service_800m_dwellings_percent": "0\u201310%", "Binned_any_public_transport_400m_dwellings_percent": 0.9, "Categorical_any_public_transport_400m_dwellings_percent": "90\u2013100%", "Binned_high_quality_public_transport_800m_dwellings_percent": 0.1, "Categorical_high_quality_public_transport_800m_dwellings_percent": "10\u201320%", "area_km2": 4.1444}}, {"type": "Feature", "geometry": {"type": "Polygon", "coordinates": [[[144.8797, -37.7528], [144.8577, -37.7504], [144.8559, -37.7506], [144.8477, -37.7497], [144.8484, -37.7511], [144.8496, -37.7547], [144.8493, -37.757], [144.8483, -37.7597], [144.849, -37.761], [144.8521, -37.7622], [144.8539, -37.7624], [144.8543, -37.7643], [144.8541, -37.7654], [144.853, -37.7671], [144.8512, -37.7684], [144.8514, -37.7702], [144.8518, -37.7722], [144.8527, -37.7732], [144.8584, -37.776], [144.8608, -37.7761], [144.8648, -37.7735], [144.8651, -37.7723], [144.8678, -37.7722], [144.8688, -37.7725], [144.8719, -37.7726], [144.8744, -37.771], [144.8743, -37.7689], [144.8727, -37.7682], [144.8706, -37.7664], [144.8724, -37.7624], [144.873, -37.7617], [144.8779, -37.7594], [144.8802, -37.7577], [144.8813, -37.7562], [144.8821, -37.7559], [144.88, -37.7558], [144.8788, -37.7564], [144.8771, -37.756], [144.8779, -37.7539], [144.8794, -37.7536], [144.8797, -37.7528]]]}, "properties": {"SA2_CODE21": "210011533", "Area": "Avondale Heights", "% dwellings within 400m of any bus service": 0.932219, "% dwellings with 800m of a high quality bus service": 0.364903, "dwellings_2025": 5198, "population_2025": 13018, "SEIFA_Score": 1012, "SEIFA_Decile": 6, "% dwellings within 400m of any public transport service": 0.932219, "% dwellings with 800m of a high quality public transport service": 0.364903, "Binned_any_bus_service_400m_dwellings_percent": 0.9, "Categorical_any_bus_service_400m_dwellings_percent": "90\u2013100%", "Binned_high_quality_bus_service_800m_dwellings_percent": 0.3, "Categorical_high_quality_bus_service_800m_dwellings_percent": "30\u201340%", "Binned_any_public_transport_400m_dwellings_percent": 0.9, "Categorical_any_public_transport_400m_dwellings_percent": "90\u2013100%", "Binned_high_quality_public_transport_800m_dwellings_percent": 0.3, "Categorical_high_quality_public_transport_800m_dwellings_percent": "30\u201340%", "area_km2": 5.4087}}, {"type": "Feature", "geometry": {"type": "Polygon", "coordinates": [[[144.8642, -37.7279], [144.8461, -37.7473], [144.8477, -37.7497], [144.8559, -37.7506], [144.8577, -37.7504], [144.8797, -37.7528], [144.8805, -37.751], [144.8815, -37.7479], [144.8804, -37.7466], [144.8822, -37.7445], [144.8823, -37.7432], [144.8814, -37.741], [144.8809, -37.7392], [144.8797, -37.7378], [144.8764, -37.737], [144.8767, -37.7354], [144.8756, -37.7346], [144.8744, -37.7346], [144.8735, -37.7324], [144.8741, -37.7313], [144.8725, -37.7305], [144.8694, -37.7299], [144.8698, -37.7288], [144.8674, -37.7286], [144.8642, -37.7279]]]}, "properties": {"SA2_CODE21": "210011534", "Area": "Keilor East", "% dwellings within 400m of any bus service": 0.97798, "% dwellings with 800m of a high quality bus service": 0.427487, "dwellings_2025": 6216, "population_2025": 15674, "SEIFA_Score": 1031, "SEIFA_Decile": 7, "% dwellings within 400m of any public transport service": 0.97798, "% dwellings with 800m of a high quality public transport service": 0.427487, "Binned_any_bus_service_400m_dwellings_percent": 0.9, "Categorical_any_bus_service_400m_dwellings_percent": "90\u2013100%", "Binned_high_quality_bus_service_800m_dwellings_percent": 0.4, "Categorical_high_quality_bus_service_800m_dwellings_percent": "40\u201350%", "Binned_any_public_transport_400m_dwellings_percent": 0.9, "Categorical_any_public_transport_400m_dwellings_percent": "90\u2013100%", "Binned_high_quality_public_transport_800m_dwellings_percent": 0.4, "Categorical_high_quality_public_transport_800m_dwellings_percent": "40\u201350%", "area_km2": 5.4828}}, {"type": "Feature", "geometry": {"type": "Polygon", "coordinates": [[[144.9829, -37.7359], [144.9842, -37.7279], [144.9853, -37.7214], [144.9818, -37.721], [144.9814, -37.7217], [144.9786, -37.7214], [144.9782, -37.7204], [144.9787, -37.7192], [144.9773, -37.7195], [144.9752, -37.7194], [144.9727, -37.7202], [144.963, -37.7192], [144.9517, -37.7181], [144.9495, -37.7325], [144.9629, -37.7337], [144.9678, -37.7342], [144.9707, -37.7354], [144.9752, -37.7355], [144.9769, -37.7353], [144.9829, -37.7359]]]}, "properties": {"SA2_CODE21": "210031236", "Area": "Coburg North", "% dwellings within 400m of any bus service": 0.994764, "% dwellings with 800m of a high quality bus service": 0.134031, "dwellings_2025": 3677, "population_2025": 8802, "SEIFA_Score": 1041, "SEIFA_Decile": 7, "% dwellings within 400m of any public transport service": 0.994764, "% dwellings with 800m of a high quality public transport service": 0.320419, "Binned_any_bus_service_400m_dwellings_percent": 0.9, "Categorical_any_bus_service_400m_dwellings_percent": "90\u2013100%", "Binned_high_quality_bus_service_800m_dwellings_percent": 0.1, "Categorical_high_quality_bus_service_800m_dwellings_percent": "10\u201320%", "Binned_any_public_transport_400m_dwellings_percent": 0.9, "Categorical_any_public_transport_400m_dwellings_percent": "90\u2013100%", "Binned_high_quality_public_transport_800m_dwellings_percent": 0.3, "Categorical_high_quality_public_transport_800m_dwellings_percent": "30\u201340%", "area_km2": 4.8779}}, {"type": "Feature", "geometry": {"type": "Polygon", "coordinates": [[[144.9721, -37.691], [144.9714, -37.6909], [144.9645, -37.6916], [144.9585, -37.6922], [144.9571, -37.6922], [144.9582, -37.6951], [144.9593, -37.7044], [144.9605, -37.7045], [144.9625, -37.7168], [144.963, -37.7192], [144.9727, -37.7202], [144.9752, -37.7194], [144.9773, -37.7195], [144.9787, -37.7192], [144.9788, -37.7186], [144.9781, -37.7167], [144.9796, -37.7167], [144.9807, -37.7157], [144.9805, -37.7143], [144.9775, -37.714], [144.9776, -37.7132], [144.979, -37.7125], [144.9788, -37.7113], [144.9772, -37.7104], [144.9788, -37.708], [144.9806, -37.7077], [144.9802, -37.7064], [144.9787, -37.7053], [144.9789, -37.7044], [144.9803, -37.7039], [144.9818, -37.7039], [144.9825, -37.7029], [144.9809, -37.7011], [144.9798, -37.701], [144.9794, -37.6999], [144.9805, -37.6986], [144.9804, -37.6975], [144.9787, -37.6971], [144.9783, -37.6961], [144.9789, -37.6946], [144.9772, -37.694], [144.9764, -37.6951], [144.9741, -37.6937], [144.9736, -37.6929], [144.9706, -37.6927], [144.9704, -37.6922], [144.9721, -37.691]]]}, "properties": {"SA2_CODE21": "210031237", "Area": "Fawkner", "% dwellings within 400m of any bus service": 0.996572, "% dwellings with 800m of a high quality bus service": 0.01371, "dwellings_2025": 5519, "population_2025": 14619, "SEIFA_Score": 952, "SEIFA_Decile": 4, "% dwellings within 400m of any public transport service": 0.996572, "% dwellings with 800m of a high quality public transport service": 0.020566, "Binned_any_bus_service_400m_dwellings_percent": 0.9, "Categorical_any_bus_service_400m_dwellings_percent": "90\u2013100%", "Binned_high_quality_bus_service_800m_dwellings_percent": 0, "Categorical_high_quality_bus_service_800m_dwellings_percent": "0\u201310%", "Binned_any_public_transport_400m_dwellings_percent": 0.9, "Categorical_any_public_transport_400m_dwellings_percent": "90\u2013100%", "Binned_high_quality_public_transport_800m_dwellings_percent": 0, "Categorical_high_quality_public_transport_800m_dwellings_percent": "0\u201310%", "area_km2": 5.0848}}, {"type": "Feature", "geometry": {"type": "Polygon", "coordinates": [[[144.8885, -37.7108], [144.8911, -37.71], [144.8975, -37.7093], [144.8981, -37.708], [144.9008, -37.7064], [144.9011, -37.7052], [144.9033, -37.7041], [144.9032, -37.7019], [144.9043, -37.7009], [144.9041, -37.6989], [144.9047, -37.6977], [144.9078, -37.6969], [144.9096, -37.694], [144.9058, -37.6938], [144.9038, -37.6941], [144.9024, -37.6947], [144.895, -37.7005], [144.8896, -37.7047], [144.8881, -37.7059], [144.8862, -37.7077], [144.8885, -37.7108]]]}, "properties": {"SA2_CODE21": "210031439", "Area": "Gowanbrae", "% dwellings within 400m of any bus service": 0.996063, "% dwellings with 800m of a high quality bus service": 0.051181, "dwellings_2025": 1215, "population_2025": 3156, "SEIFA_Score": 1061, "SEIFA_Decile": 8, "% dwellings within 400m of any public transport service": 0.996063, "% dwellings with 800m of a high quality public transport service": 0.051181, "Binned_any_bus_service_400m_dwellings_percent": 0.9, "Categorical_any_bus_service_400m_dwellings_percent": "90\u2013100%", "Binned_high_quality_bus_service_800m_dwellings_percent": 0, "Categorical_high_quality_bus_service_800m_dwellings_percent": "0\u201310%", "Binned_any_public_transport_400m_dwellings_percent": 0.9, "Categorical_any_public_transport_400m_dwellings_percent": "90\u2013100%", "Binned_high_quality_public_transport_800m_dwellings_percent": 0, "Categorical_high_quality_public_transport_800m_dwellings_percent": "0\u201310%", "area_km2": 1.5225}}, {"type": "Feature", "geometry": {"type": "Polygon", "coordinates": [[[144.963, -37.7192], [144.9625, -37.7168], [144.9605, -37.7045], [144.9593, -37.7044], [144.9512, -37.7035], [144.938, -37.7018], [144.9375, -37.7048], [144.9387, -37.705], [144.9371, -37.7138], [144.9371, -37.7139], [144.9521, -37.7156], [144.9517, -37.7181], [144.963, -37.7192]]]}, "properties": {"SA2_CODE21": "210031440", "Area": "Hadfield", "% dwellings within 400m of any bus service": 0.986063, "% dwellings with 800m of a high quality bus service": 0.325784, "dwellings_2025": 2792, "population_2025": 6643, "SEIFA_Score": 976, "SEIFA_Decile": 5, "% dwellings within 400m of any public transport service": 0.986063, "% dwellings with 800m of a high quality public transport service": 0.325784, "Binned_any_bus_service_400m_dwellings_percent": 0.9, "Categorical_any_bus_service_400m_dwellings_percent": "90\u2013100%", "Binned_high_quality_bus_service_800m_dwellings_percent": 0.3, "Categorical_high_quality_bus_service_800m_dwellings_percent": "30\u201340%", "Binned_any_public_transport_400m_dwellings_percent": 0.9, "Categorical_any_public_transport_400m_dwellings_percent": "90\u2013100%", "Binned_high_quality_public_transport_800m_dwellings_percent": 0.3, "Categorical_high_quality_public_transport_800m_dwellings_percent": "30\u201340%", "area_km2": 3.0502}}, {"type": "Feature", "geometry": {"type": "Polygon", "coordinates": [[[144.9571, -37.6922], [144.9493, -37.6923], [144.9411, -37.6929], [144.9327, -37.6938], [144.919, -37.6947], [144.9159, -37.6945], [144.9157, -37.6974], [144.916, -37.7008], [144.9194, -37.7115], [144.9207, -37.7153], [144.924, -37.7149], [144.9231, -37.7121], [144.9238, -37.712], [144.9272, -37.7135], [144.9269, -37.7154], [144.9335, -37.7162], [144.9338, -37.7147], [144.9364, -37.715], [144.9371, -37.7138], [144.9387, -37.705], [144.9375, -37.7048], [144.938, -37.7018], [144.9512, -37.7035], [144.9593, -37.7044], [144.9582, -37.6951], [144.9571, -37.6922]]]}, "properties": {"SA2_CODE21": "210031535", "Area": "Glenroy \u2013 East", "% dwellings within 400m of any bus service": 0.991234, "% dwellings with 800m of a high quality bus service": 0.051132, "dwellings_2025": 6667, "population_2025": 15701, "SEIFA_Score": 961, "SEIFA_Decile": 4, "% dwellings within 400m of any public transport service": 1, "% dwellings with 800m of a high quality public transport service": 0.094229, "Binned_any_bus_service_400m_dwellings_percent": 0.9, "Categorical_any_bus_service_400m_dwellings_percent": "90\u2013100%", "Binned_high_quality_bus_service_800m_dwellings_percent": 0, "Categorical_high_quality_bus_service_800m_dwellings_percent": "0\u201310%", "Binned_any_public_transport_400m_dwellings_percent": 1, "Categorical_any_public_transport_400m_dwellings_percent": "90\u2013100%", "Binned_high_quality_public_transport_800m_dwellings_percent": 0, "Categorical_high_quality_public_transport_800m_dwellings_percent": "0\u201310%", "area_km2": 6.2473}}, {"type": "Feature", "geometry": {"type": "Polygon", "coordinates": [[[144.9012, -37.7123], [144.9089, -37.7131], [144.909, -37.7126], [144.9174, -37.7136], [144.9171, -37.712], [144.9194, -37.7115], [144.916, -37.7008], [144.9157, -37.6974], [144.9159, -37.6945], [144.9096, -37.694], [144.9078, -37.6969], [144.9047, -37.6977], [144.9041, -37.6989], [144.9043, -37.7009], [144.9032, -37.7019], [144.9033, -37.7041], [144.9011, -37.7052], [144.9008, -37.7064], [144.8981, -37.708], [144.8975, -37.7093], [144.8988, -37.71], [144.9012, -37.7123]]]}, "properties": {"SA2_CODE21": "210031536", "Area": "Glenroy \u2013 West", "% dwellings within 400m of any bus service": 0.99382, "% dwellings with 800m of a high quality bus service": 0, "dwellings_2025": 3967, "population_2025": 9483, "SEIFA_Score": 1004, "SEIFA_Decile": 6, "% dwellings within 400m of any public transport service": 0.996292, "% dwellings with 800m of a high quality public transport service": 0.069221, "Binned_any_bus_service_400m_dwellings_percent": 0.9, "Categorical_any_bus_service_400m_dwellings_percent": "90\u2013100%", "Binned_high_quality_bus_service_800m_dwellings_percent": 0, "Categorical_high_quality_bus_service_800m_dwellings_percent": "0\u201310%", "Binned_any_public_transport_400m_dwellings_percent": 0.9, "Categorical_any_public_transport_400m_dwellings_percent": "90\u2013100%", "Binned_high_quality_public_transport_800m_dwellings_percent": 0, "Categorical_high_quality_public_transport_800m_dwellings_percent": "0\u201310%", "area_km2": 2.6109}}, {"type": "Feature", "geometry": {"type": "Polygon", "coordinates": [[[144.9289, -37.7336], [144.9283, -37.7304], [144.927, -37.7274], [144.9229, -37.7214], [144.9265, -37.7218], [144.9261, -37.7204], [144.9269, -37.7154], [144.9272, -37.7135], [144.9238, -37.712], [144.9231, -37.7121], [144.924, -37.7149], [144.9207, -37.7153], [144.9194, -37.7115], [144.9171, -37.712], [144.9174, -37.7136], [144.909, -37.7126], [144.9089, -37.7131], [144.9012, -37.7123], [144.902, -37.7138], [144.903, -37.7147], [144.9022, -37.7164], [144.9037, -37.7168], [144.9043, -37.7158], [144.9056, -37.7172], [144.9079, -37.717], [144.9102, -37.7179], [144.9104, -37.719], [144.9093, -37.7194], [144.9095, -37.7209], [144.9107, -37.7219], [144.9125, -37.7209], [144.9133, -37.7225], [144.9145, -37.723], [144.9146, -37.7238], [144.9165, -37.7236], [144.9182, -37.7241], [144.9199, -37.7256], [144.9212, -37.7262], [144.9222, -37.7272], [144.9224, -37.7286], [144.9244, -37.7288], [144.9254, -37.7304], [144.9242, -37.7319], [144.9246, -37.7327], [144.9257, -37.7331], [144.9286, -37.7353], [144.9289, -37.7336]]]}, "properties": {"SA2_CODE21": "210031537", "Area": "Oak Park", "% dwellings within 400m of any bus service": 0.980053, "% dwellings with 800m of a high quality bus service": 0.037234, "dwellings_2025": 3717, "population_2025": 8472, "SEIFA_Score": 1071, "SEIFA_Decile": 8, "% dwellings within 400m of any public transport service": 0.980053, "% dwellings with 800m of a high quality public transport service": 0.18617, "Binned_any_bus_service_400m_dwellings_percent": 0.9, "Categorical_any_bus_service_400m_dwellings_percent": "90\u2013100%", "Binned_high_quality_bus_service_800m_dwellings_percent": 0, "Categorical_high_quality_bus_service_800m_dwellings_percent": "0\u201310%", "Binned_any_public_transport_400m_dwellings_percent": 0.9, "Categorical_any_public_transport_400m_dwellings_percent": "90\u2013100%", "Binned_high_quality_public_transport_800m_dwellings_percent": 0.1, "Categorical_high_quality_public_transport_800m_dwellings_percent": "10\u201320%", "area_km2": 2.3533}}, {"type": "Feature", "geometry": {"type": "Polygon", "coordinates": [[[144.9491, -37.736], [144.9495, -37.7325], [144.9517, -37.7181], [144.9521, -37.7156], [144.9371, -37.7139], [144.9371, -37.7138], [144.9364, -37.715], [144.9338, -37.7147], [144.9335, -37.7162], [144.9269, -37.7154], [144.9261, -37.7204], [144.9265, -37.7218], [144.9229, -37.7214], [144.927, -37.7274], [144.9283, -37.7304], [144.9289, -37.7336], [144.9447, -37.7355], [144.9491, -37.736]]]}, "properties": {"SA2_CODE21": "210031538", "Area": "Pascoe Vale", "% dwellings within 400m of any bus service": 1, "% dwellings with 800m of a high quality bus service": 0.385033, "dwellings_2025": 8039, "population_2025": 18024, "SEIFA_Score": 1048, "SEIFA_Decile": 8, "% dwellings within 400m of any public transport service": 1, "% dwellings with 800m of a high quality public transport service": 0.388051, "Binned_any_bus_service_400m_dwellings_percent": 1, "Categorical_any_bus_service_400m_dwellings_percent": "90\u2013100%", "Binned_high_quality_bus_service_800m_dwellings_percent": 0.3, "Categorical_high_quality_bus_service_800m_dwellings_percent": "30\u201340%", "Binned_any_public_transport_400m_dwellings_percent": 1, "Categorical_any_public_transport_400m_dwellings_percent": "90\u2013100%", "Binned_high_quality_public_transport_800m_dwellings_percent": 0.3, "Categorical_high_quality_public_transport_800m_dwellings_percent": "30\u201340%", "area_km2": 4.631}}, {"type": "Feature", "geometry": {"type": "Polygon", "coordinates": [[[144.7601, -37.5897], [144.7601, -37.5826], [144.7682, -37.5837], [144.7667, -37.5853], [144.7644, -37.5848], [144.7642, -37.5863], [144.7653, -37.5873], [144.7695, -37.5872], [144.7702, -37.5876], [144.77, -37.5895], [144.7705, -37.5905], [144.7739, -37.5916], [144.7748, -37.5901], [144.7749, -37.5893], [144.7766, -37.5891], [144.779, -37.5893], [144.7801, -37.5882], [144.783, -37.5894], [144.7808, -37.5902], [144.7807, -37.5915], [144.7823, -37.5943], [144.7835, -37.5936], [144.7851, -37.5955], [144.7829, -37.5965], [144.7843, -37.5969], [144.7872, -37.5967], [144.7884, -37.5992], [144.7881, -37.6026], [144.7872, -37.6043], [144.7873, -37.6053], [144.7888, -37.606], [144.7897, -37.6069], [144.7903, -37.6086], [144.7931, -37.609], [144.7935, -37.6094], [144.7919, -37.6112], [144.7922, -37.612], [144.7939, -37.6115], [144.7952, -37.6097], [144.7986, -37.6112], [144.8005, -37.6117], [144.801, -37.6091], [144.8037, -37.6094], [144.8066, -37.6089], [144.8082, -37.6083], [144.8071, -37.6073], [144.8134, -37.6038], [144.8156, -37.6022], [144.8177, -37.6012], [144.8179, -37.6004], [144.8163, -37.5998], [144.8149, -37.5998], [144.8132, -37.6004], [144.8115, -37.6002], [144.8096, -37.5994], [144.8081, -37.5994], [144.8065, -37.5986], [144.8066, -37.5975], [144.8093, -37.5982], [144.8114, -37.5977], [144.8131, -37.5983], [144.8136, -37.5977], [144.8132, -37.5957], [144.8155, -37.5956], [144.8161, -37.5945], [144.8151, -37.5939], [144.8137, -37.5945], [144.8114, -37.593], [144.8118, -37.5913], [144.8114, -37.5905], [144.8087, -37.591], [144.8072, -37.5904], [144.8088, -37.5882], [144.8101, -37.5869], [144.8122, -37.5876], [144.8131, -37.5866], [144.8119, -37.5852], [144.8113, -37.5834], [144.8093, -37.5825], [144.809, -37.5818], [144.8107, -37.5811], [144.8127, -37.5817], [144.8137, -37.5813], [144.8156, -37.5818], [144.8178, -37.5813], [144.8189, -37.5817], [144.82, -37.5804], [144.822, -37.5788], [144.822, -37.5773], [144.8195, -37.5763], [144.8198, -37.5743], [144.819, -37.5728], [144.82, -37.5713], [144.8237, -37.57], [144.8259, -37.5686], [144.8273, -37.569], [144.8275, -37.5674], [144.8285, -37.5671], [144.8302, -37.5652], [144.8321, -37.5648], [144.8319, -37.5632], [144.83, -37.5626], [144.8285, -37.5612], [144.8286, -37.5597], [144.8306, -37.5588], [144.8302, -37.5581], [144.8284, -37.5581], [144.8272, -37.5576], [144.8283, -37.5554], [144.8304, -37.5552], [144.8319, -37.556], [144.8339, -37.555], [144.8356, -37.5548], [144.8359, -37.5542], [144.8384, -37.5534], [144.8388, -37.5541], [144.8378, -37.5559], [144.8377, -37.5573], [144.8398, -37.5565], [144.8403, -37.5547], [144.8413, -37.5533], [144.8429, -37.5534], [144.8437, -37.5547], [144.8427, -37.5562], [144.8441, -37.5574], [144.8459, -37.5578], [144.8479, -37.557], [144.848, -37.5565], [144.8455, -37.5547], [144.8456, -37.5533], [144.8485, -37.553], [144.8493, -37.5525], [144.8494, -37.5513], [144.8499, -37.5493], [144.8485, -37.5487], [144.8486, -37.5477], [144.8522, -37.5484], [144.8538, -37.5475], [144.8536, -37.5455], [144.8562, -37.5454], [144.8545, -37.5438], [144.8542, -37.5423], [144.8555, -37.5411], [144.8564, -37.5418], [144.8581, -37.5412], [144.8544, -37.5396], [144.8535, -37.5381], [144.8518, -37.5379], [144.8505, -37.5359], [144.8519, -37.5348], [144.8517, -37.5325], [144.8528, -37.5324], [144.8536, -37.5334], [144.8533, -37.5348], [144.8547, -37.5347], [144.8548, -37.533], [144.8552, -37.5315], [144.8569, -37.5313], [144.859, -37.5315], [144.8595, -37.5292], [144.8568, -37.5295], [144.8558, -37.5287], [144.856, -37.5271], [144.8572, -37.5265], [144.8592, -37.525], [144.8604, -37.5278], [144.8623, -37.5274], [144.862, -37.526], [144.8636, -37.5259], [144.865, -37.5251], [144.8654, -37.5243], [144.867, -37.5237], [144.8674, -37.5226], [144.8668, -37.5216], [144.8682, -37.52], [144.8678, -37.5188], [144.868, -37.5173], [144.8691, -37.5169], [144.8705, -37.5155], [144.8397, -37.5117], [144.829, -37.5102], [144.8289, -37.5105], [144.8213, -37.5094], [144.8214, -37.5091], [144.7991, -37.5061], [144.7858, -37.5044], [144.7731, -37.5029], [144.7712, -37.502], [144.7701, -37.5019], [144.7691, -37.503], [144.7671, -37.5044], [144.766, -37.5047], [144.7663, -37.5028], [144.7648, -37.5018], [144.7625, -37.4995], [144.7604, -37.4995], [144.761, -37.5017], [144.7598, -37.5016], [144.7593, -37.499], [144.7575, -37.4948], [144.7555, -37.4959], [144.7519, -37.497], [144.7496, -37.4963], [144.7479, -37.4949], [144.7459, -37.4939], [144.7455, -37.4921], [144.7405, -37.4893], [144.7391, -37.4897], [144.7391, -37.4904], [144.7405, -37.4925], [144.7403, -37.4938], [144.7385, -37.4934], [144.7369, -37.492], [144.7358, -37.4916], [144.7341, -37.4898], [144.7334, -37.4881], [144.7315, -37.487], [144.7296, -37.4872], [144.7266, -37.4866], [144.7244, -37.4854], [144.7226, -37.4837], [144.7208, -37.4832], [144.7195, -37.4837], [144.7187, -37.4856], [144.719, -37.4871], [144.7169, -37.4875], [144.7151, -37.4867], [144.7132, -37.4877], [144.712, -37.4874], [144.7121, -37.486], [144.7134, -37.485], [144.7134, -37.4834], [144.7111, -37.4824], [144.7089, -37.4825], [144.7067, -37.4822], [144.7047, -37.4824], [144.7033, -37.484], [144.7032, -37.4848], [144.7017, -37.4851], [144.7019, -37.4832], [144.7015, -37.482], [144.7006, -37.4821], [144.6999, -37.4848], [144.6967, -37.4848], [144.6961, -37.4858], [144.6965, -37.4872], [144.6978, -37.4882], [144.6978, -37.4892], [144.6941, -37.4894], [144.6924, -37.4887], [144.6925, -37.487], [144.6917, -37.4867], [144.6882, -37.4899], [144.688, -37.4903], [144.6888, -37.4935], [144.6867, -37.4929], [144.6859, -37.4931], [144.6862, -37.4947], [144.6846, -37.4954], [144.6841, -37.4929], [144.6822, -37.4931], [144.6831, -37.4948], [144.6833, -37.4978], [144.69, -37.5469], [144.697, -37.5531], [144.7016, -37.5554], [144.7027, -37.5566], [144.7081, -37.5585], [144.7146, -37.5616], [144.7218, -37.57], [144.7252, -37.5739], [144.7317, -37.577], [144.7338, -37.5792], [144.7405, -37.5834], [144.7426, -37.5844], [144.7455, -37.5851], [144.7462, -37.5858], [144.7535, -37.5896], [144.7538, -37.589], [144.7601, -37.5897]]]}, "properties": {"SA2_CODE21": "210041240", "Area": "Sunbury", "% dwellings within 400m of any bus service": 0.653876, "% dwellings with 800m of a high quality bus service": 0, "dwellings_2025": 5868, "population_2025": 16064, "SEIFA_Score": 1013, "SEIFA_Decile": 6, "% dwellings within 400m of any public transport service": 0.653876, "% dwellings with 800m of a high quality public transport service": 0, "Binned_any_bus_service_400m_dwellings_percent": 0.6, "Categorical_any_bus_service_400m_dwellings_percent": "60\u201370%", "Binned_high_quality_bus_service_800m_dwellings_percent": 0, "Categorical_high_quality_bus_service_800m_dwellings_percent": "0\u201310%", "Binned_any_public_transport_400m_dwellings_percent": 0.6, "Categorical_any_public_transport_400m_dwellings_percent": "60\u201370%", "Binned_high_quality_public_transport_800m_dwellings_percent": 0, "Categorical_high_quality_public_transport_800m_dwellings_percent": "0\u201310%", "area_km2": 129.5487}}, {"type": "Feature", "geometry": {"type": "Polygon", "coordinates": [[[144.6262, -37.5629], [144.6261, -37.5647], [144.6248, -37.5653], [144.6248, -37.566], [144.6237, -37.5682], [144.6244, -37.5682], [144.6243, -37.5706], [144.6252, -37.5721], [144.6266, -37.574], [144.6265, -37.5749], [144.6276, -37.5761], [144.6297, -37.5763], [144.6304, -37.5785], [144.6316, -37.5793], [144.6316, -37.581], [144.6312, -37.5817], [144.6319, -37.5831], [144.6313, -37.5842], [144.632, -37.5858], [144.6306, -37.5867], [144.6328, -37.5901], [144.6348, -37.5906], [144.6342, -37.5913], [144.6453, -37.5926], [144.6569, -37.5939], [144.6563, -37.5952], [144.655, -37.5966], [144.6552, -37.6001], [144.6573, -37.6015], [144.6562, -37.6028], [144.6565, -37.6063], [144.6554, -37.6078], [144.6551, -37.6096], [144.6541, -37.6116], [144.6546, -37.6137], [144.6565, -37.6145], [144.6568, -37.6154], [144.658, -37.6162], [144.6584, -37.6186], [144.6595, -37.6202], [144.6588, -37.6225], [144.6603, -37.6232], [144.6601, -37.6248], [144.6611, -37.6271], [144.6602, -37.6286], [144.6596, -37.6312], [144.6591, -37.6324], [144.6574, -37.6327], [144.6555, -37.6336], [144.655, -37.6343], [144.6556, -37.6368], [144.6541, -37.6377], [144.6553, -37.6389], [144.6565, -37.64], [144.6678, -37.647], [144.6678, -37.6472], [144.6766, -37.6527], [144.6787, -37.6538], [144.6846, -37.6563], [144.7027, -37.6583], [144.7253, -37.661], [144.7391, -37.6625], [144.7444, -37.6631], [144.7465, -37.663], [144.743, -37.6607], [144.7419, -37.6593], [144.7323, -37.6396], [144.7252, -37.628], [144.7233, -37.6256], [144.7206, -37.6238], [144.717, -37.6221], [144.7144, -37.62], [144.7098, -37.6146], [144.6997, -37.6041], [144.6931, -37.5959], [144.6881, -37.5891], [144.6836, -37.5821], [144.6817, -37.5796], [144.6742, -37.5702], [144.6717, -37.5677], [144.6475, -37.5652], [144.6262, -37.5629]]]}, "properties": {"SA2_CODE21": "210041539", "Area": "Diggers Rest", "% dwellings within 400m of any bus service": 0.906205, "% dwellings with 800m of a high quality bus service": 0.402597, "dwellings_2025": 3252, "population_2025": 8483, "SEIFA_Score": 1004, "SEIFA_Decile": 6, "% dwellings within 400m of any public transport service": 0.906205, "% dwellings with 800m of a high quality public transport service": 0.414141, "Binned_any_bus_service_400m_dwellings_percent": 0.9, "Categorical_any_bus_service_400m_dwellings_percent": "90\u2013100%", "Binned_high_quality_bus_service_800m_dwellings_percent": 0.4, "Categorical_high_quality_bus_service_800m_dwellings_percent": "40\u201350%", "Binned_any_public_transport_400m_dwellings_percent": 0.9, "Categorical_any_public_transport_400m_dwellings_percent": "90\u2013100%", "Binned_high_quality_public_transport_800m_dwellings_percent": 0.4, "Categorical_high_quality_public_transport_800m_dwellings_percent": "40\u201350%", "area_km2": 51.8922}}, {"type": "Feature", "geometry": {"type": "Polygon", "coordinates": [[[144.7218, -37.57], [144.7183, -37.5714], [144.7135, -37.5739], [144.7117, -37.5759], [144.7091, -37.5802], [144.7085, -37.5818], [144.7081, -37.5846], [144.6852, -37.5823], [144.6836, -37.5821], [144.6881, -37.5891], [144.6931, -37.5959], [144.6997, -37.6041], [144.7098, -37.6146], [144.7144, -37.62], [144.717, -37.6221], [144.7206, -37.6238], [144.7233, -37.6256], [144.7252, -37.628], [144.7323, -37.6396], [144.7419, -37.6593], [144.743, -37.6607], [144.7465, -37.663], [144.7573, -37.6641], [144.7575, -37.6629], [144.7585, -37.6629], [144.7595, -37.6637], [144.7606, -37.6636], [144.7623, -37.6647], [144.7636, -37.6644], [144.7612, -37.661], [144.7613, -37.6589], [144.7625, -37.6589], [144.7638, -37.66], [144.7657, -37.6602], [144.7676, -37.6593], [144.7686, -37.6585], [144.7684, -37.6578], [144.7653, -37.6582], [144.7639, -37.6573], [144.7645, -37.6562], [144.7664, -37.6559], [144.7667, -37.6548], [144.7657, -37.6528], [144.7652, -37.6504], [144.7635, -37.6474], [144.7637, -37.6455], [144.7657, -37.6445], [144.7658, -37.6423], [144.7649, -37.6401], [144.7655, -37.6392], [144.7647, -37.6384], [144.7649, -37.6373], [144.7669, -37.6353], [144.7688, -37.635], [144.7696, -37.6301], [144.7703, -37.6294], [144.7771, -37.6245], [144.7789, -37.6249], [144.7786, -37.6235], [144.7768, -37.6234], [144.7772, -37.6208], [144.7797, -37.6184], [144.7798, -37.6169], [144.7805, -37.6151], [144.7757, -37.6103], [144.7696, -37.6066], [144.764, -37.6016], [144.76, -37.5986], [144.7601, -37.5897], [144.7538, -37.589], [144.7535, -37.5896], [144.7462, -37.5858], [144.7455, -37.5851], [144.7426, -37.5844], [144.7405, -37.5834], [144.7338, -37.5792], [144.7317, -37.577], [144.7252, -37.5739], [144.7218, -37.57]]]}, "properties": {"SA2_CODE21": "210041540", "Area": "Sunbury \u2013 South", "% dwellings within 400m of any bus service": 0.812532, "% dwellings with 800m of a high quality bus service": 0.149663, "dwellings_2025": 7340, "population_2025": 17538, "SEIFA_Score": 990, "SEIFA_Decile": 5, "% dwellings within 400m of any public transport service": 0.812532, "% dwellings with 800m of a high quality public transport service": 0.155878, "Binned_any_bus_service_400m_dwellings_percent": 0.8, "Categorical_any_bus_service_400m_dwellings_percent": "80\u201390%", "Binned_high_quality_bus_service_800m_dwellings_percent": 0.1, "Categorical_high_quality_bus_service_800m_dwellings_percent": "10\u201320%", "Binned_any_public_transport_400m_dwellings_percent": 0.8, "Categorical_any_public_transport_400m_dwellings_percent": "80\u201390%", "Binned_high_quality_public_transport_800m_dwellings_percent": 0.1, "Categorical_high_quality_public_transport_800m_dwellings_percent": "10\u201320%", "area_km2": 41.4496}}, {"type": "Feature", "geometry": {"type": "Polygon", "coordinates": [[[144.6822, -37.4931], [144.6784, -37.4944], [144.6778, -37.4958], [144.6784, -37.4965], [144.6799, -37.4962], [144.6808, -37.4968], [144.6811, -37.4984], [144.6803, -37.4991], [144.6789, -37.4995], [144.6769, -37.4994], [144.6749, -37.4989], [144.6738, -37.5004], [144.6714, -37.4989], [144.6696, -37.499], [144.6689, -37.4983], [144.6674, -37.4985], [144.6672, -37.4997], [144.6649, -37.5005], [144.6641, -37.4991], [144.6626, -37.4987], [144.6614, -37.4991], [144.66, -37.4984], [144.6579, -37.4992], [144.6565, -37.5], [144.6553, -37.4999], [144.6543, -37.4992], [144.6527, -37.4994], [144.6514, -37.4985], [144.6517, -37.4968], [144.6491, -37.4961], [144.648, -37.4969], [144.6473, -37.4962], [144.645, -37.495], [144.6381, -37.4995], [144.6368, -37.5067], [144.6355, -37.513], [144.6341, -37.5206], [144.6341, -37.5211], [144.6324, -37.5301], [144.6415, -37.5385], [144.647, -37.542], [144.649, -37.5438], [144.651, -37.5463], [144.6561, -37.5529], [144.6582, -37.5546], [144.6623, -37.5571], [144.6645, -37.5591], [144.6705, -37.5666], [144.6717, -37.5677], [144.6742, -37.5702], [144.6817, -37.5796], [144.6836, -37.5821], [144.6852, -37.5823], [144.7081, -37.5846], [144.7085, -37.5818], [144.7091, -37.5802], [144.7117, -37.5759], [144.7135, -37.5739], [144.7183, -37.5714], [144.7218, -37.57], [144.7146, -37.5616], [144.7081, -37.5585], [144.7027, -37.5566], [144.7016, -37.5554], [144.697, -37.5531], [144.69, -37.5469], [144.6833, -37.4978], [144.6831, -37.4948], [144.6822, -37.4931]]]}, "properties": {"SA2_CODE21": "210041541", "Area": "Sunbury \u2013 West", "% dwellings within 400m of any bus service": 0.943316, "% dwellings with 800m of a high quality bus service": 0.006417, "dwellings_2025": 4497, "population_2025": 11718, "SEIFA_Score": 997, "SEIFA_Decile": 6, "% dwellings within 400m of any public transport service": 0.943316, "% dwellings with 800m of a high quality public transport service": 0.006417, "Binned_any_bus_service_400m_dwellings_percent": 0.9, "Categorical_any_bus_service_400m_dwellings_percent": "90\u2013100%", "Binned_high_quality_bus_service_800m_dwellings_percent": 0, "Categorical_high_quality_bus_service_800m_dwellings_percent": "0\u201310%", "Binned_any_public_transport_400m_dwellings_percent": 0.9, "Categorical_any_public_transport_400m_dwellings_percent": "90\u2013100%", "Binned_high_quality_public_transport_800m_dwellings_percent": 0, "Categorical_high_quality_public_transport_800m_dwellings_percent": "0\u201310%", "area_km2": 37.7941}}, {"type": "Feature", "geometry": {"type": "Polygon", "coordinates": [[[144.9585, -37.6922], [144.9581, -37.6895], [144.9563, -37.6894], [144.9552, -37.6839], [144.9547, -37.6826], [144.952, -37.6791], [144.9507, -37.676], [144.9403, -37.676], [144.9399, -37.6775], [144.9386, -37.6785], [144.9381, -37.681], [144.9364, -37.6808], [144.9375, -37.677], [144.9232, -37.6752], [144.9245, -37.6687], [144.9225, -37.6663], [144.922, -37.6653], [144.9207, -37.6654], [144.9205, -37.6664], [144.9195, -37.6673], [144.9182, -37.6676], [144.9177, -37.6685], [144.9181, -37.67], [144.9138, -37.6755], [144.9109, -37.6765], [144.9084, -37.6777], [144.9069, -37.6788], [144.9051, -37.6795], [144.9049, -37.6811], [144.9058, -37.6826], [144.9053, -37.6857], [144.9058, -37.6889], [144.9079, -37.6909], [144.9097, -37.6935], [144.9096, -37.694], [144.9159, -37.6945], [144.919, -37.6947], [144.9327, -37.6938], [144.9411, -37.6929], [144.9493, -37.6923], [144.9571, -37.6922], [144.9585, -37.6922]]]}, "properties": {"SA2_CODE21": "210051242", "Area": "Broadmeadows", "% dwellings within 400m of any bus service": 0.92407, "% dwellings with 800m of a high quality bus service": 0.447988, "dwellings_2025": 5827, "population_2025": 15111, "SEIFA_Score": 840, "SEIFA_Decile": 1, "% dwellings within 400m of any public transport service": 0.949886, "% dwellings with 800m of a high quality public transport service": 0.454062, "Binned_any_bus_service_400m_dwellings_percent": 0.9, "Categorical_any_bus_service_400m_dwellings_percent": "90\u2013100%", "Binned_high_quality_bus_service_800m_dwellings_percent": 0.4, "Categorical_high_quality_bus_service_800m_dwellings_percent": "40\u201350%", "Binned_any_public_transport_400m_dwellings_percent": 0.9, "Categorical_any_public_transport_400m_dwellings_percent": "90\u2013100%", "Binned_high_quality_public_transport_800m_dwellings_percent": 0.4, "Categorical_high_quality_public_transport_800m_dwellings_percent": "40\u201350%", "area_km2": 8.8268}}, {"type": "Feature", "geometry": {"type": "Polygon", "coordinates": [[[144.9741, -37.6691], [144.9759, -37.6677], [144.9759, -37.6658], [144.975, -37.6648], [144.9724, -37.6637], [144.9722, -37.6629], [144.9734, -37.6611], [144.9722, -37.6593], [144.9738, -37.6588], [144.9748, -37.6592], [144.9765, -37.6587], [144.9769, -37.6579], [144.9749, -37.6558], [144.9755, -37.6541], [144.9746, -37.6523], [144.9763, -37.6501], [144.9745, -37.6469], [144.974, -37.6465], [144.9514, -37.6441], [144.9513, -37.6433], [144.9467, -37.6428], [144.929, -37.6407], [144.9288, -37.6407], [144.9287, -37.6431], [144.9311, -37.6473], [144.9315, -37.6497], [144.9308, -37.6519], [144.9272, -37.6577], [144.9267, -37.6576], [144.9254, -37.66], [144.9231, -37.6615], [144.9221, -37.6638], [144.922, -37.6653], [144.9225, -37.6663], [144.9245, -37.6687], [144.9232, -37.6752], [144.9375, -37.677], [144.9364, -37.6808], [144.9381, -37.681], [144.9386, -37.6785], [144.9399, -37.6775], [144.9403, -37.676], [144.9507, -37.676], [144.952, -37.6791], [144.9547, -37.6826], [144.9552, -37.6839], [144.9563, -37.6894], [144.9581, -37.6895], [144.9585, -37.6922], [144.9645, -37.6916], [144.9714, -37.6909], [144.9721, -37.691], [144.9734, -37.6901], [144.9734, -37.6887], [144.972, -37.6888], [144.9707, -37.6877], [144.9715, -37.686], [144.9716, -37.6839], [144.9728, -37.6824], [144.9725, -37.6812], [144.9745, -37.6804], [144.9738, -37.6797], [144.9741, -37.6787], [144.9725, -37.6773], [144.9726, -37.6767], [144.9744, -37.676], [144.9761, -37.6759], [144.9763, -37.6768], [144.9777, -37.6767], [144.9775, -37.6759], [144.975, -37.6739], [144.9763, -37.6726], [144.9763, -37.6717], [144.974, -37.6714], [144.9741, -37.6691]]]}, "properties": {"SA2_CODE21": "210051243", "Area": "Campbellfield \u2013 Coolaroo", "% dwellings within 400m of any bus service": 0.764674, "% dwellings with 800m of a high quality bus service": 0.294557, "dwellings_2025": 5780, "population_2025": 16470, "SEIFA_Score": 836, "SEIFA_Decile": 1, "% dwellings within 400m of any public transport service": 0.764674, "% dwellings with 800m of a high quality public transport service": 0.294557, "Binned_any_bus_service_400m_dwellings_percent": 0.7, "Categorical_any_bus_service_400m_dwellings_percent": "70\u201380%", "Binned_high_quality_bus_service_800m_dwellings_percent": 0.2, "Categorical_high_quality_bus_service_800m_dwellings_percent": "20\u201330%", "Binned_any_public_transport_400m_dwellings_percent": 0.7, "Categorical_any_public_transport_400m_dwellings_percent": "70\u201380%", "Binned_high_quality_public_transport_800m_dwellings_percent": 0.2, "Categorical_high_quality_public_transport_800m_dwellings_percent": "20\u201330%", "area_km2": 18.1867}}, {"type": "Feature", "geometry": {"type": "Polygon", "coordinates": [[[144.9096, -37.694], [144.9097, -37.6935], [144.9079, -37.6909], [144.9058, -37.6889], [144.9053, -37.6857], [144.9058, -37.6826], [144.9049, -37.6811], [144.9051, -37.6795], [144.9069, -37.6788], [144.9084, -37.6777], [144.9109, -37.6765], [144.9138, -37.6755], [144.9181, -37.67], [144.9177, -37.6685], [144.9182, -37.6676], [144.9195, -37.6673], [144.9205, -37.6664], [144.9207, -37.6654], [144.922, -37.6653], [144.9221, -37.6638], [144.9184, -37.663], [144.9145, -37.6637], [144.9067, -37.6627], [144.9069, -37.662], [144.8946, -37.6611], [144.884, -37.6602], [144.8836, -37.6592], [144.8707, -37.6583], [144.8692, -37.6662], [144.8605, -37.6658], [144.8599, -37.6664], [144.8608, -37.6681], [144.8621, -37.6692], [144.8628, -37.6705], [144.865, -37.6709], [144.8665, -37.6701], [144.8676, -37.671], [144.8663, -37.6779], [144.8715, -37.6817], [144.8745, -37.684], [144.875, -37.6841], [144.8794, -37.6874], [144.8816, -37.6889], [144.8828, -37.6902], [144.8872, -37.6963], [144.8896, -37.7047], [144.895, -37.7005], [144.9024, -37.6947], [144.9038, -37.6941], [144.9058, -37.6938], [144.9096, -37.694]]]}, "properties": {"SA2_CODE21": "210051245", "Area": "Gladstone Park \u2013 Westmeadows", "% dwellings within 400m of any bus service": 0.878033, "% dwellings with 800m of a high quality bus service": 0.487229, "dwellings_2025": 7360, "population_2025": 18622, "SEIFA_Score": 965, "SEIFA_Decile": 4, "% dwellings within 400m of any public transport service": 0.878033, "% dwellings with 800m of a high quality public transport service": 0.487229, "Binned_any_bus_service_400m_dwellings_percent": 0.8, "Categorical_any_bus_service_400m_dwellings_percent": "80\u201390%", "Binned_high_quality_bus_service_800m_dwellings_percent": 0.4, "Categorical_high_quality_bus_service_800m_dwellings_percent": "40\u201350%", "Binned_any_public_transport_400m_dwellings_percent": 0.8, "Categorical_any_public_transport_400m_dwellings_percent": "80\u201390%", "Binned_high_quality_public_transport_800m_dwellings_percent": 0.4, "Categorical_high_quality_public_transport_800m_dwellings_percent": "40\u201350%", "area_km2": 13.936}}, {"type": "Feature", "geometry": {"type": "Polygon", "coordinates": [[[144.7601, -37.5897], [144.76, -37.5986], [144.764, -37.6016], [144.7696, -37.6066], [144.7757, -37.6103], [144.7805, -37.6151], [144.7798, -37.6169], [144.7797, -37.6184], [144.7772, -37.6208], [144.7768, -37.6234], [144.7786, -37.6235], [144.7789, -37.6249], [144.7771, -37.6245], [144.7703, -37.6294], [144.7696, -37.6301], [144.7688, -37.635], [144.7669, -37.6353], [144.7649, -37.6373], [144.7647, -37.6384], [144.7655, -37.6392], [144.7649, -37.6401], [144.7658, -37.6423], [144.7657, -37.6445], [144.7637, -37.6455], [144.7635, -37.6474], [144.7652, -37.6504], [144.7657, -37.6528], [144.7667, -37.6548], [144.7664, -37.6559], [144.7645, -37.6562], [144.7639, -37.6573], [144.7653, -37.6582], [144.7684, -37.6578], [144.7686, -37.6585], [144.7676, -37.6593], [144.7657, -37.6602], [144.7638, -37.66], [144.7625, -37.6589], [144.7613, -37.6589], [144.7612, -37.661], [144.7636, -37.6644], [144.7645, -37.6657], [144.7656, -37.6648], [144.7678, -37.664], [144.7721, -37.664], [144.7721, -37.6648], [144.7705, -37.6656], [144.7683, -37.6674], [144.769, -37.6692], [144.7705, -37.67], [144.7736, -37.6703], [144.7749, -37.6721], [144.7756, -37.6751], [144.7764, -37.6767], [144.7786, -37.6767], [144.781, -37.6759], [144.7817, -37.675], [144.7834, -37.6756], [144.787, -37.6758], [144.79, -37.6757], [144.7938, -37.6747], [144.7963, -37.6731], [144.7975, -37.6718], [144.7986, -37.6723], [144.7984, -37.6736], [144.8023, -37.6737], [144.8017, -37.6715], [144.8036, -37.6696], [144.8048, -37.6695], [144.8027, -37.6683], [144.8024, -37.6663], [144.8046, -37.6654], [144.8079, -37.6657], [144.8088, -37.665], [144.8066, -37.6637], [144.804, -37.6616], [144.8015, -37.6617], [144.8, -37.6612], [144.8007, -37.66], [144.8047, -37.6604], [144.8059, -37.6599], [144.8062, -37.6589], [144.8039, -37.6575], [144.7997, -37.6577], [144.7989, -37.6574], [144.7977, -37.6547], [144.7991, -37.6535], [144.8013, -37.6538], [144.8021, -37.6547], [144.8037, -37.6556], [144.805, -37.6545], [144.8057, -37.6529], [144.8079, -37.6532], [144.8097, -37.6537], [144.8115, -37.655], [144.8134, -37.6551], [144.8159, -37.6413], [144.816, -37.641], [144.8231, -37.6426], [144.8321, -37.6437], [144.8339, -37.6442], [144.8352, -37.6441], [144.843, -37.645], [144.8442, -37.6458], [144.845, -37.6475], [144.8444, -37.6495], [144.8458, -37.6501], [144.8462, -37.6514], [144.8454, -37.6548], [144.8491, -37.6564], [144.8497, -37.6574], [144.8512, -37.6581], [144.8518, -37.659], [144.8536, -37.6585], [144.8556, -37.659], [144.8562, -37.6601], [144.8581, -37.6619], [144.8568, -37.6635], [144.8585, -37.6649], [144.8605, -37.6658], [144.8692, -37.6662], [144.8707, -37.6583], [144.8836, -37.6592], [144.884, -37.6602], [144.8946, -37.6611], [144.9069, -37.662], [144.9084, -37.6546], [144.9083, -37.6535], [144.9088, -37.6488], [144.9107, -37.6383], [144.9104, -37.6381], [144.9115, -37.6327], [144.9116, -37.6313], [144.9121, -37.63], [144.9147, -37.6257], [144.9151, -37.6232], [144.9134, -37.6164], [144.9131, -37.6128], [144.9126, -37.6101], [144.9111, -37.6104], [144.9006, -37.6091], [144.9003, -37.6117], [144.8911, -37.6105], [144.8921, -37.6063], [144.8836, -37.6051], [144.8834, -37.6053], [144.8691, -37.6036], [144.8713, -37.5888], [144.8625, -37.5878], [144.8623, -37.5877], [144.844, -37.5857], [144.8472, -37.5671], [144.8493, -37.5664], [144.8498, -37.5655], [144.8514, -37.5649], [144.8521, -37.5623], [144.8535, -37.56], [144.8526, -37.5582], [144.8515, -37.5543], [144.8506, -37.5541], [144.8505, -37.552], [144.8494, -37.5513], [144.8493, -37.5525], [144.8485, -37.553], [144.8456, -37.5533], [144.8455, -37.5547], [144.848, -37.5565], [144.8479, -37.557], [144.8459, -37.5578], [144.8441, -37.5574], [144.8427, -37.5562], [144.8437, -37.5547], [144.8429, -37.5534], [144.8413, -37.5533], [144.8403, -37.5547], [144.8398, -37.5565], [144.8377, -37.5573], [144.8378, -37.5559], [144.8388, -37.5541], [144.8384, -37.5534], [144.8359, -37.5542], [144.8356, -37.5548], [144.8339, -37.555], [144.8319, -37.556], [144.8304, -37.5552], [144.8283, -37.5554], [144.8272, -37.5576], [144.8284, -37.5581], [144.8302, -37.5581], [144.8306, -37.5588], [144.8286, -37.5597], [144.8285, -37.5612], [144.83, -37.5626], [144.8319, -37.5632], [144.8321, -37.5648], [144.8302, -37.5652], [144.8285, -37.5671], [144.8275, -37.5674], [144.8273, -37.569], [144.8259, -37.5686], [144.8237, -37.57], [144.82, -37.5713], [144.819, -37.5728], [144.8198, -37.5743], [144.8195, -37.5763], [144.822, -37.5773], [144.822, -37.5788], [144.82, -37.5804], [144.8189, -37.5817], [144.8178, -37.5813], [144.8156, -37.5818], [144.8137, -37.5813], [144.8127, -37.5817], [144.8107, -37.5811], [144.809, -37.5818], [144.8093, -37.5825], [144.8113, -37.5834], [144.8119, -37.5852], [144.8131, -37.5866], [144.8122, -37.5876], [144.8101, -37.5869], [144.8088, -37.5882], [144.8072, -37.5904], [144.8087, -37.591], [144.8114, -37.5905], [144.8118, -37.5913], [144.8114, -37.593], [144.8137, -37.5945], [144.8151, -37.5939], [144.8161, -37.5945], [144.8155, -37.5956], [144.8132, -37.5957], [144.8136, -37.5977], [144.8131, -37.5983], [144.8114, -37.5977], [144.8093, -37.5982], [144.8066, -37.5975], [144.8065, -37.5986], [144.8081, -37.5994], [144.8096, -37.5994], [144.8115, -37.6002], [144.8132, -37.6004], [144.8149, -37.5998], [144.8163, -37.5998], [144.8179, -37.6004], [144.8177, -37.6012], [144.8156, -37.6022], [144.8134, -37.6038], [144.8071, -37.6073], [144.8082, -37.6083], [144.8066, -37.6089], [144.8037, -37.6094], [144.801, -37.6091], [144.8005, -37.6117], [144.7986, -37.6112], [144.7952, -37.6097], [144.7939, -37.6115], [144.7922, -37.612], [144.7919, -37.6112], [144.7935, -37.6094], [144.7931, -37.609], [144.7903, -37.6086], [144.7897, -37.6069], [144.7888, -37.606], [144.7873, -37.6053], [144.7872, -37.6043], [144.7881, -37.6026], [144.7884, -37.5992], [144.7872, -37.5967], [144.7843, -37.5969], [144.7829, -37.5965], [144.7851, -37.5955], [144.7835, -37.5936], [144.7823, -37.5943], [144.7807, -37.5915], [144.7808, -37.5902], [144.783, -37.5894], [144.7801, -37.5882], [144.779, -37.5893], [144.7766, -37.5891], [144.7749, -37.5893], [144.7748, -37.5901], [144.7739, -37.5916], [144.7705, -37.5905], [144.77, -37.5895], [144.7702, -37.5876], [144.7695, -37.5872], [144.7653, -37.5873], [144.7642, -37.5863], [144.7644, -37.5848], [144.7667, -37.5853], [144.7682, -37.5837], [144.7601, -37.5826], [144.7601, -37.5897]]]}, "properties": {"SA2_CODE21": "210051246", "Area": "Greenvale \u2013 Bulla", "% dwellings within 400m of any bus service": 0.662494, "% dwellings with 800m of a high quality bus service": 0.007511, "dwellings_2025": 8677, "population_2025": 26705, "SEIFA_Score": 1032, "SEIFA_Decile": 7, "% dwellings within 400m of any public transport service": 0.662494, "% dwellings with 800m of a high quality public transport service": 0.007511, "Binned_any_bus_service_400m_dwellings_percent": 0.6, "Categorical_any_bus_service_400m_dwellings_percent": "60\u201370%", "Binned_high_quality_bus_service_800m_dwellings_percent": 0, "Categorical_high_quality_bus_service_800m_dwellings_percent": "0\u201310%", "Binned_any_public_transport_400m_dwellings_percent": 0.6, "Categorical_any_public_transport_400m_dwellings_percent": "60\u201370%", "Binned_high_quality_public_transport_800m_dwellings_percent": 0, "Categorical_high_quality_public_transport_800m_dwellings_percent": "0\u201310%", "area_km2": 95.906}}, {"type": "Feature", "geometry": {"type": "Polygon", "coordinates": [[[144.9288, -37.6407], [144.912, -37.6386], [144.9107, -37.6383], [144.9088, -37.6488], [144.9083, -37.6535], [144.9084, -37.6546], [144.9069, -37.662], [144.9067, -37.6627], [144.9145, -37.6637], [144.9184, -37.663], [144.9221, -37.6638], [144.9231, -37.6615], [144.9254, -37.66], [144.9267, -37.6576], [144.9272, -37.6577], [144.9308, -37.6519], [144.9315, -37.6497], [144.9311, -37.6473], [144.9287, -37.6431], [144.9288, -37.6407]]]}, "properties": {"SA2_CODE21": "210051247", "Area": "Meadow Heights", "% dwellings within 400m of any bus service": 0.994054, "% dwellings with 800m of a high quality bus service": 0.553023, "dwellings_2025": 4910, "population_2025": 15295, "SEIFA_Score": 845, "SEIFA_Decile": 1, "% dwellings within 400m of any public transport service": 0.994054, "% dwellings with 800m of a high quality public transport service": 0.553023, "Binned_any_bus_service_400m_dwellings_percent": 0.9, "Categorical_any_bus_service_400m_dwellings_percent": "90\u2013100%", "Binned_high_quality_bus_service_800m_dwellings_percent": 0.5, "Categorical_high_quality_bus_service_800m_dwellings_percent": "50\u201360%", "Binned_any_public_transport_400m_dwellings_percent": 0.9, "Categorical_any_public_transport_400m_dwellings_percent": "90\u2013100%", "Binned_high_quality_public_transport_800m_dwellings_percent": 0.5, "Categorical_high_quality_public_transport_800m_dwellings_percent": "50\u201360%", "area_km2": 4.6252}}, {"type": "Feature", "geometry": {"type": "Polygon", "coordinates": [[[144.8696, -37.707], [144.8712, -37.6978], [144.8694, -37.6976], [144.8687, -37.6922], [144.8743, -37.6929], [144.864, -37.6828], [144.8657, -37.6815], [144.8663, -37.6779], [144.8676, -37.671], [144.8665, -37.6701], [144.865, -37.6709], [144.8628, -37.6705], [144.8621, -37.6692], [144.8608, -37.6681], [144.8599, -37.6664], [144.8605, -37.6658], [144.8585, -37.6649], [144.8568, -37.6635], [144.8581, -37.6619], [144.8562, -37.6601], [144.8556, -37.659], [144.8536, -37.6585], [144.8518, -37.659], [144.8512, -37.6581], [144.8497, -37.6574], [144.8491, -37.6564], [144.8454, -37.6548], [144.8462, -37.6514], [144.8458, -37.6501], [144.8444, -37.6495], [144.845, -37.6475], [144.8442, -37.6458], [144.843, -37.645], [144.8352, -37.6441], [144.8339, -37.6442], [144.8321, -37.6437], [144.8231, -37.6426], [144.816, -37.641], [144.8159, -37.6413], [144.8134, -37.6551], [144.8115, -37.655], [144.8097, -37.6537], [144.8079, -37.6532], [144.8057, -37.6529], [144.805, -37.6545], [144.8037, -37.6556], [144.8021, -37.6547], [144.8013, -37.6538], [144.7991, -37.6535], [144.7977, -37.6547], [144.7989, -37.6574], [144.7997, -37.6577], [144.8039, -37.6575], [144.8062, -37.6589], [144.8059, -37.6599], [144.8047, -37.6604], [144.8007, -37.66], [144.8, -37.6612], [144.8015, -37.6617], [144.804, -37.6616], [144.8066, -37.6637], [144.8088, -37.665], [144.8079, -37.6657], [144.8046, -37.6654], [144.8024, -37.6663], [144.8027, -37.6683], [144.8048, -37.6695], [144.8048, -37.6701], [144.8037, -37.6722], [144.8038, -37.6734], [144.8033, -37.6753], [144.8036, -37.6767], [144.8043, -37.6775], [144.8056, -37.6776], [144.8058, -37.679], [144.8053, -37.6803], [144.806, -37.6812], [144.8061, -37.6824], [144.807, -37.6832], [144.81, -37.6815], [144.8121, -37.6816], [144.816, -37.6825], [144.8187, -37.6824], [144.8198, -37.6828], [144.8205, -37.6845], [144.8199, -37.686], [144.8189, -37.6875], [144.8207, -37.6902], [144.8209, -37.6912], [144.8202, -37.6925], [144.8182, -37.6929], [144.8156, -37.6937], [144.8152, -37.6942], [144.8123, -37.6951], [144.8105, -37.6961], [144.8095, -37.6973], [144.8106, -37.6987], [144.8119, -37.6991], [144.8132, -37.6989], [144.8142, -37.6994], [144.8179, -37.6994], [144.8185, -37.7001], [144.8206, -37.6985], [144.8213, -37.6991], [144.8227, -37.6984], [144.8249, -37.6984], [144.8255, -37.6992], [144.8267, -37.6995], [144.8279, -37.7009], [144.825, -37.7013], [144.8252, -37.7034], [144.8268, -37.7044], [144.8278, -37.7043], [144.8288, -37.7056], [144.8288, -37.7068], [144.832, -37.7065], [144.8309, -37.7056], [144.8323, -37.7042], [144.8343, -37.7033], [144.8354, -37.7034], [144.837, -37.7055], [144.8383, -37.7061], [144.8381, -37.7093], [144.8475, -37.7104], [144.848, -37.7047], [144.8512, -37.7051], [144.8518, -37.7018], [144.8566, -37.7034], [144.8599, -37.7054], [144.8625, -37.7062], [144.8696, -37.707]]]}, "properties": {"SA2_CODE21": "210051248", "Area": "Melbourne Airport", "% dwellings within 400m of any bus service": 0.514286, "% dwellings with 800m of a high quality bus service": 0.014286, "dwellings_2025": 36, "population_2025": 130, "SEIFA_Score": 1053, "SEIFA_Decile": 8, "% dwellings within 400m of any public transport service": 0.514286, "% dwellings with 800m of a high quality public transport service": 0.014286, "Binned_any_bus_service_400m_dwellings_percent": 0.5, "Categorical_any_bus_service_400m_dwellings_percent": "50\u201360%", "Binned_high_quality_bus_service_800m_dwellings_percent": 0, "Categorical_high_quality_bus_service_800m_dwellings_percent": "0\u201310%", "Binned_any_public_transport_400m_dwellings_percent": 0.5, "Categorical_any_public_transport_400m_dwellings_percent": "50\u201360%", "Binned_high_quality_public_transport_800m_dwellings_percent": 0, "Categorical_high_quality_public_transport_800m_dwellings_percent": "0\u201310%", "area_km2": 30.3848}}, {"type": "Feature", "geometry": {"type": "Polygon", "coordinates": [[[144.8862, -37.7077], [144.8881, -37.7059], [144.8896, -37.7047], [144.8872, -37.6963], [144.8828, -37.6902], [144.8816, -37.6889], [144.8794, -37.6874], [144.875, -37.6841], [144.8745, -37.684], [144.8715, -37.6817], [144.8663, -37.6779], [144.8657, -37.6815], [144.864, -37.6828], [144.8743, -37.6929], [144.8687, -37.6922], [144.8694, -37.6976], [144.8712, -37.6978], [144.8696, -37.707], [144.8787, -37.7081], [144.8829, -37.7086], [144.8862, -37.7077]]]}, "properties": {"SA2_CODE21": "210051250", "Area": "Tullamarine", "% dwellings within 400m of any bus service": 0.957895, "% dwellings with 800m of a high quality bus service": 0.435526, "dwellings_2025": 3238, "population_2025": 6846, "SEIFA_Score": 952, "SEIFA_Decile": 4, "% dwellings within 400m of any public transport service": 0.957895, "% dwellings with 800m of a high quality public transport service": 0.435526, "Binned_any_bus_service_400m_dwellings_percent": 0.9, "Categorical_any_bus_service_400m_dwellings_percent": "90\u2013100%", "Binned_high_quality_bus_service_800m_dwellings_percent": 0.4, "Categorical_high_quality_bus_service_800m_dwellings_percent": "40\u201350%", "Binned_any_public_transport_400m_dwellings_percent": 0.9, "Categorical_any_public_transport_400m_dwellings_percent": "90\u2013100%", "Binned_high_quality_public_transport_800m_dwellings_percent": 0.4, "Categorical_high_quality_public_transport_800m_dwellings_percent": "40\u201350%", "area_km2": 3.8595}}, {"type": "Feature", "geometry": {"type": "Polygon", "coordinates": [[[144.953, -37.597], [144.9526, -37.5965], [144.9483, -37.5904], [144.9502, -37.5858], [144.9501, -37.5855], [144.9454, -37.585], [144.9452, -37.5835], [144.9404, -37.5841], [144.9409, -37.5864], [144.9393, -37.586], [144.9362, -37.5859], [144.9305, -37.5871], [144.9279, -37.5867], [144.9277, -37.5859], [144.9262, -37.585], [144.924, -37.5854], [144.9242, -37.5862], [144.9226, -37.5864], [144.9213, -37.5859], [144.9191, -37.5857], [144.9183, -37.5898], [144.9187, -37.5899], [144.9177, -37.5964], [144.9252, -37.5972], [144.9417, -37.599], [144.9423, -37.5975], [144.9434, -37.5984], [144.9442, -37.5998], [144.9449, -37.5995], [144.9526, -37.6003], [144.9525, -37.5987], [144.953, -37.597]]]}, "properties": {"SA2_CODE21": "210051441", "Area": "Craigieburn \u2013 Central", "% dwellings within 400m of any bus service": 0.984026, "% dwellings with 800m of a high quality bus service": 0.507987, "dwellings_2025": 2926, "population_2025": 8265, "SEIFA_Score": 909, "SEIFA_Decile": 2, "% dwellings within 400m of any public transport service": 0.984026, "% dwellings with 800m of a high quality public transport service": 0.507987, "Binned_any_bus_service_400m_dwellings_percent": 0.9, "Categorical_any_bus_service_400m_dwellings_percent": "90\u2013100%", "Binned_high_quality_bus_service_800m_dwellings_percent": 0.5, "Categorical_high_quality_bus_service_800m_dwellings_percent": "50\u201360%", "Binned_any_public_transport_400m_dwellings_percent": 0.9, "Categorical_any_public_transport_400m_dwellings_percent": "90\u2013100%", "Binned_high_quality_public_transport_800m_dwellings_percent": 0.5, "Categorical_high_quality_public_transport_800m_dwellings_percent": "50\u201360%", "area_km2": 3.9685}}, {"type": "Feature", "geometry": {"type": "Polygon", "coordinates": [[[144.96, -37.5416], [144.9455, -37.5401], [144.9449, -37.5435], [144.9415, -37.5646], [144.9405, -37.5697], [144.9319, -37.5686], [144.9112, -37.5662], [144.9119, -37.5681], [144.9134, -37.5696], [144.9144, -37.5717], [144.9137, -37.5739], [144.9145, -37.5761], [144.9138, -37.5769], [144.914, -37.5799], [144.9151, -37.5813], [144.9156, -37.584], [144.9183, -37.5856], [144.9191, -37.5857], [144.9213, -37.5859], [144.9226, -37.5864], [144.9242, -37.5862], [144.924, -37.5854], [144.9262, -37.585], [144.9277, -37.5859], [144.9279, -37.5867], [144.9305, -37.5871], [144.9362, -37.5859], [144.9393, -37.586], [144.9409, -37.5864], [144.9404, -37.5841], [144.9452, -37.5835], [144.9454, -37.585], [144.9501, -37.5855], [144.9502, -37.5858], [144.9483, -37.5904], [144.9526, -37.5965], [144.953, -37.597], [144.9551, -37.5948], [144.9549, -37.5933], [144.9557, -37.5927], [144.9558, -37.5914], [144.9572, -37.5916], [144.9587, -37.5912], [144.9587, -37.5905], [144.9573, -37.5888], [144.9579, -37.588], [144.957, -37.5858], [144.9585, -37.585], [144.957, -37.5836], [144.9566, -37.5826], [144.9576, -37.5816], [144.9599, -37.5818], [144.9602, -37.5805], [144.9632, -37.5794], [144.9624, -37.5775], [144.9644, -37.5752], [144.9652, -37.5736], [144.9653, -37.5722], [144.9638, -37.5713], [144.9641, -37.5686], [144.9633, -37.567], [144.9641, -37.5665], [144.9637, -37.5655], [144.9647, -37.5628], [144.9647, -37.5614], [144.9655, -37.5602], [144.964, -37.5581], [144.964, -37.5573], [144.9608, -37.5566], [144.9598, -37.5545], [144.959, -37.5542], [144.9554, -37.5505], [144.9538, -37.5497], [144.9531, -37.548], [144.9537, -37.5463], [144.9538, -37.545], [144.9551, -37.5435], [144.96, -37.5416]]]}, "properties": {"SA2_CODE21": "210051442", "Area": "Craigieburn \u2013 North", "% dwellings within 400m of any bus service": 0.953181, "% dwellings with 800m of a high quality bus service": 0.314526, "dwellings_2025": 3991, "population_2025": 12788, "SEIFA_Score": 972, "SEIFA_Decile": 4, "% dwellings within 400m of any public transport service": 0.953181, "% dwellings with 800m of a high quality public transport service": 0.314526, "Binned_any_bus_service_400m_dwellings_percent": 0.9, "Categorical_any_bus_service_400m_dwellings_percent": "90\u2013100%", "Binned_high_quality_bus_service_800m_dwellings_percent": 0.3, "Categorical_high_quality_bus_service_800m_dwellings_percent": "30\u201340%", "Binned_any_public_transport_400m_dwellings_percent": 0.9, "Categorical_any_public_transport_400m_dwellings_percent": "90\u2013100%", "Binned_high_quality_public_transport_800m_dwellings_percent": 0.3, "Categorical_high_quality_public_transport_800m_dwellings_percent": "30\u201340%", "area_km2": 13.3514}}, {"type": "Feature", "geometry": {"type": "Polygon", "coordinates": [[[144.9546, -37.6153], [144.954, -37.6137], [144.9529, -37.614], [144.9519, -37.6132], [144.9528, -37.6121], [144.9526, -37.6109], [144.9515, -37.6105], [144.9505, -37.6112], [144.9482, -37.6082], [144.9467, -37.6078], [144.9469, -37.607], [144.9508, -37.6067], [144.9524, -37.6068], [144.952, -37.6045], [144.9531, -37.6036], [144.9528, -37.6027], [144.9534, -37.6013], [144.9526, -37.6003], [144.9449, -37.5995], [144.9442, -37.5998], [144.9434, -37.5984], [144.9423, -37.5975], [144.9417, -37.599], [144.9252, -37.5972], [144.9177, -37.5964], [144.9089, -37.5935], [144.8902, -37.5911], [144.8795, -37.5898], [144.8836, -37.6051], [144.8921, -37.6063], [144.8911, -37.6105], [144.9003, -37.6117], [144.9006, -37.6091], [144.9111, -37.6104], [144.9126, -37.6101], [144.9275, -37.6119], [144.9274, -37.6122], [144.9405, -37.6137], [144.939, -37.6209], [144.9536, -37.6226], [144.9553, -37.6224], [144.9561, -37.6215], [144.9555, -37.6183], [144.9561, -37.6175], [144.9557, -37.6163], [144.9546, -37.6153]]]}, "properties": {"SA2_CODE21": "210051443", "Area": "Craigieburn \u2013 South", "% dwellings within 400m of any bus service": 0.96076, "% dwellings with 800m of a high quality bus service": 0.423053, "dwellings_2025": 7577, "population_2025": 24291, "SEIFA_Score": 955, "SEIFA_Decile": 4, "% dwellings within 400m of any public transport service": 0.96076, "% dwellings with 800m of a high quality public transport service": 0.423666, "Binned_any_bus_service_400m_dwellings_percent": 0.9, "Categorical_any_bus_service_400m_dwellings_percent": "90\u2013100%", "Binned_high_quality_bus_service_800m_dwellings_percent": 0.4, "Categorical_high_quality_bus_service_800m_dwellings_percent": "40\u201350%", "Binned_any_public_transport_400m_dwellings_percent": 0.9, "Categorical_any_public_transport_400m_dwellings_percent": "90\u2013100%", "Binned_high_quality_public_transport_800m_dwellings_percent": 0.4, "Categorical_high_quality_public_transport_800m_dwellings_percent": "40\u201350%", "area_km2": 11.9142}}, {"type": "Feature", "geometry": {"type": "Polygon", "coordinates": [[[144.9772, -37.5137], [144.9499, -37.5113], [144.9499, -37.5112], [144.9171, -37.5073], [144.9153, -37.507], [144.8967, -37.5048], [144.89, -37.5039], [144.8888, -37.5048], [144.8866, -37.5047], [144.8859, -37.5036], [144.8847, -37.5028], [144.8835, -37.5038], [144.8836, -37.5048], [144.8815, -37.5054], [144.8779, -37.5054], [144.8766, -37.5042], [144.876, -37.5024], [144.8751, -37.5021], [144.8731, -37.5036], [144.8728, -37.5046], [144.8712, -37.5047], [144.8698, -37.504], [144.8692, -37.5032], [144.8678, -37.5033], [144.8682, -37.5047], [144.8706, -37.5052], [144.8699, -37.5065], [144.8678, -37.5058], [144.8666, -37.5065], [144.8669, -37.5081], [144.869, -37.5095], [144.8668, -37.5109], [144.8672, -37.5121], [144.8699, -37.5124], [144.8715, -37.5132], [144.8716, -37.5139], [144.8705, -37.5155], [144.8691, -37.5169], [144.868, -37.5173], [144.8678, -37.5188], [144.8682, -37.52], [144.8668, -37.5216], [144.8674, -37.5226], [144.867, -37.5237], [144.8654, -37.5243], [144.865, -37.5251], [144.8636, -37.5259], [144.862, -37.526], [144.8623, -37.5274], [144.8604, -37.5278], [144.8592, -37.525], [144.8572, -37.5265], [144.856, -37.5271], [144.8558, -37.5287], [144.8568, -37.5295], [144.8595, -37.5292], [144.859, -37.5315], [144.8569, -37.5313], [144.8552, -37.5315], [144.8548, -37.533], [144.8547, -37.5347], [144.8533, -37.5348], [144.8536, -37.5334], [144.8528, -37.5324], [144.8517, -37.5325], [144.8519, -37.5348], [144.8505, -37.5359], [144.8518, -37.5379], [144.8535, -37.5381], [144.8544, -37.5396], [144.8581, -37.5412], [144.8564, -37.5418], [144.8555, -37.5411], [144.8542, -37.5423], [144.8545, -37.5438], [144.8562, -37.5454], [144.8536, -37.5455], [144.8538, -37.5475], [144.8522, -37.5484], [144.8486, -37.5477], [144.8485, -37.5487], [144.8499, -37.5493], [144.8494, -37.5513], [144.8505, -37.552], [144.8506, -37.5541], [144.8515, -37.5543], [144.8526, -37.5582], [144.8535, -37.56], [144.8521, -37.5623], [144.8514, -37.5649], [144.8498, -37.5655], [144.8493, -37.5664], [144.8472, -37.5671], [144.844, -37.5857], [144.8623, -37.5877], [144.8625, -37.5878], [144.8713, -37.5888], [144.8691, -37.6036], [144.8834, -37.6053], [144.8836, -37.6051], [144.8795, -37.5898], [144.8902, -37.5911], [144.8919, -37.5801], [144.8976, -37.5807], [144.8968, -37.5791], [144.8964, -37.5771], [144.897, -37.5737], [144.8933, -37.5732], [144.895, -37.5642], [144.9112, -37.5662], [144.9319, -37.5686], [144.9405, -37.5697], [144.9415, -37.5646], [144.9449, -37.5435], [144.9455, -37.5401], [144.96, -37.5416], [144.9607, -37.5393], [144.9632, -37.5397], [144.9646, -37.5374], [144.9658, -37.5371], [144.9666, -37.5361], [144.9687, -37.5348], [144.9698, -37.5346], [144.9721, -37.5354], [144.9725, -37.5336], [144.9731, -37.5331], [144.9736, -37.5315], [144.9746, -37.5305], [144.9762, -37.5302], [144.9768, -37.5288], [144.9762, -37.5275], [144.9747, -37.5265], [144.9733, -37.5263], [144.9743, -37.5252], [144.9739, -37.5242], [144.9757, -37.5216], [144.9752, -37.5205], [144.9755, -37.5178], [144.9746, -37.5169], [144.9745, -37.5159], [144.976, -37.5151], [144.9759, -37.514], [144.9772, -37.5137]]]}, "properties": {"SA2_CODE21": "210051445", "Area": "Mickleham \u2013 Yuroke", "% dwellings within 400m of any bus service": 0.528948, "% dwellings with 800m of a high quality bus service": 0.005153, "dwellings_2025": 11803, "population_2025": 34990, "SEIFA_Score": 997, "SEIFA_Decile": 6, "% dwellings within 400m of any public transport service": 0.528948, "% dwellings with 800m of a high quality public transport service": 0.005153, "Binned_any_bus_service_400m_dwellings_percent": 0.5, "Categorical_any_bus_service_400m_dwellings_percent": "50\u201360%", "Binned_high_quality_bus_service_800m_dwellings_percent": 0, "Categorical_high_quality_bus_service_800m_dwellings_percent": "0\u201310%", "Binned_any_public_transport_400m_dwellings_percent": 0.5, "Categorical_any_public_transport_400m_dwellings_percent": "50\u201360%", "Binned_high_quality_public_transport_800m_dwellings_percent": 0, "Categorical_high_quality_public_transport_800m_dwellings_percent": "0\u201310%", "area_km2": 70.8359}}, {"type": "Feature", "geometry": {"type": "Polygon", "coordinates": [[[144.9112, -37.5662], [144.895, -37.5642], [144.8933, -37.5732], [144.897, -37.5737], [144.9038, -37.5745], [144.9059, -37.575], [144.9093, -37.5766], [144.9119, -37.5785], [144.9135, -37.5807], [144.9151, -37.5813], [144.914, -37.5799], [144.9138, -37.5769], [144.9145, -37.5761], [144.9137, -37.5739], [144.9144, -37.5717], [144.9134, -37.5696], [144.9119, -37.5681], [144.9112, -37.5662]]]}, "properties": {"SA2_CODE21": "210051542", "Area": "Craigieburn \u2013 North West", "% dwellings within 400m of any bus service": 0.987805, "% dwellings with 800m of a high quality bus service": 0.393293, "dwellings_2025": 3141, "population_2025": 10317, "SEIFA_Score": 977, "SEIFA_Decile": 5, "% dwellings within 400m of any public transport service": 0.987805, "% dwellings with 800m of a high quality public transport service": 0.393293, "Binned_any_bus_service_400m_dwellings_percent": 0.9, "Categorical_any_bus_service_400m_dwellings_percent": "90\u2013100%", "Binned_high_quality_bus_service_800m_dwellings_percent": 0.3, "Categorical_high_quality_bus_service_800m_dwellings_percent": "30\u201340%", "Binned_any_public_transport_400m_dwellings_percent": 0.9, "Categorical_any_public_transport_400m_dwellings_percent": "90\u2013100%", "Binned_high_quality_public_transport_800m_dwellings_percent": 0.3, "Categorical_high_quality_public_transport_800m_dwellings_percent": "30\u201340%", "area_km2": 1.9198}}, {"type": "Feature", "geometry": {"type": "Polygon", "coordinates": [[[144.9191, -37.5857], [144.9183, -37.5856], [144.9156, -37.584], [144.9151, -37.5813], [144.9135, -37.5807], [144.9119, -37.5785], [144.9093, -37.5766], [144.9059, -37.575], [144.9038, -37.5745], [144.897, -37.5737], [144.8964, -37.5771], [144.8968, -37.5791], [144.8976, -37.5807], [144.8919, -37.5801], [144.8902, -37.5911], [144.9089, -37.5935], [144.9177, -37.5964], [144.9187, -37.5899], [144.9183, -37.5898], [144.9191, -37.5857]]]}, "properties": {"SA2_CODE21": "210051543", "Area": "Craigieburn \u2013 West", "% dwellings within 400m of any bus service": 0.955078, "% dwellings with 800m of a high quality bus service": 0.442383, "dwellings_2025": 4776, "population_2025": 14564, "SEIFA_Score": 954, "SEIFA_Decile": 4, "% dwellings within 400m of any public transport service": 0.955078, "% dwellings with 800m of a high quality public transport service": 0.442383, "Binned_any_bus_service_400m_dwellings_percent": 0.9, "Categorical_any_bus_service_400m_dwellings_percent": "90\u2013100%", "Binned_high_quality_bus_service_800m_dwellings_percent": 0.4, "Categorical_high_quality_bus_service_800m_dwellings_percent": "40\u201350%", "Binned_any_public_transport_400m_dwellings_percent": 0.9, "Categorical_any_public_transport_400m_dwellings_percent": "90\u2013100%", "Binned_high_quality_public_transport_800m_dwellings_percent": 0.4, "Categorical_high_quality_public_transport_800m_dwellings_percent": "40\u201350%", "area_km2": 4.089}}, {"type": "Feature", "geometry": {"type": "Polygon", "coordinates": [[[144.9536, -37.6226], [144.939, -37.6209], [144.9321, -37.6202], [144.9331, -37.6251], [144.9325, -37.6273], [144.9202, -37.6259], [144.9117, -37.6313], [144.9116, -37.6313], [144.9115, -37.6327], [144.9104, -37.6381], [144.9107, -37.6383], [144.912, -37.6386], [144.9288, -37.6407], [144.929, -37.6407], [144.9467, -37.6428], [144.9513, -37.6433], [144.9514, -37.6441], [144.974, -37.6465], [144.9716, -37.6452], [144.9709, -37.6431], [144.9693, -37.6428], [144.9702, -37.6405], [144.9686, -37.6384], [144.967, -37.6383], [144.9655, -37.6359], [144.9643, -37.6354], [144.9617, -37.6357], [144.9586, -37.6344], [144.9587, -37.6334], [144.9574, -37.6319], [144.959, -37.6285], [144.9587, -37.6277], [144.9566, -37.6266], [144.9555, -37.6257], [144.9556, -37.624], [144.9536, -37.6226]]]}, "properties": {"SA2_CODE21": "210051544", "Area": "Roxburgh Park (South) \u2013 Somerton", "% dwellings within 400m of any bus service": 0.935696, "% dwellings with 800m of a high quality bus service": 0.288714, "dwellings_2025": 2949, "population_2025": 9657, "SEIFA_Score": 920, "SEIFA_Decile": 2, "% dwellings within 400m of any public transport service": 0.935696, "% dwellings with 800m of a high quality public transport service": 0.288714, "Binned_any_bus_service_400m_dwellings_percent": 0.9, "Categorical_any_bus_service_400m_dwellings_percent": "90\u2013100%", "Binned_high_quality_bus_service_800m_dwellings_percent": 0.2, "Categorical_high_quality_bus_service_800m_dwellings_percent": "20\u201330%", "Binned_any_public_transport_400m_dwellings_percent": 0.9, "Categorical_any_public_transport_400m_dwellings_percent": "90\u2013100%", "Binned_high_quality_public_transport_800m_dwellings_percent": 0.2, "Categorical_high_quality_public_transport_800m_dwellings_percent": "20\u201330%", "area_km2": 8.8762}}, {"type": "Feature", "geometry": {"type": "Polygon", "coordinates": [[[144.9116, -37.6313], [144.9117, -37.6313], [144.9202, -37.6259], [144.9325, -37.6273], [144.9331, -37.6251], [144.9321, -37.6202], [144.939, -37.6209], [144.9405, -37.6137], [144.9274, -37.6122], [144.9275, -37.6119], [144.9126, -37.6101], [144.9131, -37.6128], [144.9134, -37.6164], [144.9151, -37.6232], [144.9147, -37.6257], [144.9121, -37.63], [144.9116, -37.6313]]]}, "properties": {"SA2_CODE21": "210051545", "Area": "Roxburgh Park \u2013 North", "% dwellings within 400m of any bus service": 0.860981, "% dwellings with 800m of a high quality bus service": 0.193925, "dwellings_2025": 4084, "population_2025": 15190, "SEIFA_Score": 899, "SEIFA_Decile": 2, "% dwellings within 400m of any public transport service": 0.860981, "% dwellings with 800m of a high quality public transport service": 0.193925, "Binned_any_bus_service_400m_dwellings_percent": 0.8, "Categorical_any_bus_service_400m_dwellings_percent": "80\u201390%", "Binned_high_quality_bus_service_800m_dwellings_percent": 0.1, "Categorical_high_quality_bus_service_800m_dwellings_percent": "10\u201320%", "Binned_any_public_transport_400m_dwellings_percent": 0.8, "Categorical_any_public_transport_400m_dwellings_percent": "80\u201390%", "Binned_high_quality_public_transport_800m_dwellings_percent": 0.1, "Categorical_high_quality_public_transport_800m_dwellings_percent": "10\u201320%", "area_km2": 3.4138}}, {"type": "Feature", "geometry": {"type": "Polygon", "coordinates": [[[145.2383, -37.8387], [145.2384, -37.8448], [145.2405, -37.8445], [145.2405, -37.8452], [145.2486, -37.8434], [145.2437, -37.8527], [145.2538, -37.8561], [145.2671, -37.8604], [145.2685, -37.8529], [145.2798, -37.8542], [145.2804, -37.8539], [145.2777, -37.8511], [145.2783, -37.8507], [145.2862, -37.8518], [145.2867, -37.8447], [145.2873, -37.8335], [145.2859, -37.8337], [145.2815, -37.833], [145.2807, -37.8332], [145.2793, -37.8355], [145.278, -37.8359], [145.2744, -37.8357], [145.2716, -37.8363], [145.27, -37.8359], [145.2675, -37.837], [145.2629, -37.8364], [145.2615, -37.836], [145.2585, -37.8366], [145.257, -37.8359], [145.2557, -37.8361], [145.2505, -37.8377], [145.2461, -37.8378], [145.245, -37.8384], [145.241, -37.8387], [145.2383, -37.8387]]]}, "properties": {"SA2_CODE21": "211011251", "Area": "Bayswater", "% dwellings within 400m of any bus service": 0.979887, "% dwellings with 800m of a high quality bus service": 0.0044, "dwellings_2025": 5848, "population_2025": 13377, "SEIFA_Score": 987, "SEIFA_Decile": 5, "% dwellings within 400m of any public transport service": 0.979887, "% dwellings with 800m of a high quality public transport service": 0.013828, "Binned_any_bus_service_400m_dwellings_percent": 0.9, "Categorical_any_bus_service_400m_dwellings_percent": "90\u2013100%", "Binned_high_quality_bus_service_800m_dwellings_percent": 0, "Categorical_high_quality_bus_service_800m_dwellings_percent": "0\u201310%", "Binned_any_public_transport_400m_dwellings_percent": 0.9, "Categorical_any_public_transport_400m_dwellings_percent": "90\u2013100%", "Binned_high_quality_public_transport_800m_dwellings_percent": 0, "Categorical_high_quality_public_transport_800m_dwellings_percent": "0\u201310%", "area_km2": 8.0437}}, {"type": "Feature", "geometry": {"type": "Polygon", "coordinates": [[[145.2504, -37.8683], [145.2478, -37.8732], [145.2479, -37.8775], [145.2462, -37.8798], [145.2479, -37.8809], [145.2479, -37.8819], [145.2439, -37.8821], [145.2411, -37.8829], [145.2399, -37.8829], [145.2399, -37.8798], [145.2329, -37.8786], [145.233, -37.889], [145.2286, -37.889], [145.2286, -37.8886], [145.2162, -37.8886], [145.2145, -37.889], [145.2141, -37.8882], [145.1979, -37.8882], [145.1961, -37.8882], [145.1984, -37.8892], [145.2003, -37.8917], [145.2002, -37.8929], [145.2008, -37.8944], [145.2028, -37.896], [145.2046, -37.8956], [145.2051, -37.8963], [145.207, -37.897], [145.2075, -37.8988], [145.2072, -37.9], [145.2075, -37.901], [145.206, -37.9024], [145.2038, -37.9025], [145.2034, -37.9033], [145.2052, -37.9053], [145.2048, -37.9065], [145.2059, -37.9105], [145.2048, -37.9108], [145.2055, -37.9123], [145.2045, -37.913], [145.2042, -37.9148], [145.2034, -37.9151], [145.2037, -37.9163], [145.2029, -37.9181], [145.2041, -37.9214], [145.2053, -37.9224], [145.2057, -37.9244], [145.2081, -37.9248], [145.2133, -37.9255], [145.2145, -37.9223], [145.2157, -37.9177], [145.2165, -37.9185], [145.2191, -37.9182], [145.2208, -37.9177], [145.2211, -37.9167], [145.2226, -37.9161], [145.2223, -37.9149], [145.2231, -37.9136], [145.2244, -37.9139], [145.226, -37.9126], [145.2277, -37.9117], [145.2281, -37.9102], [145.2305, -37.9082], [145.2326, -37.9074], [145.2342, -37.9062], [145.2337, -37.9053], [145.2321, -37.906], [145.2316, -37.9069], [145.2294, -37.9071], [145.23, -37.9061], [145.2358, -37.9033], [145.2364, -37.9037], [145.2379, -37.9033], [145.241, -37.9035], [145.2462, -37.9031], [145.2486, -37.904], [145.2508, -37.904], [145.2508, -37.9049], [145.2576, -37.9042], [145.2604, -37.9037], [145.261, -37.9027], [145.2632, -37.9022], [145.263, -37.9003], [145.2601, -37.9003], [145.2585, -37.8914], [145.2576, -37.8916], [145.2576, -37.8773], [145.2577, -37.8764], [145.2591, -37.8736], [145.2565, -37.8728], [145.2586, -37.8687], [145.2577, -37.8685], [145.2559, -37.8694], [145.2543, -37.8694], [145.2504, -37.8683]]]}, "properties": {"SA2_CODE21": "211011254", "Area": "Knoxfield \u2013 Scoresby", "% dwellings within 400m of any bus service": 0.901577, "% dwellings with 800m of a high quality bus service": 0.113565, "dwellings_2025": 6596, "population_2025": 17447, "SEIFA_Score": 1042, "SEIFA_Decile": 7, "% dwellings within 400m of any public transport service": 0.901577, "% dwellings with 800m of a high quality public transport service": 0.113565, "Binned_any_bus_service_400m_dwellings_percent": 0.9, "Categorical_any_bus_service_400m_dwellings_percent": "90\u2013100%", "Binned_high_quality_bus_service_800m_dwellings_percent": 0.1, "Categorical_high_quality_bus_service_800m_dwellings_percent": "10\u201320%", "Binned_any_public_transport_400m_dwellings_percent": 0.9, "Categorical_any_public_transport_400m_dwellings_percent": "90\u2013100%", "Binned_high_quality_public_transport_800m_dwellings_percent": 0.1, "Categorical_high_quality_public_transport_800m_dwellings_percent": "10\u201320%", "area_km2": 15.2651}}, {"type": "Feature", "geometry": {"type": "Polygon", "coordinates": [[[145.2724, -37.9133], [145.2716, -37.9156], [145.2701, -37.9234], [145.2682, -37.9257], [145.2664, -37.9269], [145.2652, -37.9288], [145.2689, -37.9292], [145.2657, -37.9459], [145.2796, -37.9476], [145.2805, -37.9492], [145.2821, -37.9506], [145.2823, -37.9537], [145.2838, -37.9541], [145.2836, -37.9551], [145.2848, -37.9553], [145.2872, -37.9571], [145.2899, -37.9576], [145.2886, -37.9592], [145.2886, -37.9611], [145.289, -37.9628], [145.2912, -37.9646], [145.2932, -37.9649], [145.2999, -37.9314], [145.3039, -37.9334], [145.3053, -37.9314], [145.3081, -37.9312], [145.3114, -37.9317], [145.3144, -37.9317], [145.3158, -37.9248], [145.3193, -37.924], [145.3224, -37.9244], [145.3223, -37.9229], [145.325, -37.9213], [145.3249, -37.92], [145.324, -37.9192], [145.3158, -37.9139], [145.3123, -37.9108], [145.3075, -37.9082], [145.305, -37.9057], [145.3038, -37.9046], [145.295, -37.9003], [145.2893, -37.9006], [145.2868, -37.9014], [145.2856, -37.9019], [145.2741, -37.9115], [145.2724, -37.9133]]]}, "properties": {"SA2_CODE21": "211011255", "Area": "Lysterfield", "% dwellings within 400m of any bus service": 0.835853, "% dwellings with 800m of a high quality bus service": 0, "dwellings_2025": 2198, "population_2025": 6640, "SEIFA_Score": 1088, "SEIFA_Decile": 9, "% dwellings within 400m of any public transport service": 0.835853, "% dwellings with 800m of a high quality public transport service": 0, "Binned_any_bus_service_400m_dwellings_percent": 0.8, "Categorical_any_bus_service_400m_dwellings_percent": "80\u201390%", "Binned_high_quality_bus_service_800m_dwellings_percent": 0, "Categorical_high_quality_bus_service_800m_dwellings_percent": "0\u201310%", "Binned_any_public_transport_400m_dwellings_percent": 0.8, "Categorical_any_public_transport_400m_dwellings_percent": "80\u201390%", "Binned_high_quality_public_transport_800m_dwellings_percent": 0, "Categorical_high_quality_public_transport_800m_dwellings_percent": "0\u201310%", "area_km2": 18.494}}, {"type": "Feature", "geometry": {"type": "Polygon", "coordinates": [[[145.2133, -37.9255], [145.2222, -37.9267], [145.2367, -37.9284], [145.239, -37.9282], [145.2429, -37.9268], [145.2454, -37.9265], [145.258, -37.9279], [145.2652, -37.9288], [145.2664, -37.9269], [145.2682, -37.9257], [145.2701, -37.9234], [145.2716, -37.9156], [145.2724, -37.9133], [145.2696, -37.9128], [145.2684, -37.9129], [145.2655, -37.9139], [145.2642, -37.914], [145.247, -37.9119], [145.2364, -37.9107], [145.2372, -37.907], [145.2372, -37.9047], [145.2364, -37.9037], [145.2358, -37.9033], [145.23, -37.9061], [145.2294, -37.9071], [145.2316, -37.9069], [145.2321, -37.906], [145.2337, -37.9053], [145.2342, -37.9062], [145.2326, -37.9074], [145.2305, -37.9082], [145.2281, -37.9102], [145.2277, -37.9117], [145.226, -37.9126], [145.2244, -37.9139], [145.2231, -37.9136], [145.2223, -37.9149], [145.2226, -37.9161], [145.2211, -37.9167], [145.2208, -37.9177], [145.2191, -37.9182], [145.2165, -37.9185], [145.2157, -37.9177], [145.2145, -37.9223], [145.2133, -37.9255]]]}, "properties": {"SA2_CODE21": "211011256", "Area": "Rowville \u2013 Central", "% dwellings within 400m of any bus service": 0.887519, "% dwellings with 800m of a high quality bus service": 0.114022, "dwellings_2025": 6027, "population_2025": 15888, "SEIFA_Score": 1041, "SEIFA_Decile": 7, "% dwellings within 400m of any public transport service": 0.887519, "% dwellings with 800m of a high quality public transport service": 0.114022, "Binned_any_bus_service_400m_dwellings_percent": 0.8, "Categorical_any_bus_service_400m_dwellings_percent": "80\u201390%", "Binned_high_quality_bus_service_800m_dwellings_percent": 0.1, "Categorical_high_quality_bus_service_800m_dwellings_percent": "10\u201320%", "Binned_any_public_transport_400m_dwellings_percent": 0.8, "Categorical_any_public_transport_400m_dwellings_percent": "80\u201390%", "Binned_high_quality_public_transport_800m_dwellings_percent": 0.1, "Categorical_high_quality_public_transport_800m_dwellings_percent": "10\u201320%", "area_km2": 8.2003}}, {"type": "Feature", "geometry": {"type": "Polygon", "coordinates": [[[145.2364, -37.9037], [145.2372, -37.9047], [145.2372, -37.907], [145.2364, -37.9107], [145.247, -37.9119], [145.2642, -37.914], [145.2655, -37.9139], [145.2684, -37.9129], [145.2696, -37.9128], [145.2724, -37.9133], [145.2741, -37.9115], [145.2856, -37.9019], [145.2868, -37.9014], [145.2746, -37.8997], [145.2743, -37.9015], [145.2731, -37.9002], [145.2654, -37.902], [145.2632, -37.9022], [145.261, -37.9027], [145.2604, -37.9037], [145.2576, -37.9042], [145.2508, -37.9049], [145.2508, -37.904], [145.2486, -37.904], [145.2462, -37.9031], [145.241, -37.9035], [145.2379, -37.9033], [145.2364, -37.9037]]]}, "properties": {"SA2_CODE21": "211011257", "Area": "Rowville \u2013 North", "% dwellings within 400m of any bus service": 0.938412, "% dwellings with 800m of a high quality bus service": 0.008104, "dwellings_2025": 2765, "population_2025": 7952, "SEIFA_Score": 1073, "SEIFA_Decile": 8, "% dwellings within 400m of any public transport service": 0.938412, "% dwellings with 800m of a high quality public transport service": 0.008104, "Binned_any_bus_service_400m_dwellings_percent": 0.9, "Categorical_any_bus_service_400m_dwellings_percent": "90\u2013100%", "Binned_high_quality_bus_service_800m_dwellings_percent": 0, "Categorical_high_quality_bus_service_800m_dwellings_percent": "0\u201310%", "Binned_any_public_transport_400m_dwellings_percent": 0.9, "Categorical_any_public_transport_400m_dwellings_percent": "90\u2013100%", "Binned_high_quality_public_transport_800m_dwellings_percent": 0, "Categorical_high_quality_public_transport_800m_dwellings_percent": "0\u201310%", "area_km2": 4.1688}}, {"type": "Feature", "geometry": {"type": "Polygon", "coordinates": [[[145.2057, -37.9244], [145.205, -37.9262], [145.2068, -37.928], [145.207, -37.9295], [145.2061, -37.9299], [145.2065, -37.9312], [145.2078, -37.9323], [145.21, -37.9335], [145.2096, -37.9341], [145.2115, -37.9356], [145.2143, -37.9363], [145.2157, -37.9372], [145.2183, -37.9367], [145.22, -37.9397], [145.2192, -37.9401], [145.2203, -37.9411], [145.2211, -37.9432], [145.2224, -37.9435], [145.2223, -37.9445], [145.2236, -37.9462], [145.2243, -37.9462], [145.2251, -37.9475], [145.226, -37.9482], [145.2258, -37.9492], [145.227, -37.9506], [145.2292, -37.9521], [145.2338, -37.9426], [145.2333, -37.9419], [145.2439, -37.9432], [145.2439, -37.9433], [145.2657, -37.9459], [145.2689, -37.9292], [145.2652, -37.9288], [145.258, -37.9279], [145.2454, -37.9265], [145.2429, -37.9268], [145.239, -37.9282], [145.2367, -37.9284], [145.2222, -37.9267], [145.2133, -37.9255], [145.2081, -37.9248], [145.2057, -37.9244]]]}, "properties": {"SA2_CODE21": "211011258", "Area": "Rowville \u2013 South", "% dwellings within 400m of any bus service": 0.837027, "% dwellings with 800m of a high quality bus service": 0.078227, "dwellings_2025": 3660, "population_2025": 10418, "SEIFA_Score": 1065, "SEIFA_Decile": 8, "% dwellings within 400m of any public transport service": 0.837027, "% dwellings with 800m of a high quality public transport service": 0.078227, "Binned_any_bus_service_400m_dwellings_percent": 0.8, "Categorical_any_bus_service_400m_dwellings_percent": "80\u201390%", "Binned_high_quality_bus_service_800m_dwellings_percent": 0, "Categorical_high_quality_bus_service_800m_dwellings_percent": "0\u201310%", "Binned_any_public_transport_400m_dwellings_percent": 0.8, "Categorical_any_public_transport_400m_dwellings_percent": "80\u201390%", "Binned_high_quality_public_transport_800m_dwellings_percent": 0, "Categorical_high_quality_public_transport_800m_dwellings_percent": "0\u201310%", "area_km2": 9.3532}}, {"type": "Feature", "geometry": {"type": "Polygon", "coordinates": [[[145.2383, -37.8387], [145.237, -37.8396], [145.2332, -37.8395], [145.2318, -37.84], [145.2303, -37.8397], [145.2264, -37.8392], [145.2228, -37.8379], [145.2166, -37.8382], [145.2146, -37.8394], [145.2125, -37.8421], [145.212, -37.8435], [145.2101, -37.846], [145.21, -37.8472], [145.2103, -37.8489], [145.2095, -37.8514], [145.208, -37.8527], [145.2067, -37.8529], [145.2068, -37.8555], [145.2048, -37.8573], [145.2036, -37.857], [145.2024, -37.8584], [145.2004, -37.8591], [145.202, -37.8594], [145.207, -37.8597], [145.2187, -37.8635], [145.2352, -37.869], [145.2423, -37.8555], [145.2437, -37.8527], [145.2486, -37.8434], [145.2405, -37.8452], [145.2405, -37.8445], [145.2384, -37.8448], [145.2383, -37.8387]]]}, "properties": {"SA2_CODE21": "211011259", "Area": "Wantirna", "% dwellings within 400m of any bus service": 0.938282, "% dwellings with 800m of a high quality bus service": 0.242702, "dwellings_2025": 5571, "population_2025": 14812, "SEIFA_Score": 1044, "SEIFA_Decile": 7, "% dwellings within 400m of any public transport service": 0.938282, "% dwellings with 800m of a high quality public transport service": 0.242702, "Binned_any_bus_service_400m_dwellings_percent": 0.9, "Categorical_any_bus_service_400m_dwellings_percent": "90\u2013100%", "Binned_high_quality_bus_service_800m_dwellings_percent": 0.2, "Categorical_high_quality_bus_service_800m_dwellings_percent": "20\u201330%", "Binned_any_public_transport_400m_dwellings_percent": 0.9, "Categorical_any_public_transport_400m_dwellings_percent": "90\u2013100%", "Binned_high_quality_public_transport_800m_dwellings_percent": 0.2, "Categorical_high_quality_public_transport_800m_dwellings_percent": "20\u201330%", "area_km2": 8.3064}}, {"type": "Feature", "geometry": {"type": "Polygon", "coordinates": [[[145.2437, -37.8527], [145.2423, -37.8555], [145.2352, -37.869], [145.2187, -37.8635], [145.207, -37.8597], [145.202, -37.8594], [145.2004, -37.8591], [145.1998, -37.8598], [145.2011, -37.8606], [145.2011, -37.8615], [145.1997, -37.8616], [145.1989, -37.8635], [145.197, -37.864], [145.1957, -37.8652], [145.1947, -37.8654], [145.1951, -37.867], [145.1943, -37.869], [145.1932, -37.8705], [145.193, -37.8725], [145.1932, -37.8743], [145.1923, -37.8759], [145.1913, -37.8768], [145.1919, -37.8778], [145.1909, -37.879], [145.192, -37.8793], [145.1917, -37.8803], [145.1931, -37.8824], [145.1952, -37.8832], [145.1949, -37.8856], [145.1959, -37.8866], [145.1951, -37.8874], [145.1961, -37.8882], [145.1979, -37.8882], [145.2141, -37.8882], [145.2145, -37.889], [145.2162, -37.8886], [145.2286, -37.8886], [145.2286, -37.889], [145.233, -37.889], [145.2329, -37.8786], [145.2399, -37.8798], [145.2399, -37.8829], [145.2411, -37.8829], [145.2439, -37.8821], [145.2479, -37.8819], [145.2479, -37.8809], [145.2462, -37.8798], [145.2479, -37.8775], [145.2478, -37.8732], [145.2504, -37.8683], [145.253, -37.8633], [145.2515, -37.8605], [145.2538, -37.8561], [145.2437, -37.8527]]]}, "properties": {"SA2_CODE21": "211011260", "Area": "Wantirna South", "% dwellings within 400m of any bus service": 0.9755, "% dwellings with 800m of a high quality bus service": 0.195358, "dwellings_2025": 7124, "population_2025": 18369, "SEIFA_Score": 1048, "SEIFA_Decile": 8, "% dwellings within 400m of any public transport service": 0.9755, "% dwellings with 800m of a high quality public transport service": 0.195358, "Binned_any_bus_service_400m_dwellings_percent": 0.9, "Categorical_any_bus_service_400m_dwellings_percent": "90\u2013100%", "Binned_high_quality_bus_service_800m_dwellings_percent": 0.1, "Categorical_high_quality_bus_service_800m_dwellings_percent": "10\u201320%", "Binned_any_public_transport_400m_dwellings_percent": 0.9, "Categorical_any_public_transport_400m_dwellings_percent": "90\u2013100%", "Binned_high_quality_public_transport_800m_dwellings_percent": 0.1, "Categorical_high_quality_public_transport_800m_dwellings_percent": "10\u201320%", "area_km2": 13.3559}}, {"type": "Feature", "geometry": {"type": "Polygon", "coordinates": [[[145.2538, -37.8561], [145.2515, -37.8605], [145.253, -37.8633], [145.2504, -37.8683], [145.2543, -37.8694], [145.2559, -37.8694], [145.2577, -37.8685], [145.2586, -37.8687], [145.2614, -37.8692], [145.2626, -37.868], [145.2671, -37.8674], [145.2695, -37.8685], [145.2724, -37.8681], [145.2733, -37.8676], [145.2754, -37.868], [145.2764, -37.8686], [145.2777, -37.8684], [145.2801, -37.8696], [145.2811, -37.8709], [145.2823, -37.873], [145.2839, -37.8733], [145.2854, -37.8742], [145.2872, -37.8739], [145.29, -37.8742], [145.2908, -37.8732], [145.2893, -37.8715], [145.2926, -37.8695], [145.2932, -37.8681], [145.2986, -37.8699], [145.2986, -37.867], [145.3017, -37.8679], [145.3043, -37.8699], [145.3058, -37.8697], [145.3062, -37.8691], [145.3053, -37.8677], [145.3041, -37.8671], [145.3028, -37.8657], [145.3021, -37.8642], [145.3038, -37.8634], [145.3039, -37.8628], [145.3061, -37.8631], [145.3068, -37.8627], [145.3074, -37.8614], [145.299, -37.853], [145.2998, -37.8521], [145.303, -37.8508], [145.3048, -37.8504], [145.3065, -37.8496], [145.307, -37.85], [145.3158, -37.846], [145.3178, -37.8448], [145.318, -37.8439], [145.3087, -37.8427], [145.3089, -37.8417], [145.2935, -37.834], [145.2873, -37.8333], [145.2873, -37.8335], [145.2867, -37.8447], [145.2862, -37.8518], [145.2783, -37.8507], [145.2777, -37.8511], [145.2804, -37.8539], [145.2798, -37.8542], [145.2685, -37.8529], [145.2671, -37.8604], [145.2538, -37.8561]]]}, "properties": {"SA2_CODE21": "211011446", "Area": "Boronia", "% dwellings within 400m of any bus service": 0.957518, "% dwellings with 800m of a high quality bus service": 0, "dwellings_2025": 10610, "population_2025": 24718, "SEIFA_Score": 992, "SEIFA_Decile": 5, "% dwellings within 400m of any public transport service": 0.957518, "% dwellings with 800m of a high quality public transport service": 0.03915, "Binned_any_bus_service_400m_dwellings_percent": 0.9, "Categorical_any_bus_service_400m_dwellings_percent": "90\u2013100%", "Binned_high_quality_bus_service_800m_dwellings_percent": 0, "Categorical_high_quality_bus_service_800m_dwellings_percent": "0\u201310%", "Binned_any_public_transport_400m_dwellings_percent": 0.9, "Categorical_any_public_transport_400m_dwellings_percent": "90\u2013100%", "Binned_high_quality_public_transport_800m_dwellings_percent": 0, "Categorical_high_quality_public_transport_800m_dwellings_percent": "0\u201310%", "area_km2": 11.2631}}, {"type": "Feature", "geometry": {"type": "Polygon", "coordinates": [[[145.2577, -37.8764], [145.2588, -37.8767], [145.2771, -37.8827], [145.2807, -37.8837], [145.2823, -37.8845], [145.287, -37.8882], [145.2882, -37.8889], [145.2905, -37.8888], [145.2924, -37.889], [145.2958, -37.8886], [145.2968, -37.8888], [145.3006, -37.8905], [145.3011, -37.8899], [145.3035, -37.8911], [145.3042, -37.89], [145.3026, -37.8887], [145.3034, -37.8877], [145.3045, -37.888], [145.3036, -37.8854], [145.3048, -37.8854], [145.3049, -37.8845], [145.304, -37.8838], [145.305, -37.8824], [145.3041, -37.8816], [145.3062, -37.8812], [145.3051, -37.8803], [145.3058, -37.8781], [145.3062, -37.876], [145.3079, -37.8762], [145.3079, -37.8742], [145.3085, -37.8711], [145.3062, -37.8691], [145.3058, -37.8697], [145.3043, -37.8699], [145.3017, -37.8679], [145.2986, -37.867], [145.2986, -37.8699], [145.2932, -37.8681], [145.2926, -37.8695], [145.2893, -37.8715], [145.2908, -37.8732], [145.29, -37.8742], [145.2872, -37.8739], [145.2854, -37.8742], [145.2839, -37.8733], [145.2823, -37.873], [145.2811, -37.8709], [145.2801, -37.8696], [145.2777, -37.8684], [145.2764, -37.8686], [145.2754, -37.868], [145.2733, -37.8676], [145.2724, -37.8681], [145.2695, -37.8685], [145.2671, -37.8674], [145.2626, -37.868], [145.2614, -37.8692], [145.2586, -37.8687], [145.2565, -37.8728], [145.2591, -37.8736], [145.2577, -37.8764]]]}, "properties": {"SA2_CODE21": "211011447", "Area": "Ferntree Gully \u2013 North", "% dwellings within 400m of any bus service": 0.921013, "% dwellings with 800m of a high quality bus service": 0.041729, "dwellings_2025": 6180, "population_2025": 14484, "SEIFA_Score": 994, "SEIFA_Decile": 5, "% dwellings within 400m of any public transport service": 0.920268, "% dwellings with 800m of a high quality public transport service": 0.073025, "Binned_any_bus_service_400m_dwellings_percent": 0.9, "Categorical_any_bus_service_400m_dwellings_percent": "90\u2013100%", "Binned_high_quality_bus_service_800m_dwellings_percent": 0, "Categorical_high_quality_bus_service_800m_dwellings_percent": "0\u201310%", "Binned_any_public_transport_400m_dwellings_percent": 0.9, "Categorical_any_public_transport_400m_dwellings_percent": "90\u2013100%", "Binned_high_quality_public_transport_800m_dwellings_percent": 0, "Categorical_high_quality_public_transport_800m_dwellings_percent": "0\u201310%", "area_km2": 6.9851}}, {"type": "Feature", "geometry": {"type": "Polygon", "coordinates": [[[145.2632, -37.9022], [145.2654, -37.902], [145.2731, -37.9002], [145.2743, -37.9015], [145.2746, -37.8997], [145.2868, -37.9014], [145.2893, -37.9006], [145.295, -37.9003], [145.3038, -37.9046], [145.305, -37.9057], [145.3072, -37.9038], [145.3088, -37.9041], [145.3097, -37.9033], [145.3089, -37.9019], [145.3095, -37.8995], [145.3113, -37.9009], [145.3139, -37.9016], [145.3164, -37.9011], [145.3172, -37.9004], [145.3201, -37.9005], [145.3206, -37.8992], [145.3227, -37.8992], [145.3188, -37.8963], [145.3162, -37.8949], [145.3157, -37.894], [145.3161, -37.8925], [145.3117, -37.8927], [145.3119, -37.8913], [145.3106, -37.891], [145.3099, -37.8896], [145.3079, -37.8894], [145.308, -37.8887], [145.3045, -37.888], [145.3034, -37.8877], [145.3026, -37.8887], [145.3042, -37.89], [145.3035, -37.8911], [145.3011, -37.8899], [145.3006, -37.8905], [145.2968, -37.8888], [145.2958, -37.8886], [145.2924, -37.889], [145.2905, -37.8888], [145.2882, -37.8889], [145.287, -37.8882], [145.2823, -37.8845], [145.2807, -37.8837], [145.2771, -37.8827], [145.2588, -37.8767], [145.2577, -37.8764], [145.2576, -37.8773], [145.2576, -37.8916], [145.2585, -37.8914], [145.2601, -37.9003], [145.263, -37.9003], [145.2632, -37.9022]]]}, "properties": {"SA2_CODE21": "211011448", "Area": "Ferntree Gully (South) \u2013 Upper Ferntree Gully", "% dwellings within 400m of any bus service": 0.862629, "% dwellings with 800m of a high quality bus service": 0.006647, "dwellings_2025": 6028, "population_2025": 15679, "SEIFA_Score": 1016, "SEIFA_Decile": 6, "% dwellings within 400m of any public transport service": 0.862629, "% dwellings with 800m of a high quality public transport service": 0.018464, "Binned_any_bus_service_400m_dwellings_percent": 0.8, "Categorical_any_bus_service_400m_dwellings_percent": "80\u201390%", "Binned_high_quality_bus_service_800m_dwellings_percent": 0, "Categorical_high_quality_bus_service_800m_dwellings_percent": "0\u201310%", "Binned_any_public_transport_400m_dwellings_percent": 0.8, "Categorical_any_public_transport_400m_dwellings_percent": "80\u201390%", "Binned_high_quality_public_transport_800m_dwellings_percent": 0, "Categorical_high_quality_public_transport_800m_dwellings_percent": "0\u201310%", "area_km2": 9.1499}}, {"type": "Feature", "geometry": {"type": "Polygon", "coordinates": [[[145.3061, -37.8631], [145.3061, -37.8635], [145.3136, -37.8645], [145.3135, -37.8633], [145.3169, -37.8628], [145.317, -37.8644], [145.3188, -37.8656], [145.3213, -37.8654], [145.3266, -37.866], [145.3295, -37.8632], [145.3318, -37.8628], [145.3344, -37.8618], [145.336, -37.8631], [145.3361, -37.8607], [145.3355, -37.8593], [145.3342, -37.8583], [145.3345, -37.8577], [145.3366, -37.8562], [145.3381, -37.8568], [145.3405, -37.8571], [145.3395, -37.8585], [145.3405, -37.8592], [145.3411, -37.861], [145.3431, -37.8615], [145.3449, -37.8606], [145.3458, -37.8592], [145.3476, -37.8594], [145.3476, -37.8586], [145.3452, -37.8572], [145.3431, -37.8565], [145.3435, -37.8558], [145.3412, -37.8538], [145.3378, -37.8532], [145.3385, -37.8523], [145.3362, -37.851], [145.3352, -37.8514], [145.3321, -37.851], [145.3328, -37.8474], [145.326, -37.8466], [145.3231, -37.8462], [145.3202, -37.8449], [145.3178, -37.8448], [145.3158, -37.846], [145.307, -37.85], [145.3065, -37.8496], [145.3048, -37.8504], [145.303, -37.8508], [145.2998, -37.8521], [145.299, -37.853], [145.3074, -37.8614], [145.3068, -37.8627], [145.3061, -37.8631]]]}, "properties": {"SA2_CODE21": "211011449", "Area": "The Basin", "% dwellings within 400m of any bus service": 0.822857, "% dwellings with 800m of a high quality bus service": 0, "dwellings_2025": 1654, "population_2025": 4390, "SEIFA_Score": 1025, "SEIFA_Decile": 7, "% dwellings within 400m of any public transport service": 0.822857, "% dwellings with 800m of a high quality public transport service": 0, "Binned_any_bus_service_400m_dwellings_percent": 0.8, "Categorical_any_bus_service_400m_dwellings_percent": "80\u201390%", "Binned_high_quality_bus_service_800m_dwellings_percent": 0, "Categorical_high_quality_bus_service_800m_dwellings_percent": "0\u201310%", "Binned_any_public_transport_400m_dwellings_percent": 0.8, "Categorical_any_public_transport_400m_dwellings_percent": "80\u201390%", "Binned_high_quality_public_transport_800m_dwellings_percent": 0, "Categorical_high_quality_public_transport_800m_dwellings_percent": "0\u201310%", "area_km2": 5.7163}}, {"type": "Feature", "geometry": {"type": "Polygon", "coordinates": [[[145.1712, -37.7861], [145.1707, -37.7893], [145.1721, -37.7894], [145.173, -37.7903], [145.1725, -37.7918], [145.1708, -37.7917], [145.1687, -37.8023], [145.1678, -37.8025], [145.1696, -37.803], [145.1725, -37.8032], [145.1737, -37.804], [145.1763, -37.8038], [145.1814, -37.8038], [145.1846, -37.8027], [145.1849, -37.8013], [145.1874, -37.8026], [145.1889, -37.8036], [145.1903, -37.8055], [145.2054, -37.8056], [145.2062, -37.8072], [145.2071, -37.8063], [145.2087, -37.8088], [145.2105, -37.8083], [145.2118, -37.8096], [145.2135, -37.8118], [145.2138, -37.8107], [145.2172, -37.7909], [145.2182, -37.791], [145.2203, -37.7926], [145.2221, -37.7923], [145.2227, -37.7889], [145.2264, -37.789], [145.236, -37.7901], [145.2378, -37.7792], [145.2387, -37.7754], [145.2377, -37.7746], [145.2349, -37.7746], [145.2319, -37.7735], [145.2303, -37.7738], [145.2295, -37.7721], [145.2304, -37.7694], [145.2298, -37.767], [145.2307, -37.7651], [145.2319, -37.7637], [145.2213, -37.7625], [145.2216, -37.7615], [145.2192, -37.761], [145.2193, -37.7596], [145.2163, -37.7598], [145.2159, -37.7622], [145.2044, -37.7608], [145.2042, -37.7611], [145.2027, -37.7687], [145.2024, -37.769], [145.2018, -37.7725], [145.1989, -37.7717], [145.1966, -37.7731], [145.1953, -37.7724], [145.1921, -37.7717], [145.1921, -37.7704], [145.1913, -37.7703], [145.1898, -37.7659], [145.1849, -37.7653], [145.1841, -37.7654], [145.1822, -37.7654], [145.1839, -37.7701], [145.1832, -37.7743], [145.1764, -37.7737], [145.1761, -37.7755], [145.1776, -37.7756], [145.1774, -37.7765], [145.1759, -37.7764], [145.1752, -37.7812], [145.1745, -37.7818], [145.1742, -37.7836], [145.1747, -37.7841], [145.1743, -37.7864], [145.1712, -37.7861]]]}, "properties": {"SA2_CODE21": "211021261", "Area": "Donvale \u2013 Park Orchards", "% dwellings within 400m of any bus service": 0.822581, "% dwellings with 800m of a high quality bus service": 0.178955, "dwellings_2025": 6072, "population_2025": 16689, "SEIFA_Score": 1098, "SEIFA_Decile": 9, "% dwellings within 400m of any public transport service": 0.822581, "% dwellings with 800m of a high quality public transport service": 0.178955, "Binned_any_bus_service_400m_dwellings_percent": 0.8, "Categorical_any_bus_service_400m_dwellings_percent": "80\u201390%", "Binned_high_quality_bus_service_800m_dwellings_percent": 0.1, "Categorical_high_quality_bus_service_800m_dwellings_percent": "10\u201320%", "Binned_any_public_transport_400m_dwellings_percent": 0.8, "Categorical_any_public_transport_400m_dwellings_percent": "80\u201390%", "Binned_high_quality_public_transport_800m_dwellings_percent": 0.1, "Categorical_high_quality_public_transport_800m_dwellings_percent": "10\u201320%", "area_km2": 20.8028}}, {"type": "Feature", "geometry": {"type": "Polygon", "coordinates": [[[145.1755, -37.75], [145.1769, -37.7501], [145.1773, -37.751], [145.1797, -37.7517], [145.1804, -37.7515], [145.181, -37.7532], [145.1819, -37.7545], [145.1803, -37.7563], [145.1827, -37.7577], [145.1828, -37.7586], [145.1815, -37.7619], [145.1828, -37.763], [145.1826, -37.7643], [145.1841, -37.7654], [145.1849, -37.7653], [145.1898, -37.7659], [145.1913, -37.7703], [145.1921, -37.7704], [145.1921, -37.7717], [145.1953, -37.7724], [145.1966, -37.7731], [145.1989, -37.7717], [145.2018, -37.7725], [145.2024, -37.769], [145.2027, -37.7687], [145.2042, -37.7611], [145.2044, -37.7608], [145.2159, -37.7622], [145.2163, -37.7598], [145.2193, -37.7596], [145.2192, -37.761], [145.2216, -37.7615], [145.2213, -37.7625], [145.2319, -37.7637], [145.2307, -37.7651], [145.2298, -37.767], [145.2304, -37.7694], [145.2295, -37.7721], [145.2303, -37.7738], [145.2319, -37.7735], [145.2349, -37.7746], [145.2377, -37.7746], [145.2387, -37.7754], [145.2406, -37.7647], [145.2499, -37.7657], [145.2538, -37.7663], [145.255, -37.7656], [145.2571, -37.765], [145.2608, -37.7656], [145.2623, -37.7664], [145.2654, -37.7669], [145.2675, -37.7665], [145.2693, -37.7655], [145.2702, -37.7646], [145.2717, -37.7638], [145.2719, -37.7631], [145.2782, -37.7618], [145.2964, -37.7634], [145.297, -37.7603], [145.2917, -37.7598], [145.2933, -37.7585], [145.2938, -37.7556], [145.2923, -37.7554], [145.296, -37.7493], [145.2938, -37.7473], [145.2901, -37.7468], [145.289, -37.7403], [145.2877, -37.738], [145.2869, -37.7353], [145.2907, -37.7317], [145.29, -37.7316], [145.2885, -37.7297], [145.2916, -37.7283], [145.2926, -37.7273], [145.2939, -37.7229], [145.2924, -37.7192], [145.2936, -37.7122], [145.2914, -37.7115], [145.2918, -37.7108], [145.2933, -37.7098], [145.2924, -37.7087], [145.2907, -37.7097], [145.2891, -37.709], [145.2911, -37.7074], [145.2923, -37.7024], [145.2906, -37.703], [145.287, -37.7032], [145.2859, -37.7038], [145.2843, -37.7057], [145.2841, -37.7069], [145.2827, -37.7086], [145.283, -37.7097], [145.285, -37.7117], [145.2852, -37.7144], [145.287, -37.7148], [145.2862, -37.7165], [145.2837, -37.7188], [145.2828, -37.7183], [145.2831, -37.7159], [145.2826, -37.7147], [145.2813, -37.7138], [145.2786, -37.7132], [145.2772, -37.7136], [145.2772, -37.7154], [145.2727, -37.716], [145.2724, -37.7154], [145.2739, -37.7136], [145.2757, -37.7104], [145.2746, -37.7092], [145.2732, -37.7089], [145.2727, -37.7079], [145.2731, -37.7052], [145.2722, -37.7038], [145.2691, -37.7034], [145.2675, -37.7035], [145.2672, -37.7045], [145.2679, -37.7057], [145.2693, -37.705], [145.2704, -37.7055], [145.2685, -37.7073], [145.2659, -37.7083], [145.2641, -37.7073], [145.2631, -37.708], [145.2606, -37.7079], [145.2594, -37.7093], [145.2579, -37.7101], [145.2549, -37.71], [145.2547, -37.7108], [145.2564, -37.712], [145.2563, -37.7137], [145.2552, -37.7148], [145.2539, -37.7171], [145.2508, -37.7179], [145.2496, -37.7186], [145.2497, -37.7196], [145.2487, -37.7207], [145.2465, -37.7205], [145.2444, -37.7195], [145.243, -37.7193], [145.243, -37.7209], [145.2437, -37.723], [145.2427, -37.7252], [145.2409, -37.725], [145.2397, -37.7232], [145.2377, -37.7207], [145.2365, -37.7199], [145.2355, -37.7203], [145.2347, -37.7214], [145.2361, -37.7232], [145.2362, -37.7254], [145.2368, -37.7271], [145.2402, -37.7272], [145.2417, -37.7276], [145.2423, -37.7283], [145.2418, -37.73], [145.2403, -37.7314], [145.2404, -37.732], [145.2425, -37.733], [145.2432, -37.7352], [145.2416, -37.7361], [145.2391, -37.7346], [145.2386, -37.7334], [145.2364, -37.7316], [145.2338, -37.7314], [145.2285, -37.7317], [145.227, -37.7331], [145.2276, -37.7345], [145.2289, -37.7367], [145.2305, -37.7377], [145.2299, -37.7387], [145.2258, -37.7362], [145.224, -37.7363], [145.2202, -37.7361], [145.2187, -37.7368], [145.2166, -37.7387], [145.2141, -37.7394], [145.2126, -37.7394], [145.2096, -37.7407], [145.207, -37.7415], [145.2045, -37.7415], [145.2018, -37.7397], [145.2014, -37.7388], [145.2025, -37.7375], [145.2041, -37.7371], [145.2063, -37.7372], [145.2083, -37.7369], [145.2114, -37.7357], [145.2149, -37.734], [145.2154, -37.7326], [145.2149, -37.7312], [145.2138, -37.7304], [145.212, -37.7296], [145.2097, -37.7297], [145.2072, -37.731], [145.2053, -37.7311], [145.2035, -37.7305], [145.2016, -37.7303], [145.1999, -37.7316], [145.1986, -37.7334], [145.1981, -37.7355], [145.1987, -37.7385], [145.1987, -37.7403], [145.1977, -37.7413], [145.1961, -37.7408], [145.192, -37.7383], [145.1921, -37.7365], [145.1918, -37.7351], [145.1944, -37.7327], [145.1938, -37.7318], [145.1928, -37.7316], [145.1908, -37.7322], [145.1892, -37.7319], [145.1882, -37.7304], [145.1865, -37.7304], [145.1846, -37.7308], [145.1824, -37.7298], [145.1813, -37.7298], [145.1807, -37.7317], [145.1785, -37.7336], [145.1788, -37.7352], [145.1797, -37.7367], [145.1798, -37.7375], [145.1777, -37.7384], [145.1755, -37.75]]]}, "properties": {"SA2_CODE21": "211021262", "Area": "Warrandyte \u2013 Wonga Park", "% dwellings within 400m of any bus service": 0.673152, "% dwellings with 800m of a high quality bus service": 0.220493, "dwellings_2025": 3474, "population_2025": 10251, "SEIFA_Score": 1106, "SEIFA_Decile": 9, "% dwellings within 400m of any public transport service": 0.673152, "% dwellings with 800m of a high quality public transport service": 0.220493, "Binned_any_bus_service_400m_dwellings_percent": 0.6, "Categorical_any_bus_service_400m_dwellings_percent": "60\u201370%", "Binned_high_quality_bus_service_800m_dwellings_percent": 0.2, "Categorical_high_quality_bus_service_800m_dwellings_percent": "20\u201330%", "Binned_any_public_transport_400m_dwellings_percent": 0.6, "Categorical_any_public_transport_400m_dwellings_percent": "60\u201370%", "Binned_high_quality_public_transport_800m_dwellings_percent": 0.2, "Categorical_high_quality_public_transport_800m_dwellings_percent": "20\u201330%", "area_km2": 45.7591}}, {"type": "Feature", "geometry": {"type": "Polygon", "coordinates": [[[145.2873, -37.8335], [145.2873, -37.8333], [145.2935, -37.834], [145.3089, -37.8417], [145.3087, -37.8427], [145.318, -37.8439], [145.3187, -37.8403], [145.3187, -37.8317], [145.3168, -37.8181], [145.3043, -37.8215], [145.3055, -37.8149], [145.3017, -37.8144], [145.3015, -37.8152], [145.2923, -37.8194], [145.288, -37.8189], [145.2823, -37.8208], [145.2783, -37.8218], [145.2785, -37.8193], [145.2691, -37.8182], [145.2683, -37.8183], [145.2685, -37.8165], [145.267, -37.8176], [145.2653, -37.8208], [145.2648, -37.8225], [145.2648, -37.8253], [145.2642, -37.8271], [145.2642, -37.8287], [145.2647, -37.8291], [145.2629, -37.831], [145.2622, -37.8326], [145.2596, -37.8326], [145.2596, -37.8344], [145.2585, -37.8343], [145.2585, -37.8366], [145.2615, -37.836], [145.2629, -37.8364], [145.2675, -37.837], [145.27, -37.8359], [145.2716, -37.8363], [145.2744, -37.8357], [145.278, -37.8359], [145.2793, -37.8355], [145.2807, -37.8332], [145.2815, -37.833], [145.2859, -37.8337], [145.2873, -37.8335]]]}, "properties": {"SA2_CODE21": "211031263", "Area": "Bayswater North", "% dwellings within 400m of any bus service": 0.892358, "% dwellings with 800m of a high quality bus service": 0.050945, "dwellings_2025": 4735, "population_2025": 12101, "SEIFA_Score": 1001, "SEIFA_Decile": 6, "% dwellings within 400m of any public transport service": 0.892358, "% dwellings with 800m of a high quality public transport service": 0.050945, "Binned_any_bus_service_400m_dwellings_percent": 0.8, "Categorical_any_bus_service_400m_dwellings_percent": "80\u201390%", "Binned_high_quality_bus_service_800m_dwellings_percent": 0, "Categorical_high_quality_bus_service_800m_dwellings_percent": "0\u201310%", "Binned_any_public_transport_400m_dwellings_percent": 0.8, "Categorical_any_public_transport_400m_dwellings_percent": "80\u201390%", "Binned_high_quality_public_transport_800m_dwellings_percent": 0, "Categorical_high_quality_public_transport_800m_dwellings_percent": "0\u201310%", "area_km2": 9.909}}, {"type": "Feature", "geometry": {"type": "Polygon", "coordinates": [[[145.2378, -37.7792], [145.2492, -37.7806], [145.2562, -37.7813], [145.2564, -37.7815], [145.2644, -37.7824], [145.2741, -37.7836], [145.2777, -37.7857], [145.2794, -37.784], [145.2828, -37.7834], [145.2916, -37.7795], [145.292, -37.7788], [145.2934, -37.7725], [145.2958, -37.7701], [145.2972, -37.7693], [145.3003, -37.7674], [145.2998, -37.7668], [145.2959, -37.7664], [145.2964, -37.7634], [145.2782, -37.7618], [145.2719, -37.7631], [145.2717, -37.7638], [145.2702, -37.7646], [145.2693, -37.7655], [145.2675, -37.7665], [145.2654, -37.7669], [145.2623, -37.7664], [145.2608, -37.7656], [145.2571, -37.765], [145.255, -37.7656], [145.2538, -37.7663], [145.2499, -37.7657], [145.2406, -37.7647], [145.2387, -37.7754], [145.2378, -37.7792]]]}, "properties": {"SA2_CODE21": "211031265", "Area": "Croydon Hills \u2013 Warranwood", "% dwellings within 400m of any bus service": 0.860294, "% dwellings with 800m of a high quality bus service": 0.158088, "dwellings_2025": 6561, "population_2025": 18338, "SEIFA_Score": 1075, "SEIFA_Decile": 9, "% dwellings within 400m of any public transport service": 0.860294, "% dwellings with 800m of a high quality public transport service": 0.158088, "Binned_any_bus_service_400m_dwellings_percent": 0.8, "Categorical_any_bus_service_400m_dwellings_percent": "80\u201390%", "Binned_high_quality_bus_service_800m_dwellings_percent": 0.1, "Categorical_high_quality_bus_service_800m_dwellings_percent": "10\u201320%", "Binned_any_public_transport_400m_dwellings_percent": 0.8, "Categorical_any_public_transport_400m_dwellings_percent": "80\u201390%", "Binned_high_quality_public_transport_800m_dwellings_percent": 0.1, "Categorical_high_quality_public_transport_800m_dwellings_percent": "10\u201320%", "area_km2": 9.492}}, {"type": "Feature", "geometry": {"type": "Polygon", "coordinates": [[[145.2303, -37.8397], [145.2303, -37.8365], [145.2289, -37.8365], [145.2289, -37.8329], [145.2274, -37.8329], [145.2272, -37.8313], [145.2273, -37.8264], [145.2373, -37.8264], [145.2374, -37.8229], [145.241, -37.823], [145.2412, -37.8143], [145.2361, -37.8138], [145.2351, -37.8127], [145.2388, -37.81], [145.2402, -37.8088], [145.2506, -37.8004], [145.2559, -37.7965], [145.2571, -37.7957], [145.256, -37.7923], [145.2574, -37.7907], [145.2577, -37.7887], [145.259, -37.7869], [145.2617, -37.785], [145.264, -37.7847], [145.2644, -37.7824], [145.2564, -37.7815], [145.2562, -37.7813], [145.2492, -37.7806], [145.2475, -37.7901], [145.2419, -37.7945], [145.2382, -37.7966], [145.2323, -37.8026], [145.2301, -37.8047], [145.2207, -37.8076], [145.2163, -37.8102], [145.2138, -37.8107], [145.2135, -37.8118], [145.2134, -37.8122], [145.2134, -37.8309], [145.2134, -37.8324], [145.2167, -37.8324], [145.2166, -37.8382], [145.2228, -37.8379], [145.2264, -37.8392], [145.2303, -37.8397]]]}, "properties": {"SA2_CODE21": "211031266", "Area": "Ringwood", "% dwellings within 400m of any bus service": 0.979107, "% dwellings with 800m of a high quality bus service": 0.449193, "dwellings_2025": 9394, "population_2025": 20716, "SEIFA_Score": 1022, "SEIFA_Decile": 7, "% dwellings within 400m of any public transport service": 0.979107, "% dwellings with 800m of a high quality public transport service": 0.452517, "Binned_any_bus_service_400m_dwellings_percent": 0.9, "Categorical_any_bus_service_400m_dwellings_percent": "90\u2013100%", "Binned_high_quality_bus_service_800m_dwellings_percent": 0.4, "Categorical_high_quality_bus_service_800m_dwellings_percent": "40\u201350%", "Binned_any_public_transport_400m_dwellings_percent": 0.9, "Categorical_any_public_transport_400m_dwellings_percent": "90\u2013100%", "Binned_high_quality_public_transport_800m_dwellings_percent": 0.4, "Categorical_high_quality_public_transport_800m_dwellings_percent": "40\u201350%", "area_km2": 9.9105}}, {"type": "Feature", "geometry": {"type": "Polygon", "coordinates": [[[145.2585, -37.8366], [145.2585, -37.8343], [145.2596, -37.8344], [145.2596, -37.8326], [145.2622, -37.8326], [145.2629, -37.831], [145.2647, -37.8291], [145.2642, -37.8287], [145.2642, -37.8271], [145.2648, -37.8253], [145.2648, -37.8225], [145.2653, -37.8208], [145.267, -37.8176], [145.266, -37.8169], [145.2651, -37.8173], [145.2615, -37.8169], [145.2614, -37.8148], [145.2584, -37.8144], [145.2583, -37.8097], [145.2596, -37.8093], [145.264, -37.8078], [145.262, -37.8039], [145.2626, -37.8035], [145.2612, -37.8019], [145.2606, -37.8008], [145.2559, -37.7965], [145.2506, -37.8004], [145.2402, -37.8088], [145.2388, -37.81], [145.2351, -37.8127], [145.2361, -37.8138], [145.2412, -37.8143], [145.241, -37.823], [145.2374, -37.8229], [145.2373, -37.8264], [145.2273, -37.8264], [145.2272, -37.8313], [145.2274, -37.8329], [145.2289, -37.8329], [145.2289, -37.8365], [145.2303, -37.8365], [145.2303, -37.8397], [145.2318, -37.84], [145.2332, -37.8395], [145.237, -37.8396], [145.2383, -37.8387], [145.241, -37.8387], [145.245, -37.8384], [145.2461, -37.8378], [145.2505, -37.8377], [145.2557, -37.8361], [145.257, -37.8359], [145.2585, -37.8366]]]}, "properties": {"SA2_CODE21": "211031267", "Area": "Ringwood East", "% dwellings within 400m of any bus service": 0.877694, "% dwellings with 800m of a high quality bus service": 0.094828, "dwellings_2025": 8818, "population_2025": 21925, "SEIFA_Score": 1048, "SEIFA_Decile": 8, "% dwellings within 400m of any public transport service": 0.87931, "% dwellings with 800m of a high quality public transport service": 0.144935, "Binned_any_bus_service_400m_dwellings_percent": 0.8, "Categorical_any_bus_service_400m_dwellings_percent": "80\u201390%", "Binned_high_quality_bus_service_800m_dwellings_percent": 0, "Categorical_high_quality_bus_service_800m_dwellings_percent": "0\u201310%", "Binned_any_public_transport_400m_dwellings_percent": 0.8, "Categorical_any_public_transport_400m_dwellings_percent": "80\u201390%", "Binned_high_quality_public_transport_800m_dwellings_percent": 0.1, "Categorical_high_quality_public_transport_800m_dwellings_percent": "10\u201320%", "area_km2": 9.3929}}, {"type": "Feature", "geometry": {"type": "Polygon", "coordinates": [[[145.2138, -37.8107], [145.2163, -37.8102], [145.2207, -37.8076], [145.2301, -37.8047], [145.2323, -37.8026], [145.2382, -37.7966], [145.2419, -37.7945], [145.2475, -37.7901], [145.2492, -37.7806], [145.2378, -37.7792], [145.236, -37.7901], [145.2264, -37.789], [145.2227, -37.7889], [145.2221, -37.7923], [145.2203, -37.7926], [145.2182, -37.791], [145.2172, -37.7909], [145.2138, -37.8107]]]}, "properties": {"SA2_CODE21": "211031268", "Area": "Ringwood North", "% dwellings within 400m of any bus service": 0.962466, "% dwellings with 800m of a high quality bus service": 0.260054, "dwellings_2025": 3604, "population_2025": 9844, "SEIFA_Score": 1085, "SEIFA_Decile": 9, "% dwellings within 400m of any public transport service": 0.962466, "% dwellings with 800m of a high quality public transport service": 0.260054, "Binned_any_bus_service_400m_dwellings_percent": 0.9, "Categorical_any_bus_service_400m_dwellings_percent": "90\u2013100%", "Binned_high_quality_bus_service_800m_dwellings_percent": 0.2, "Categorical_high_quality_bus_service_800m_dwellings_percent": "20\u201330%", "Binned_any_public_transport_400m_dwellings_percent": 0.9, "Categorical_any_public_transport_400m_dwellings_percent": "90\u2013100%", "Binned_high_quality_public_transport_800m_dwellings_percent": 0.2, "Categorical_high_quality_public_transport_800m_dwellings_percent": "20\u201330%", "area_km2": 4.7307}}, {"type": "Feature", "geometry": {"type": "Polygon", "coordinates": [[[145.2596, -37.8093], [145.2693, -37.8105], [145.2731, -37.8115], [145.2881, -37.8134], [145.2882, -37.812], [145.2973, -37.8132], [145.2975, -37.8122], [145.3058, -37.8133], [145.3088, -37.7978], [145.3091, -37.7954], [145.3088, -37.794], [145.3079, -37.7939], [145.307, -37.7925], [145.3077, -37.7918], [145.3073, -37.7908], [145.3086, -37.7896], [145.3057, -37.7892], [145.3063, -37.7856], [145.3053, -37.7843], [145.3055, -37.7831], [145.3026, -37.7834], [145.2924, -37.787], [145.2897, -37.7884], [145.2878, -37.7908], [145.2865, -37.792], [145.2808, -37.7953], [145.2769, -37.7975], [145.2749, -37.7991], [145.2717, -37.8034], [145.2673, -37.8066], [145.264, -37.8078], [145.2596, -37.8093]]]}, "properties": {"SA2_CODE21": "211031450", "Area": "Croydon \u2013 East", "% dwellings within 400m of any bus service": 0.918139, "% dwellings with 800m of a high quality bus service": 0.021201, "dwellings_2025": 7598, "population_2025": 17019, "SEIFA_Score": 991, "SEIFA_Decile": 5, "% dwellings within 400m of any public transport service": 0.918139, "% dwellings with 800m of a high quality public transport service": 0.034158, "Binned_any_bus_service_400m_dwellings_percent": 0.9, "Categorical_any_bus_service_400m_dwellings_percent": "90\u2013100%", "Binned_high_quality_bus_service_800m_dwellings_percent": 0, "Categorical_high_quality_bus_service_800m_dwellings_percent": "0\u201310%", "Binned_any_public_transport_400m_dwellings_percent": 0.9, "Categorical_any_public_transport_400m_dwellings_percent": "90\u2013100%", "Binned_high_quality_public_transport_800m_dwellings_percent": 0, "Categorical_high_quality_public_transport_800m_dwellings_percent": "0\u201310%", "area_km2": 8.0982}}, {"type": "Feature", "geometry": {"type": "Polygon", "coordinates": [[[145.2644, -37.7824], [145.264, -37.7847], [145.2617, -37.785], [145.259, -37.7869], [145.2577, -37.7887], [145.2574, -37.7907], [145.256, -37.7923], [145.2571, -37.7957], [145.2559, -37.7965], [145.2606, -37.8008], [145.2612, -37.8019], [145.2626, -37.8035], [145.262, -37.8039], [145.264, -37.8078], [145.2673, -37.8066], [145.2717, -37.8034], [145.2749, -37.7991], [145.2769, -37.7975], [145.2808, -37.7953], [145.2865, -37.792], [145.2878, -37.7908], [145.2897, -37.7884], [145.2924, -37.787], [145.3026, -37.7834], [145.3055, -37.7831], [145.3071, -37.7833], [145.3063, -37.7818], [145.306, -37.7798], [145.3064, -37.7789], [145.3079, -37.778], [145.3071, -37.7766], [145.3059, -37.7765], [145.3046, -37.7757], [145.3035, -37.7757], [145.3022, -37.7744], [145.3006, -37.7734], [145.3001, -37.7724], [145.2982, -37.7708], [145.2973, -37.7703], [145.2972, -37.7693], [145.2958, -37.7701], [145.2934, -37.7725], [145.292, -37.7788], [145.2916, -37.7795], [145.2828, -37.7834], [145.2794, -37.784], [145.2777, -37.7857], [145.2741, -37.7836], [145.2644, -37.7824]]]}, "properties": {"SA2_CODE21": "211031451", "Area": "Croydon \u2013 West", "% dwellings within 400m of any bus service": 0.92083, "% dwellings with 800m of a high quality bus service": 0.32744, "dwellings_2025": 6208, "population_2025": 14693, "SEIFA_Score": 1025, "SEIFA_Decile": 7, "% dwellings within 400m of any public transport service": 0.92083, "% dwellings with 800m of a high quality public transport service": 0.334358, "Binned_any_bus_service_400m_dwellings_percent": 0.9, "Categorical_any_bus_service_400m_dwellings_percent": "90\u2013100%", "Binned_high_quality_bus_service_800m_dwellings_percent": 0.3, "Categorical_high_quality_bus_service_800m_dwellings_percent": "30\u201340%", "Binned_any_public_transport_400m_dwellings_percent": 0.9, "Categorical_any_public_transport_400m_dwellings_percent": "90\u2013100%", "Binned_high_quality_public_transport_800m_dwellings_percent": 0.3, "Categorical_high_quality_public_transport_800m_dwellings_percent": "30\u201340%", "area_km2": 6.7979}}, {"type": "Feature", "geometry": {"type": "Polygon", "coordinates": [[[145.3055, -37.8149], [145.3058, -37.8133], [145.2975, -37.8122], [145.2973, -37.8132], [145.2882, -37.812], [145.2881, -37.8134], [145.2731, -37.8115], [145.2693, -37.8105], [145.2596, -37.8093], [145.2583, -37.8097], [145.2584, -37.8144], [145.2614, -37.8148], [145.2615, -37.8169], [145.2651, -37.8173], [145.266, -37.8169], [145.267, -37.8176], [145.2685, -37.8165], [145.2683, -37.8183], [145.2691, -37.8182], [145.2785, -37.8193], [145.2783, -37.8218], [145.2823, -37.8208], [145.288, -37.8189], [145.2923, -37.8194], [145.3015, -37.8152], [145.3017, -37.8144], [145.3055, -37.8149]]]}, "properties": {"SA2_CODE21": "211031452", "Area": "Croydon South", "% dwellings within 400m of any bus service": 0.759494, "% dwellings with 800m of a high quality bus service": 0, "dwellings_2025": 2019, "population_2025": 5096, "SEIFA_Score": 1026, "SEIFA_Decile": 7, "% dwellings within 400m of any public transport service": 0.759494, "% dwellings with 800m of a high quality public transport service": 0, "Binned_any_bus_service_400m_dwellings_percent": 0.7, "Categorical_any_bus_service_400m_dwellings_percent": "70\u201380%", "Binned_high_quality_bus_service_800m_dwellings_percent": 0, "Categorical_high_quality_bus_service_800m_dwellings_percent": "0\u201310%", "Binned_any_public_transport_400m_dwellings_percent": 0.7, "Categorical_any_public_transport_400m_dwellings_percent": "70\u201380%", "Binned_high_quality_public_transport_800m_dwellings_percent": 0, "Categorical_high_quality_public_transport_800m_dwellings_percent": "0\u201310%", "area_km2": 2.856}}, {"type": "Feature", "geometry": {"type": "Polygon", "coordinates": [[[145.1601, -37.8333], [145.1595, -37.8368], [145.1596, -37.8387], [145.1588, -37.8428], [145.1598, -37.8445], [145.1572, -37.8443], [145.1569, -37.8458], [145.1644, -37.8468], [145.163, -37.8541], [145.1693, -37.8548], [145.1704, -37.8485], [145.1708, -37.8453], [145.1788, -37.8454], [145.1823, -37.8458], [145.1839, -37.8378], [145.1849, -37.8379], [145.1852, -37.8363], [145.1843, -37.8356], [145.1843, -37.8322], [145.1838, -37.8312], [145.1801, -37.8313], [145.1788, -37.8309], [145.1788, -37.829], [145.1768, -37.8309], [145.1736, -37.8306], [145.1738, -37.8294], [145.1691, -37.8288], [145.1678, -37.8279], [145.1672, -37.8307], [145.166, -37.8305], [145.1654, -37.8339], [145.1601, -37.8333]]]}, "properties": {"SA2_CODE21": "211041269", "Area": "Forest Hill", "% dwellings within 400m of any bus service": 0.966926, "% dwellings with 800m of a high quality bus service": 0.216926, "dwellings_2025": 4815, "population_2025": 11411, "SEIFA_Score": 1036, "SEIFA_Decile": 7, "% dwellings within 400m of any public transport service": 0.966926, "% dwellings with 800m of a high quality public transport service": 0.216926, "Binned_any_bus_service_400m_dwellings_percent": 0.9, "Categorical_any_bus_service_400m_dwellings_percent": "90\u2013100%", "Binned_high_quality_bus_service_800m_dwellings_percent": 0.2, "Categorical_high_quality_bus_service_800m_dwellings_percent": "20\u201330%", "Binned_any_public_transport_400m_dwellings_percent": 0.9, "Categorical_any_public_transport_400m_dwellings_percent": "90\u2013100%", "Binned_high_quality_public_transport_800m_dwellings_percent": 0.2, "Categorical_high_quality_public_transport_800m_dwellings_percent": "20\u201330%", "area_km2": 4.0702}}, {"type": "Feature", "geometry": {"type": "Polygon", "coordinates": [[[145.1874, -37.8026], [145.1868, -37.8031], [145.1862, -37.8059], [145.1851, -37.8064], [145.1845, -37.8095], [145.1862, -37.8174], [145.1855, -37.8192], [145.1855, -37.8264], [145.1859, -37.8279], [145.1877, -37.8278], [145.1888, -37.8309], [145.1911, -37.8305], [145.193, -37.8306], [145.199, -37.8305], [145.2005, -37.8309], [145.2029, -37.8305], [145.2088, -37.8306], [145.2088, -37.8303], [145.2122, -37.8303], [145.2134, -37.8309], [145.2134, -37.8122], [145.2135, -37.8118], [145.2118, -37.8096], [145.2105, -37.8083], [145.2087, -37.8088], [145.2071, -37.8063], [145.2062, -37.8072], [145.2054, -37.8056], [145.1903, -37.8055], [145.1889, -37.8036], [145.1874, -37.8026]]]}, "properties": {"SA2_CODE21": "211041270", "Area": "Mitcham", "% dwellings within 400m of any bus service": 0.986597, "% dwellings with 800m of a high quality bus service": 0.298951, "dwellings_2025": 7213, "population_2025": 17411, "SEIFA_Score": 1075, "SEIFA_Decile": 9, "% dwellings within 400m of any public transport service": 0.985431, "% dwellings with 800m of a high quality public transport service": 0.314685, "Binned_any_bus_service_400m_dwellings_percent": 0.9, "Categorical_any_bus_service_400m_dwellings_percent": "90\u2013100%", "Binned_high_quality_bus_service_800m_dwellings_percent": 0.2, "Categorical_high_quality_bus_service_800m_dwellings_percent": "20\u201330%", "Binned_any_public_transport_400m_dwellings_percent": 0.9, "Categorical_any_public_transport_400m_dwellings_percent": "90\u2013100%", "Binned_high_quality_public_transport_800m_dwellings_percent": 0.3, "Categorical_high_quality_public_transport_800m_dwellings_percent": "30\u201340%", "area_km2": 6.6271}}, {"type": "Feature", "geometry": {"type": "Polygon", "coordinates": [[[145.1678, -37.8279], [145.1691, -37.8288], [145.1738, -37.8294], [145.1736, -37.8306], [145.1768, -37.8309], [145.1788, -37.829], [145.1788, -37.8309], [145.1801, -37.8313], [145.1838, -37.8312], [145.1843, -37.8322], [145.1854, -37.8314], [145.1891, -37.8318], [145.1888, -37.8309], [145.1877, -37.8278], [145.1859, -37.8279], [145.1855, -37.8264], [145.1855, -37.8192], [145.1862, -37.8174], [145.1845, -37.8095], [145.1851, -37.8064], [145.1862, -37.8059], [145.1868, -37.8031], [145.1874, -37.8026], [145.1849, -37.8013], [145.1846, -37.8027], [145.1814, -37.8038], [145.1763, -37.8038], [145.1737, -37.804], [145.1725, -37.8032], [145.1696, -37.803], [145.169, -37.8061], [145.1681, -37.806], [145.1675, -37.8097], [145.1669, -37.8108], [145.1661, -37.8156], [145.1667, -37.8157], [145.1663, -37.8182], [145.1646, -37.8181], [145.1639, -37.8217], [145.1659, -37.8219], [145.1654, -37.8242], [145.1668, -37.8246], [145.1663, -37.8277], [145.1678, -37.8279]]]}, "properties": {"SA2_CODE21": "211041271", "Area": "Nunawading", "% dwellings within 400m of any bus service": 0.997634, "% dwellings with 800m of a high quality bus service": 0.538644, "dwellings_2025": 5348, "population_2025": 13234, "SEIFA_Score": 1059, "SEIFA_Decile": 8, "% dwellings within 400m of any public transport service": 0.997634, "% dwellings with 800m of a high quality public transport service": 0.538644, "Binned_any_bus_service_400m_dwellings_percent": 0.9, "Categorical_any_bus_service_400m_dwellings_percent": "90\u2013100%", "Binned_high_quality_bus_service_800m_dwellings_percent": 0.5, "Categorical_high_quality_bus_service_800m_dwellings_percent": "50\u201360%", "Binned_any_public_transport_400m_dwellings_percent": 0.9, "Categorical_any_public_transport_400m_dwellings_percent": "90\u2013100%", "Binned_high_quality_public_transport_800m_dwellings_percent": 0.5, "Categorical_high_quality_public_transport_800m_dwellings_percent": "50\u201360%", "area_km2": 5.0785}}, {"type": "Feature", "geometry": {"type": "Polygon", "coordinates": [[[145.2166, -37.8382], [145.2167, -37.8324], [145.2134, -37.8324], [145.2134, -37.8309], [145.2122, -37.8303], [145.2088, -37.8303], [145.2088, -37.8306], [145.2029, -37.8305], [145.2005, -37.8309], [145.199, -37.8305], [145.193, -37.8306], [145.1911, -37.8305], [145.1888, -37.8309], [145.1891, -37.8318], [145.1854, -37.8314], [145.1843, -37.8322], [145.1843, -37.8356], [145.1852, -37.8363], [145.1849, -37.8379], [145.1839, -37.8378], [145.1823, -37.8458], [145.1864, -37.8463], [145.1892, -37.8463], [145.1991, -37.8458], [145.1989, -37.8465], [145.2026, -37.8464], [145.2054, -37.8466], [145.2073, -37.8463], [145.21, -37.8472], [145.2101, -37.846], [145.212, -37.8435], [145.2125, -37.8421], [145.2146, -37.8394], [145.2166, -37.8382]]]}, "properties": {"SA2_CODE21": "211041272", "Area": "Vermont", "% dwellings within 400m of any bus service": 0.990196, "% dwellings with 800m of a high quality bus service": 0, "dwellings_2025": 4166, "population_2025": 11233, "SEIFA_Score": 1071, "SEIFA_Decile": 8, "% dwellings within 400m of any public transport service": 0.990196, "% dwellings with 800m of a high quality public transport service": 0, "Binned_any_bus_service_400m_dwellings_percent": 0.9, "Categorical_any_bus_service_400m_dwellings_percent": "90\u2013100%", "Binned_high_quality_bus_service_800m_dwellings_percent": 0, "Categorical_high_quality_bus_service_800m_dwellings_percent": "0\u201310%", "Binned_any_public_transport_400m_dwellings_percent": 0.9, "Categorical_any_public_transport_400m_dwellings_percent": "90\u2013100%", "Binned_high_quality_public_transport_800m_dwellings_percent": 0, "Categorical_high_quality_public_transport_800m_dwellings_percent": "0\u201310%", "area_km2": 4.6098}}, {"type": "Feature", "geometry": {"type": "Polygon", "coordinates": [[[145.1692, -37.862], [145.1957, -37.8652], [145.197, -37.864], [145.1989, -37.8635], [145.1997, -37.8616], [145.2011, -37.8615], [145.2011, -37.8606], [145.1998, -37.8598], [145.2004, -37.8591], [145.2024, -37.8584], [145.2036, -37.857], [145.2048, -37.8573], [145.2068, -37.8555], [145.2067, -37.8529], [145.208, -37.8527], [145.2095, -37.8514], [145.2103, -37.8489], [145.21, -37.8472], [145.2073, -37.8463], [145.2054, -37.8466], [145.2026, -37.8464], [145.1989, -37.8465], [145.1991, -37.8458], [145.1892, -37.8463], [145.1864, -37.8463], [145.1823, -37.8458], [145.1788, -37.8454], [145.1708, -37.8453], [145.1704, -37.8485], [145.1693, -37.8548], [145.1689, -37.8606], [145.1692, -37.862]]]}, "properties": {"SA2_CODE21": "211041273", "Area": "Vermont South", "% dwellings within 400m of any bus service": 0.923319, "% dwellings with 800m of a high quality bus service": 0.209034, "dwellings_2025": 4576, "population_2025": 12299, "SEIFA_Score": 1073, "SEIFA_Decile": 8, "% dwellings within 400m of any public transport service": 0.928571, "% dwellings with 800m of a high quality public transport service": 0.279412, "Binned_any_bus_service_400m_dwellings_percent": 0.9, "Categorical_any_bus_service_400m_dwellings_percent": "90\u2013100%", "Binned_high_quality_bus_service_800m_dwellings_percent": 0.2, "Categorical_high_quality_bus_service_800m_dwellings_percent": "20\u201330%", "Binned_any_public_transport_400m_dwellings_percent": 0.9, "Categorical_any_public_transport_400m_dwellings_percent": "90\u2013100%", "Binned_high_quality_public_transport_800m_dwellings_percent": 0.2, "Categorical_high_quality_public_transport_800m_dwellings_percent": "20\u201330%", "area_km2": 6.184}}, {"type": "Feature", "geometry": {"type": "Polygon", "coordinates": [[[145.2932, -37.9649], [145.317, -37.9678], [145.3178, -37.9668], [145.3189, -37.9664], [145.358, -37.9713], [145.3668, -37.9735], [145.3792, -37.975], [145.3798, -37.9738], [145.3826, -37.9749], [145.3833, -37.9739], [145.3841, -37.9708], [145.3878, -37.9713], [145.388, -37.971], [145.3875, -37.96], [145.3881, -37.9573], [145.3823, -37.9559], [145.3844, -37.9544], [145.3851, -37.9528], [145.3852, -37.9516], [145.3839, -37.9493], [145.3822, -37.9412], [145.3827, -37.9397], [145.3837, -37.9381], [145.3866, -37.937], [145.3886, -37.937], [145.3905, -37.9376], [145.3938, -37.9396], [145.3968, -37.9403], [145.3993, -37.9401], [145.4022, -37.9389], [145.4036, -37.938], [145.4065, -37.9351], [145.4104, -37.9335], [145.4125, -37.9335], [145.4118, -37.9316], [145.4091, -37.9292], [145.4113, -37.9277], [145.416, -37.9283], [145.4171, -37.9229], [145.4192, -37.9251], [145.4196, -37.9263], [145.4229, -37.9192], [145.4176, -37.9176], [145.4172, -37.9164], [145.4117, -37.9169], [145.4087, -37.9163], [145.4075, -37.9164], [145.4081, -37.9141], [145.4078, -37.912], [145.4082, -37.911], [145.4081, -37.909], [145.4062, -37.9068], [145.4043, -37.9058], [145.4034, -37.9068], [145.4022, -37.9065], [145.4017, -37.9048], [145.4, -37.904], [145.398, -37.9035], [145.3952, -37.9049], [145.395, -37.9059], [145.3954, -37.9105], [145.3938, -37.9084], [145.3934, -37.9071], [145.3913, -37.9058], [145.3913, -37.9047], [145.3939, -37.9037], [145.3958, -37.9033], [145.3968, -37.9012], [145.3932, -37.9025], [145.39, -37.9026], [145.387, -37.9032], [145.3864, -37.9044], [145.3866, -37.9067], [145.384, -37.9078], [145.3813, -37.9078], [145.377, -37.9064], [145.3731, -37.9078], [145.3705, -37.9071], [145.3688, -37.9084], [145.3646, -37.9087], [145.3651, -37.9064], [145.3632, -37.9061], [145.3622, -37.9046], [145.3634, -37.9012], [145.3522, -37.8988], [145.3513, -37.8986], [145.3518, -37.902], [145.3494, -37.9014], [145.3487, -37.9035], [145.3499, -37.9037], [145.3485, -37.9076], [145.3476, -37.9074], [145.3473, -37.9089], [145.3465, -37.909], [145.3452, -37.9102], [145.3434, -37.9107], [145.3427, -37.9121], [145.3438, -37.9128], [145.34, -37.9172], [145.3387, -37.9173], [145.3378, -37.9199], [145.3351, -37.9205], [145.3342, -37.9199], [145.3338, -37.9186], [145.3318, -37.9192], [145.328, -37.9191], [145.3279, -37.9186], [145.324, -37.9192], [145.3249, -37.92], [145.325, -37.9213], [145.3223, -37.9229], [145.3224, -37.9244], [145.3193, -37.924], [145.3158, -37.9248], [145.3144, -37.9317], [145.3114, -37.9317], [145.3081, -37.9312], [145.3053, -37.9314], [145.3039, -37.9334], [145.2999, -37.9314], [145.2932, -37.9649]]]}, "properties": {"SA2_CODE21": "211051274", "Area": "Belgrave \u2013 Selby", "% dwellings within 400m of any bus service": 0.719128, "% dwellings with 800m of a high quality bus service": 0, "dwellings_2025": 3747, "population_2025": 10061, "SEIFA_Score": 1057, "SEIFA_Decile": 8, "% dwellings within 400m of any public transport service": 0.719128, "% dwellings with 800m of a high quality public transport service": 0.044794, "Binned_any_bus_service_400m_dwellings_percent": 0.7, "Categorical_any_bus_service_400m_dwellings_percent": "70\u201380%", "Binned_high_quality_bus_service_800m_dwellings_percent": 0, "Categorical_high_quality_bus_service_800m_dwellings_percent": "0\u201310%", "Binned_any_public_transport_400m_dwellings_percent": 0.7, "Categorical_any_public_transport_400m_dwellings_percent": "70\u201380%", "Binned_high_quality_public_transport_800m_dwellings_percent": 0, "Categorical_high_quality_public_transport_800m_dwellings_percent": "0\u201310%", "area_km2": 55.652}}, {"type": "Feature", "geometry": {"type": "Polygon", "coordinates": [[[145.2936, -37.7122], [145.2924, -37.7192], [145.2939, -37.7229], [145.2926, -37.7273], [145.2916, -37.7283], [145.2885, -37.7297], [145.29, -37.7316], [145.2907, -37.7317], [145.2869, -37.7353], [145.2877, -37.738], [145.289, -37.7403], [145.2901, -37.7468], [145.2938, -37.7473], [145.296, -37.7493], [145.2923, -37.7554], [145.2938, -37.7556], [145.2933, -37.7585], [145.2917, -37.7598], [145.297, -37.7603], [145.2964, -37.7634], [145.2959, -37.7664], [145.2998, -37.7668], [145.3003, -37.7674], [145.2972, -37.7693], [145.2973, -37.7703], [145.2982, -37.7708], [145.3042, -37.7716], [145.3049, -37.7682], [145.3083, -37.7686], [145.3089, -37.7649], [145.3148, -37.7656], [145.3161, -37.7584], [145.3185, -37.759], [145.3221, -37.7591], [145.3253, -37.7595], [145.3294, -37.7606], [145.3343, -37.7611], [145.337, -37.7478], [145.3389, -37.7369], [145.34, -37.7314], [145.3427, -37.7167], [145.3419, -37.7165], [145.3123, -37.7139], [145.3124, -37.7156], [145.3106, -37.7162], [145.308, -37.7163], [145.3041, -37.716], [145.3023, -37.7166], [145.3016, -37.7147], [145.3002, -37.7133], [145.2991, -37.7128], [145.2961, -37.7139], [145.2957, -37.7128], [145.2936, -37.7122]]]}, "properties": {"SA2_CODE21": "211051275", "Area": "Chirnside Park", "% dwellings within 400m of any bus service": 0.724371, "% dwellings with 800m of a high quality bus service": 0.078337, "dwellings_2025": 4657, "population_2025": 12617, "SEIFA_Score": 1037, "SEIFA_Decile": 7, "% dwellings within 400m of any public transport service": 0.724371, "% dwellings with 800m of a high quality public transport service": 0.078337, "Binned_any_bus_service_400m_dwellings_percent": 0.7, "Categorical_any_bus_service_400m_dwellings_percent": "70\u201380%", "Binned_high_quality_bus_service_800m_dwellings_percent": 0, "Categorical_high_quality_bus_service_800m_dwellings_percent": "0\u201310%", "Binned_any_public_transport_400m_dwellings_percent": 0.7, "Categorical_any_public_transport_400m_dwellings_percent": "70\u201380%", "Binned_high_quality_public_transport_800m_dwellings_percent": 0, "Categorical_high_quality_public_transport_800m_dwellings_percent": "0\u201310%", "area_km2": 22.2024}}, {"type": "Feature", "geometry": {"type": "Polygon", "coordinates": [[[145.3664, -37.5451], [145.366, -37.5517], [145.3644, -37.5628], [145.3618, -37.5741], [145.3558, -37.5996], [145.355, -37.6007], [145.3548, -37.6025], [145.3566, -37.6055], [145.3563, -37.6065], [145.3567, -37.6087], [145.3553, -37.6118], [145.3564, -37.6134], [145.3526, -37.6152], [145.3542, -37.6163], [145.3556, -37.6167], [145.3578, -37.6187], [145.3561, -37.6225], [145.3583, -37.6252], [145.3584, -37.6275], [145.3559, -37.6301], [145.3546, -37.6345], [145.3532, -37.6399], [145.3539, -37.6439], [145.3525, -37.6453], [145.3512, -37.646], [145.3478, -37.6487], [145.3472, -37.6499], [145.3472, -37.6515], [145.3463, -37.6523], [145.3465, -37.6544], [145.3458, -37.6557], [145.3439, -37.656], [145.3409, -37.6594], [145.339, -37.6601], [145.3387, -37.6613], [145.3355, -37.6624], [145.3344, -37.6643], [145.3326, -37.6706], [145.3304, -37.6719], [145.3308, -37.6738], [145.3315, -37.6747], [145.3313, -37.6761], [145.3325, -37.677], [145.3319, -37.6777], [145.3324, -37.68], [145.3356, -37.6821], [145.337, -37.6828], [145.3369, -37.6804], [145.3374, -37.6778], [145.3393, -37.6758], [145.3412, -37.6766], [145.3435, -37.6735], [145.3457, -37.6737], [145.3456, -37.675], [145.3474, -37.6759], [145.3475, -37.6772], [145.349, -37.6768], [145.3478, -37.6787], [145.3499, -37.679], [145.3507, -37.6799], [145.3505, -37.6811], [145.3521, -37.6824], [145.3529, -37.6811], [145.3521, -37.6805], [145.3529, -37.6797], [145.3528, -37.6762], [145.3541, -37.6758], [145.3537, -37.675], [145.3549, -37.673], [145.3565, -37.673], [145.3565, -37.6718], [145.3589, -37.6709], [145.3604, -37.672], [145.3608, -37.6728], [145.3624, -37.6742], [145.3636, -37.6741], [145.362, -37.6714], [145.3623, -37.6706], [145.3636, -37.6699], [145.3652, -37.6703], [145.3654, -37.6683], [145.3668, -37.6685], [145.3686, -37.6674], [145.3689, -37.6684], [145.3707, -37.6675], [145.3708, -37.6663], [145.3715, -37.6654], [145.3707, -37.6648], [145.3721, -37.6642], [145.374, -37.6622], [145.3751, -37.6619], [145.3756, -37.661], [145.377, -37.6602], [145.378, -37.6607], [145.3788, -37.6598], [145.3798, -37.6604], [145.3816, -37.6606], [145.3821, -37.6627], [145.3837, -37.6617], [145.3851, -37.662], [145.3864, -37.6635], [145.3859, -37.6647], [145.3871, -37.6653], [145.3878, -37.6645], [145.3901, -37.6651], [145.3896, -37.6669], [145.3916, -37.6661], [145.3923, -37.6672], [145.3934, -37.6667], [145.3964, -37.6682], [145.3977, -37.6683], [145.3995, -37.6698], [145.3996, -37.6712], [145.4013, -37.6728], [145.3994, -37.6728], [145.4012, -37.6758], [145.4028, -37.6742], [145.404, -37.6749], [145.4052, -37.6744], [145.4064, -37.6758], [145.4072, -37.6747], [145.4065, -37.6741], [145.4073, -37.6708], [145.4082, -37.6682], [145.4094, -37.6683], [145.4092, -37.667], [145.4114, -37.6674], [145.4132, -37.6654], [145.4141, -37.6659], [145.4163, -37.6649], [145.4187, -37.6646], [145.4191, -37.6636], [145.4216, -37.6639], [145.4204, -37.6622], [145.422, -37.6616], [145.4216, -37.6598], [145.4201, -37.6584], [145.4204, -37.6578], [145.4219, -37.6577], [145.4231, -37.6582], [145.4249, -37.6581], [145.4261, -37.6588], [145.4254, -37.6602], [145.4278, -37.6614], [145.4308, -37.6636], [145.4297, -37.6645], [145.4313, -37.6662], [145.43, -37.6666], [145.4304, -37.6676], [145.4324, -37.6687], [145.4359, -37.6693], [145.4369, -37.6688], [145.4384, -37.6694], [145.437, -37.6703], [145.4369, -37.6716], [145.4411, -37.6729], [145.442, -37.674], [145.4438, -37.6731], [145.4449, -37.6732], [145.4462, -37.6743], [145.4492, -37.6728], [145.451, -37.6722], [145.4558, -37.6712], [145.4578, -37.6715], [145.4583, -37.6725], [145.4607, -37.6738], [145.4632, -37.674], [145.4644, -37.6753], [145.4657, -37.6759], [145.4674, -37.676], [145.4686, -37.6756], [145.4686, -37.6741], [145.469, -37.6729], [145.4698, -37.6726], [145.4718, -37.6728], [145.472, -37.6721], [145.4701, -37.672], [145.4719, -37.6708], [145.4723, -37.6691], [145.4727, -37.6654], [145.4731, -37.6647], [145.4748, -37.6639], [145.4755, -37.664], [145.4779, -37.6667], [145.4788, -37.6669], [145.4798, -37.6645], [145.4837, -37.6636], [145.4851, -37.6657], [145.4863, -37.6658], [145.4876, -37.6652], [145.4868, -37.6682], [145.4878, -37.6684], [145.4886, -37.6697], [145.4897, -37.6704], [145.4906, -37.6722], [145.4921, -37.6721], [145.4927, -37.6732], [145.4917, -37.6737], [145.4889, -37.6739], [145.4888, -37.6749], [145.4911, -37.6758], [145.491, -37.6764], [145.4892, -37.6774], [145.4903, -37.6784], [145.4896, -37.6794], [145.4902, -37.6807], [145.4926, -37.6816], [145.4935, -37.6829], [145.492, -37.6836], [145.4933, -37.6849], [145.4931, -37.6856], [145.4943, -37.6869], [145.4952, -37.6872], [145.4953, -37.6855], [145.4963, -37.6854], [145.4965, -37.687], [145.4945, -37.6882], [145.4958, -37.6886], [145.4946, -37.6903], [145.495, -37.6909], [145.4965, -37.6906], [145.4961, -37.6923], [145.4964, -37.6953], [145.4979, -37.6957], [145.4984, -37.695], [145.5013, -37.6959], [145.5019, -37.6987], [145.5029, -37.6983], [145.5042, -37.6987], [145.5032, -37.701], [145.5046, -37.7017], [145.5046, -37.7024], [145.5054, -37.7046], [145.5069, -37.7032], [145.5091, -37.7037], [145.5092, -37.7048], [145.5074, -37.7066], [145.5085, -37.7076], [145.5071, -37.7087], [145.5077, -37.7101], [145.5062, -37.7125], [145.5064, -37.7135], [145.5053, -37.715], [145.505, -37.7162], [145.5033, -37.7175], [145.5015, -37.7198], [145.5022, -37.7207], [145.5007, -37.722], [145.5007, -37.7241], [145.4997, -37.7256], [145.498, -37.7296], [145.4982, -37.7306], [145.5, -37.7322], [145.502, -37.7331], [145.504, -37.7353], [145.5058, -37.735], [145.5077, -37.7357], [145.5076, -37.7372], [145.5091, -37.7383], [145.5125, -37.737], [145.5133, -37.7383], [145.515, -37.7398], [145.5171, -37.74], [145.5209, -37.7369], [145.5299, -37.7383], [145.5327, -37.7354], [145.535, -37.7356], [145.5412, -37.7363], [145.541, -37.7375], [145.5514, -37.7387], [145.5651, -37.739], [145.5753, -37.7402], [145.5757, -37.7381], [145.5773, -37.7383], [145.5784, -37.7322], [145.5733, -37.7316], [145.5748, -37.7237], [145.5796, -37.7243], [145.582, -37.7115], [145.5732, -37.7104], [145.5738, -37.7076], [145.5756, -37.7052], [145.5721, -37.7013], [145.5738, -37.7001], [145.5735, -37.6997], [145.575, -37.6986], [145.5763, -37.6964], [145.5778, -37.6949], [145.5791, -37.6947], [145.5812, -37.6959], [145.5822, -37.6962], [145.5838, -37.6867], [145.5868, -37.6869], [145.588, -37.6771], [145.6335, -37.6496], [145.6753, -37.6245], [145.6759, -37.6242], [145.6741, -37.6225], [145.6723, -37.6222], [145.6702, -37.6226], [145.6673, -37.6221], [145.6658, -37.6204], [145.6625, -37.6183], [145.6591, -37.6175], [145.6591, -37.6152], [145.6581, -37.6121], [145.6576, -37.611], [145.6561, -37.6106], [145.6547, -37.6091], [145.655, -37.6064], [145.6543, -37.6044], [145.6538, -37.6017], [145.6498, -37.5984], [145.6481, -37.5962], [145.6469, -37.594], [145.6446, -37.5931], [145.6407, -37.5892], [145.6388, -37.589], [145.6376, -37.5883], [145.6326, -37.5876], [145.6299, -37.5856], [145.6273, -37.5808], [145.6256, -37.5801], [145.6208, -37.5771], [145.618, -37.5723], [145.6149, -37.571], [145.6138, -37.5716], [145.6124, -37.5741], [145.6093, -37.5752], [145.607, -37.5756], [145.6052, -37.5755], [145.6025, -37.5759], [145.6022, -37.5749], [145.6022, -37.5725], [145.6025, -37.5716], [145.6022, -37.57], [145.6025, -37.5687], [145.6019, -37.5673], [145.5999, -37.5661], [145.5936, -37.5659], [145.5923, -37.5676], [145.5893, -37.5669], [145.5877, -37.5669], [145.5861, -37.5673], [145.5825, -37.5697], [145.5817, -37.5712], [145.58, -37.5712], [145.578, -37.572], [145.5765, -37.5757], [145.575, -37.5768], [145.5735, -37.5792], [145.5732, -37.5817], [145.5736, -37.5827], [145.5732, -37.5863], [145.5726, -37.5868], [145.5691, -37.5879], [145.5665, -37.5889], [145.5646, -37.5911], [145.5641, -37.5924], [145.5629, -37.5932], [145.5613, -37.5927], [145.5586, -37.5908], [145.557, -37.5881], [145.5537, -37.5838], [145.5526, -37.5812], [145.5496, -37.5782], [145.5471, -37.5743], [145.5451, -37.5741], [145.5413, -37.5725], [145.5392, -37.5705], [145.5376, -37.5666], [145.5372, -37.5644], [145.5375, -37.5626], [145.5349, -37.5614], [145.5341, -37.5602], [145.5335, -37.5583], [145.532, -37.558], [145.5301, -37.5568], [145.5283, -37.5566], [145.5281, -37.5581], [145.5265, -37.5612], [145.5262, -37.5628], [145.5251, -37.5635], [145.5231, -37.5613], [145.5204, -37.5609], [145.5187, -37.5612], [145.5112, -37.557], [145.508, -37.5559], [145.5025, -37.5559], [145.5037, -37.5567], [145.5065, -37.5601], [145.5072, -37.5617], [145.5087, -37.5636], [145.5013, -37.5635], [145.4968, -37.5636], [145.4968, -37.5602], [145.482, -37.5601], [145.482, -37.5547], [145.4742, -37.5546], [145.4734, -37.5581], [145.4699, -37.5577], [145.4678, -37.5498], [145.4455, -37.5467], [145.4426, -37.5465], [145.4378, -37.5459], [145.4405, -37.5334], [145.4327, -37.5308], [145.4299, -37.5323], [145.426, -37.535], [145.4254, -37.5338], [145.4214, -37.5332], [145.4185, -37.5315], [145.4192, -37.5293], [145.4187, -37.5265], [145.4176, -37.5262], [145.4133, -37.526], [145.4108, -37.5264], [145.405, -37.5265], [145.4035, -37.5271], [145.4028, -37.528], [145.4025, -37.531], [145.4024, -37.5363], [145.4012, -37.5375], [145.3972, -37.5384], [145.3939, -37.5409], [145.3927, -37.5409], [145.3895, -37.5397], [145.3886, -37.541], [145.3878, -37.5412], [145.3876, -37.5424], [145.3865, -37.5434], [145.3846, -37.5429], [145.3835, -37.542], [145.3823, -37.5421], [145.3817, -37.5428], [145.3799, -37.5429], [145.3758, -37.5405], [145.3684, -37.5453], [145.3664, -37.5451]]]}, "properties": {"SA2_CODE21": "211051276", "Area": "Healesville \u2013 Yarra Glen", "% dwellings within 400m of any bus service": 0.64079, "% dwellings with 800m of a high quality bus service": 0.033874, "dwellings_2025": 6166, "population_2025": 14649, "SEIFA_Score": 993, "SEIFA_Decile": 5, "% dwellings within 400m of any public transport service": 0.64079, "% dwellings with 800m of a high quality public transport service": 0.033874, "Binned_any_bus_service_400m_dwellings_percent": 0.6, "Categorical_any_bus_service_400m_dwellings_percent": "60\u201370%", "Binned_high_quality_bus_service_800m_dwellings_percent": 0, "Categorical_high_quality_bus_service_800m_dwellings_percent": "0\u201310%", "Binned_any_public_transport_400m_dwellings_percent": 0.6, "Categorical_any_public_transport_400m_dwellings_percent": "60\u201370%", "Binned_high_quality_public_transport_800m_dwellings_percent": 0, "Categorical_high_quality_public_transport_800m_dwellings_percent": "0\u201310%", "area_km2": 369.5236}}, {"type": "Feature", "geometry": {"type": "Polygon", "coordinates": [[[145.3178, -37.8448], [145.3202, -37.8449], [145.3231, -37.8462], [145.326, -37.8466], [145.3337, -37.8315], [145.3299, -37.8313], [145.3288, -37.8287], [145.3275, -37.8284], [145.3278, -37.8276], [145.3261, -37.8269], [145.327, -37.8244], [145.3266, -37.8232], [145.3229, -37.8149], [145.3288, -37.811], [145.3283, -37.8099], [145.3306, -37.8093], [145.3318, -37.8084], [145.3329, -37.8062], [145.3339, -37.8063], [145.3393, -37.805], [145.3399, -37.8027], [145.3391, -37.8014], [145.3288, -37.8002], [145.3229, -37.795], [145.3203, -37.7947], [145.3143, -37.7917], [145.3135, -37.7959], [145.3105, -37.7956], [145.3109, -37.7938], [145.3088, -37.794], [145.3091, -37.7954], [145.3088, -37.7978], [145.3058, -37.8133], [145.3055, -37.8149], [145.3043, -37.8215], [145.3168, -37.8181], [145.3187, -37.8317], [145.3187, -37.8403], [145.318, -37.8439], [145.3178, -37.8448]]]}, "properties": {"SA2_CODE21": "211051277", "Area": "Kilsyth", "% dwellings within 400m of any bus service": 0.940284, "% dwellings with 800m of a high quality bus service": 0, "dwellings_2025": 4491, "population_2025": 10697, "SEIFA_Score": 985, "SEIFA_Decile": 5, "% dwellings within 400m of any public transport service": 0.940284, "% dwellings with 800m of a high quality public transport service": 0, "Binned_any_bus_service_400m_dwellings_percent": 0.9, "Categorical_any_bus_service_400m_dwellings_percent": "90\u2013100%", "Binned_high_quality_bus_service_800m_dwellings_percent": 0, "Categorical_high_quality_bus_service_800m_dwellings_percent": "0\u201310%", "Binned_any_public_transport_400m_dwellings_percent": 0.9, "Categorical_any_public_transport_400m_dwellings_percent": "90\u2013100%", "Binned_high_quality_public_transport_800m_dwellings_percent": 0, "Categorical_high_quality_public_transport_800m_dwellings_percent": "0\u201310%", "area_km2": 8.2426}}, {"type": "Feature", "geometry": {"type": "Polygon", "coordinates": [[[145.3123, -37.7139], [145.3419, -37.7165], [145.3427, -37.7167], [145.34, -37.7314], [145.3389, -37.7369], [145.337, -37.7478], [145.3343, -37.7611], [145.3324, -37.7712], [145.3316, -37.7749], [145.3444, -37.7764], [145.3436, -37.7808], [145.3458, -37.7811], [145.3451, -37.7847], [145.3473, -37.785], [145.3497, -37.7847], [145.3535, -37.7864], [145.3535, -37.787], [145.3537, -37.7919], [145.3532, -37.7942], [145.3557, -37.7946], [145.357, -37.7953], [145.3587, -37.7968], [145.3594, -37.7969], [145.3599, -37.796], [145.3609, -37.7918], [145.3621, -37.7849], [145.3631, -37.7819], [145.3641, -37.7797], [145.3631, -37.7735], [145.3642, -37.774], [145.366, -37.7724], [145.3678, -37.7731], [145.3696, -37.7723], [145.3706, -37.7729], [145.3721, -37.7731], [145.375, -37.7726], [145.3772, -37.7743], [145.378, -37.7728], [145.3768, -37.7707], [145.3748, -37.7701], [145.3759, -37.7676], [145.375, -37.766], [145.375, -37.7641], [145.4023, -37.7669], [145.408, -37.7675], [145.4117, -37.7478], [145.4162, -37.7487], [145.4277, -37.7488], [145.4271, -37.7464], [145.428, -37.7454], [145.4278, -37.7445], [145.4293, -37.7436], [145.4289, -37.7426], [145.4298, -37.7419], [145.4302, -37.7405], [145.4298, -37.7384], [145.4301, -37.7367], [145.4309, -37.7362], [145.4303, -37.7348], [145.4275, -37.7341], [145.4274, -37.7331], [145.4289, -37.731], [145.4291, -37.7293], [145.4269, -37.7277], [145.4269, -37.726], [145.428, -37.7247], [145.4282, -37.7233], [145.4275, -37.7223], [145.4276, -37.7209], [145.4261, -37.7165], [145.4244, -37.7137], [145.4234, -37.7129], [145.4214, -37.7109], [145.4196, -37.7111], [145.4186, -37.7105], [145.421, -37.6979], [145.421, -37.697], [145.477, -37.6969], [145.477, -37.6904], [145.4946, -37.6903], [145.4958, -37.6886], [145.4945, -37.6882], [145.4965, -37.687], [145.4963, -37.6854], [145.4953, -37.6855], [145.4952, -37.6872], [145.4943, -37.6869], [145.4931, -37.6856], [145.4933, -37.6849], [145.492, -37.6836], [145.4935, -37.6829], [145.4926, -37.6816], [145.4902, -37.6807], [145.4896, -37.6794], [145.4903, -37.6784], [145.4892, -37.6774], [145.491, -37.6764], [145.4911, -37.6758], [145.4888, -37.6749], [145.4889, -37.6739], [145.4917, -37.6737], [145.4927, -37.6732], [145.4921, -37.6721], [145.4906, -37.6722], [145.4897, -37.6704], [145.4886, -37.6697], [145.4878, -37.6684], [145.4868, -37.6682], [145.4876, -37.6652], [145.4863, -37.6658], [145.4851, -37.6657], [145.4837, -37.6636], [145.4798, -37.6645], [145.4788, -37.6669], [145.4779, -37.6667], [145.4755, -37.664], [145.4748, -37.6639], [145.4731, -37.6647], [145.4727, -37.6654], [145.4723, -37.6691], [145.4719, -37.6708], [145.4701, -37.672], [145.472, -37.6721], [145.4718, -37.6728], [145.4698, -37.6726], [145.469, -37.6729], [145.4686, -37.6741], [145.4686, -37.6756], [145.4674, -37.676], [145.4657, -37.6759], [145.4644, -37.6753], [145.4632, -37.674], [145.4607, -37.6738], [145.4583, -37.6725], [145.4578, -37.6715], [145.4558, -37.6712], [145.451, -37.6722], [145.4492, -37.6728], [145.4462, -37.6743], [145.4449, -37.6732], [145.4438, -37.6731], [145.442, -37.674], [145.4411, -37.6729], [145.4369, -37.6716], [145.437, -37.6703], [145.4384, -37.6694], [145.4369, -37.6688], [145.4359, -37.6693], [145.4324, -37.6687], [145.4304, -37.6676], [145.43, -37.6666], [145.4313, -37.6662], [145.4297, -37.6645], [145.4308, -37.6636], [145.4278, -37.6614], [145.4254, -37.6602], [145.4261, -37.6588], [145.4249, -37.6581], [145.4231, -37.6582], [145.4219, -37.6577], [145.4204, -37.6578], [145.4201, -37.6584], [145.4216, -37.6598], [145.422, -37.6616], [145.4204, -37.6622], [145.4216, -37.6639], [145.4191, -37.6636], [145.4187, -37.6646], [145.4163, -37.6649], [145.4141, -37.6659], [145.4132, -37.6654], [145.4114, -37.6674], [145.4092, -37.667], [145.4094, -37.6683], [145.4082, -37.6682], [145.4073, -37.6708], [145.4065, -37.6741], [145.4072, -37.6747], [145.4064, -37.6758], [145.4052, -37.6744], [145.404, -37.6749], [145.4028, -37.6742], [145.4012, -37.6758], [145.3994, -37.6728], [145.4013, -37.6728], [145.3996, -37.6712], [145.3995, -37.6698], [145.3977, -37.6683], [145.3964, -37.6682], [145.3934, -37.6667], [145.3923, -37.6672], [145.3916, -37.6661], [145.3896, -37.6669], [145.3901, -37.6651], [145.3878, -37.6645], [145.3871, -37.6653], [145.3859, -37.6647], [145.3864, -37.6635], [145.3851, -37.662], [145.3837, -37.6617], [145.3821, -37.6627], [145.3816, -37.6606], [145.3798, -37.6604], [145.3788, -37.6598], [145.378, -37.6607], [145.377, -37.6602], [145.3756, -37.661], [145.3751, -37.6619], [145.374, -37.6622], [145.3721, -37.6642], [145.3707, -37.6648], [145.3715, -37.6654], [145.3708, -37.6663], [145.3707, -37.6675], [145.3689, -37.6684], [145.3686, -37.6674], [145.3668, -37.6685], [145.3654, -37.6683], [145.3652, -37.6703], [145.3636, -37.6699], [145.3623, -37.6706], [145.362, -37.6714], [145.3636, -37.6741], [145.3624, -37.6742], [145.3608, -37.6728], [145.3604, -37.672], [145.3589, -37.6709], [145.3565, -37.6718], [145.3565, -37.673], [145.3549, -37.673], [145.3537, -37.675], [145.3541, -37.6758], [145.3528, -37.6762], [145.3529, -37.6797], [145.3521, -37.6805], [145.3529, -37.6811], [145.3521, -37.6824], [145.3505, -37.6811], [145.3507, -37.6799], [145.3499, -37.679], [145.3478, -37.6787], [145.349, -37.6768], [145.3475, -37.6772], [145.3474, -37.6759], [145.3456, -37.675], [145.3457, -37.6737], [145.3435, -37.6735], [145.3412, -37.6766], [145.3393, -37.6758], [145.3374, -37.6778], [145.3369, -37.6804], [145.337, -37.6828], [145.3356, -37.6821], [145.3347, -37.6833], [145.3331, -37.6865], [145.3313, -37.6877], [145.3313, -37.6899], [145.3305, -37.6921], [145.3289, -37.6915], [145.3284, -37.69], [145.3266, -37.689], [145.3181, -37.6913], [145.3173, -37.6925], [145.3189, -37.6932], [145.3194, -37.6941], [145.3187, -37.6974], [145.3153, -37.6985], [145.3149, -37.6996], [145.3176, -37.7031], [145.3186, -37.704], [145.3206, -37.7066], [145.319, -37.7079], [145.3163, -37.7067], [145.3138, -37.707], [145.3138, -37.71], [145.3121, -37.7091], [145.3113, -37.7095], [145.3123, -37.7122], [145.3114, -37.7129], [145.3123, -37.7139]]]}, "properties": {"SA2_CODE21": "211051278", "Area": "Lilydale \u2013 Coldstream", "% dwellings within 400m of any bus service": 0.8154, "% dwellings with 800m of a high quality bus service": 0.041461, "dwellings_2025": 8510, "population_2025": 21249, "SEIFA_Score": 1006, "SEIFA_Decile": 6, "% dwellings within 400m of any public transport service": 0.816881, "% dwellings with 800m of a high quality public transport service": 0.042448, "Binned_any_bus_service_400m_dwellings_percent": 0.8, "Categorical_any_bus_service_400m_dwellings_percent": "80\u201390%", "Binned_high_quality_bus_service_800m_dwellings_percent": 0, "Categorical_high_quality_bus_service_800m_dwellings_percent": "0\u201310%", "Binned_any_public_transport_400m_dwellings_percent": 0.8, "Categorical_any_public_transport_400m_dwellings_percent": "80\u201390%", "Binned_high_quality_public_transport_800m_dwellings_percent": 0, "Categorical_high_quality_public_transport_800m_dwellings_percent": "0\u201310%", "area_km2": 109.3817}}, {"type": "Feature", "geometry": {"type": "Polygon", "coordinates": [[[145.405, -37.8076], [145.4063, -37.8111], [145.406, -37.8123], [145.4069, -37.815], [145.4062, -37.8164], [145.4065, -37.8175], [145.4082, -37.8189], [145.4091, -37.819], [145.4118, -37.8203], [145.4137, -37.8224], [145.4168, -37.8236], [145.4203, -37.8242], [145.421, -37.8249], [145.4241, -37.8296], [145.4292, -37.8322], [145.4297, -37.8336], [145.429, -37.8354], [145.4274, -37.8376], [145.4268, -37.8392], [145.4248, -37.8419], [145.4238, -37.8449], [145.4224, -37.8465], [145.4236, -37.8502], [145.4232, -37.8516], [145.4212, -37.8541], [145.4183, -37.8551], [145.4174, -37.8558], [145.4154, -37.8588], [145.4153, -37.8611], [145.4144, -37.862], [145.4124, -37.8621], [145.4109, -37.8644], [145.4105, -37.8657], [145.4087, -37.8677], [145.4014, -37.8678], [145.3936, -37.8705], [145.3932, -37.8728], [145.3945, -37.8752], [145.3941, -37.8766], [145.3927, -37.8777], [145.3909, -37.8781], [145.3905, -37.8798], [145.3891, -37.8803], [145.3866, -37.8804], [145.3867, -37.8834], [145.3881, -37.8833], [145.3894, -37.8825], [145.3906, -37.8829], [145.3919, -37.8821], [145.3935, -37.8823], [145.3963, -37.8822], [145.3989, -37.8831], [145.4006, -37.8827], [145.4031, -37.8831], [145.4057, -37.8812], [145.4073, -37.8831], [145.4063, -37.8842], [145.4063, -37.8895], [145.4112, -37.8889], [145.4141, -37.8914], [145.4187, -37.8962], [145.4211, -37.8973], [145.4232, -37.8969], [145.4242, -37.8958], [145.4264, -37.8959], [145.43, -37.894], [145.4313, -37.8936], [145.4321, -37.8928], [145.4348, -37.8932], [145.4363, -37.8946], [145.4403, -37.8948], [145.4415, -37.8928], [145.4436, -37.8917], [145.445, -37.8918], [145.4479, -37.8878], [145.4474, -37.8868], [145.448, -37.8846], [145.4486, -37.8844], [145.4504, -37.882], [145.4518, -37.8827], [145.4518, -37.8839], [145.4511, -37.8858], [145.4546, -37.8847], [145.454, -37.8861], [145.4537, -37.8883], [145.4549, -37.8901], [145.4558, -37.8926], [145.4554, -37.8949], [145.4542, -37.897], [145.4556, -37.8978], [145.4569, -37.8978], [145.4581, -37.8985], [145.4613, -37.9012], [145.4612, -37.9025], [145.4621, -37.9035], [145.4622, -37.9048], [145.4633, -37.908], [145.4643, -37.9091], [145.4647, -37.9108], [145.4667, -37.912], [145.4691, -37.9102], [145.4699, -37.9063], [145.4699, -37.9026], [145.4738, -37.9], [145.4797, -37.9007], [145.4816, -37.8984], [145.4897, -37.8994], [145.4899, -37.8983], [145.4921, -37.8991], [145.4929, -37.899], [145.4948, -37.9], [145.4978, -37.9004], [145.5003, -37.8995], [145.5032, -37.9008], [145.5057, -37.8996], [145.5077, -37.8998], [145.5093, -37.898], [145.5112, -37.8972], [145.5127, -37.896], [145.5148, -37.8937], [145.5176, -37.8923], [145.519, -37.8913], [145.5207, -37.8895], [145.5214, -37.888], [145.5224, -37.8871], [145.5251, -37.887], [145.5257, -37.8865], [145.5266, -37.8845], [145.5256, -37.8827], [145.5271, -37.8806], [145.5265, -37.8791], [145.5286, -37.877], [145.5289, -37.8758], [145.5283, -37.8746], [145.5285, -37.8718], [145.5277, -37.8698], [145.5263, -37.8685], [145.5268, -37.8638], [145.5253, -37.862], [145.5252, -37.8607], [145.5246, -37.8599], [145.5195, -37.8582], [145.5194, -37.8587], [145.5165, -37.8583], [145.5167, -37.8572], [145.5146, -37.8568], [145.514, -37.8579], [145.5141, -37.8596], [145.5131, -37.8595], [145.5126, -37.8571], [145.5085, -37.8554], [145.5069, -37.8552], [145.5039, -37.8565], [145.5032, -37.8597], [145.4814, -37.8569], [145.4812, -37.8572], [145.4778, -37.854], [145.4773, -37.853], [145.4757, -37.8518], [145.4776, -37.8509], [145.4789, -37.8513], [145.4789, -37.85], [145.4805, -37.8487], [145.4795, -37.8461], [145.4803, -37.8452], [145.4789, -37.843], [145.4793, -37.842], [145.4785, -37.8416], [145.4787, -37.8396], [145.4778, -37.8376], [145.479, -37.8371], [145.4783, -37.8357], [145.4803, -37.8354], [145.4796, -37.8344], [145.4814, -37.8341], [145.482, -37.8316], [145.483, -37.8302], [145.4833, -37.8275], [145.4853, -37.8263], [145.4859, -37.8253], [145.4819, -37.8253], [145.4803, -37.8262], [145.4792, -37.8277], [145.4772, -37.8285], [145.4756, -37.8281], [145.4737, -37.8268], [145.4722, -37.8265], [145.469, -37.8273], [145.4673, -37.8288], [145.466, -37.8286], [145.4652, -37.8252], [145.4574, -37.8283], [145.4507, -37.8309], [145.452, -37.8292], [145.445, -37.8245], [145.4364, -37.8157], [145.4354, -37.8158], [145.43, -37.8095], [145.4272, -37.8111], [145.4181, -37.8007], [145.4089, -37.8058], [145.4084, -37.8069], [145.405, -37.8076]]]}, "properties": {"SA2_CODE21": "211051279", "Area": "Monbulk \u2013 Silvan", "% dwellings within 400m of any bus service": 0.528455, "% dwellings with 800m of a high quality bus service": 0, "dwellings_2025": 2235, "population_2025": 5919, "SEIFA_Score": 1024, "SEIFA_Decile": 7, "% dwellings within 400m of any public transport service": 0.528455, "% dwellings with 800m of a high quality public transport service": 0, "Binned_any_bus_service_400m_dwellings_percent": 0.5, "Categorical_any_bus_service_400m_dwellings_percent": "50\u201360%", "Binned_high_quality_bus_service_800m_dwellings_percent": 0, "Categorical_high_quality_bus_service_800m_dwellings_percent": "0\u201310%", "Binned_any_public_transport_400m_dwellings_percent": 0.5, "Categorical_any_public_transport_400m_dwellings_percent": "50\u201360%", "Binned_high_quality_public_transport_800m_dwellings_percent": 0, "Categorical_high_quality_public_transport_800m_dwellings_percent": "0\u201310%", "area_km2": 68.5553}}, {"type": "Feature", "geometry": {"type": "Polygon", "coordinates": [[[145.3337, -37.8315], [145.3343, -37.8344], [145.3386, -37.8348], [145.3385, -37.8319], [145.338, -37.8309], [145.3411, -37.8295], [145.3408, -37.8281], [145.3423, -37.827], [145.3429, -37.8241], [145.3448, -37.8222], [145.3433, -37.821], [145.3456, -37.8194], [145.3479, -37.819], [145.3495, -37.821], [145.3515, -37.8203], [145.3527, -37.8192], [145.3568, -37.8194], [145.3578, -37.8187], [145.3595, -37.8182], [145.3609, -37.8184], [145.3619, -37.8179], [145.3624, -37.8161], [145.3634, -37.8156], [145.3637, -37.8142], [145.3654, -37.8144], [145.3666, -37.8133], [145.3678, -37.813], [145.3718, -37.8134], [145.3725, -37.8098], [145.3732, -37.8103], [145.3744, -37.8088], [145.3741, -37.808], [145.3747, -37.8049], [145.3733, -37.8015], [145.3682, -37.8009], [145.369, -37.797], [145.3626, -37.7971], [145.3594, -37.7969], [145.3587, -37.7968], [145.357, -37.7953], [145.3557, -37.7946], [145.3532, -37.7942], [145.3537, -37.7919], [145.3535, -37.787], [145.3531, -37.787], [145.3459, -37.7908], [145.3489, -37.7932], [145.3472, -37.7946], [145.3463, -37.7945], [145.3447, -37.8027], [145.3419, -37.8017], [145.3391, -37.8014], [145.3399, -37.8027], [145.3393, -37.805], [145.3339, -37.8063], [145.3329, -37.8062], [145.3318, -37.8084], [145.3306, -37.8093], [145.3283, -37.8099], [145.3288, -37.811], [145.3229, -37.8149], [145.3266, -37.8232], [145.327, -37.8244], [145.3261, -37.8269], [145.3278, -37.8276], [145.3275, -37.8284], [145.3288, -37.8287], [145.3299, -37.8313], [145.3337, -37.8315]]]}, "properties": {"SA2_CODE21": "211051280", "Area": "Montrose", "% dwellings within 400m of any bus service": 0.823956, "% dwellings with 800m of a high quality bus service": 0, "dwellings_2025": 2536, "population_2025": 7040, "SEIFA_Score": 1034, "SEIFA_Decile": 7, "% dwellings within 400m of any public transport service": 0.823956, "% dwellings with 800m of a high quality public transport service": 0, "Binned_any_bus_service_400m_dwellings_percent": 0.8, "Categorical_any_bus_service_400m_dwellings_percent": "80\u201390%", "Binned_high_quality_bus_service_800m_dwellings_percent": 0, "Categorical_high_quality_bus_service_800m_dwellings_percent": "0\u201310%", "Binned_any_public_transport_400m_dwellings_percent": 0.8, "Categorical_any_public_transport_400m_dwellings_percent": "80\u201390%", "Binned_high_quality_public_transport_800m_dwellings_percent": 0, "Categorical_high_quality_public_transport_800m_dwellings_percent": "0\u201310%", "area_km2": 10.5431}}, {"type": "Feature", "geometry": {"type": "Polygon", "coordinates": [[[145.3088, -37.794], [145.3109, -37.7938], [145.3105, -37.7956], [145.3135, -37.7959], [145.3143, -37.7917], [145.3203, -37.7947], [145.3229, -37.795], [145.3288, -37.8002], [145.3391, -37.8014], [145.3419, -37.8017], [145.3447, -37.8027], [145.3463, -37.7945], [145.3472, -37.7946], [145.3489, -37.7932], [145.3459, -37.7908], [145.3531, -37.787], [145.3535, -37.787], [145.3535, -37.7864], [145.3497, -37.7847], [145.3473, -37.785], [145.3451, -37.7847], [145.3458, -37.7811], [145.3436, -37.7808], [145.3444, -37.7764], [145.3316, -37.7749], [145.3324, -37.7712], [145.3343, -37.7611], [145.3294, -37.7606], [145.3253, -37.7595], [145.3221, -37.7591], [145.3185, -37.759], [145.3161, -37.7584], [145.3148, -37.7656], [145.3089, -37.7649], [145.3083, -37.7686], [145.3049, -37.7682], [145.3042, -37.7716], [145.2982, -37.7708], [145.3001, -37.7724], [145.3006, -37.7734], [145.3022, -37.7744], [145.3035, -37.7757], [145.3046, -37.7757], [145.3059, -37.7765], [145.3071, -37.7766], [145.3079, -37.778], [145.3064, -37.7789], [145.306, -37.7798], [145.3063, -37.7818], [145.3071, -37.7833], [145.3055, -37.7831], [145.3053, -37.7843], [145.3063, -37.7856], [145.3057, -37.7892], [145.3086, -37.7896], [145.3073, -37.7908], [145.3077, -37.7918], [145.307, -37.7925], [145.3079, -37.7939], [145.3088, -37.794]]]}, "properties": {"SA2_CODE21": "211051281", "Area": "Mooroolbark", "% dwellings within 400m of any bus service": 0.680098, "% dwellings with 800m of a high quality bus service": 0.013759, "dwellings_2025": 9108, "population_2025": 24659, "SEIFA_Score": 1009, "SEIFA_Decile": 6, "% dwellings within 400m of any public transport service": 0.679115, "% dwellings with 800m of a high quality public transport service": 0.047666, "Binned_any_bus_service_400m_dwellings_percent": 0.6, "Categorical_any_bus_service_400m_dwellings_percent": "60\u201370%", "Binned_high_quality_bus_service_800m_dwellings_percent": 0, "Categorical_high_quality_bus_service_800m_dwellings_percent": "0\u201310%", "Binned_any_public_transport_400m_dwellings_percent": 0.6, "Categorical_any_public_transport_400m_dwellings_percent": "60\u201370%", "Binned_high_quality_public_transport_800m_dwellings_percent": 0, "Categorical_high_quality_public_transport_800m_dwellings_percent": "0\u201310%", "area_km2": 12.5434}}, {"type": "Feature", "geometry": {"type": "Polygon", "coordinates": [[[145.3062, -37.8691], [145.3085, -37.8711], [145.3079, -37.8742], [145.3079, -37.8762], [145.3062, -37.876], [145.3058, -37.8781], [145.3051, -37.8803], [145.3062, -37.8812], [145.3041, -37.8816], [145.305, -37.8824], [145.304, -37.8838], [145.3049, -37.8845], [145.3048, -37.8854], [145.3036, -37.8854], [145.3045, -37.888], [145.308, -37.8887], [145.3079, -37.8894], [145.3099, -37.8896], [145.3106, -37.891], [145.3119, -37.8913], [145.3117, -37.8927], [145.3161, -37.8925], [145.3178, -37.8921], [145.3284, -37.8938], [145.3277, -37.8922], [145.3278, -37.8895], [145.3322, -37.8889], [145.3316, -37.8873], [145.3355, -37.8896], [145.3369, -37.8891], [145.3395, -37.8896], [145.3398, -37.8903], [145.343, -37.8902], [145.3455, -37.8898], [145.3456, -37.8907], [145.3471, -37.8941], [145.3506, -37.896], [145.3513, -37.8986], [145.3522, -37.8988], [145.3634, -37.9012], [145.3622, -37.9046], [145.3632, -37.9061], [145.3651, -37.9064], [145.3646, -37.9087], [145.3688, -37.9084], [145.3705, -37.9071], [145.3731, -37.9078], [145.377, -37.9064], [145.3813, -37.9078], [145.384, -37.9078], [145.3866, -37.9067], [145.3864, -37.9044], [145.387, -37.9032], [145.39, -37.9026], [145.3932, -37.9025], [145.3968, -37.9012], [145.3958, -37.9033], [145.3939, -37.9037], [145.3913, -37.9047], [145.3913, -37.9058], [145.3934, -37.9071], [145.3938, -37.9084], [145.3954, -37.9105], [145.395, -37.9059], [145.3952, -37.9049], [145.398, -37.9035], [145.4, -37.904], [145.4017, -37.9048], [145.4022, -37.9065], [145.4034, -37.9068], [145.4043, -37.9058], [145.4062, -37.9068], [145.4081, -37.909], [145.4082, -37.911], [145.4078, -37.912], [145.4081, -37.9141], [145.4075, -37.9164], [145.4087, -37.9163], [145.4117, -37.9169], [145.4172, -37.9164], [145.4176, -37.9176], [145.4229, -37.9192], [145.4255, -37.9199], [145.4285, -37.9135], [145.4387, -37.9146], [145.4388, -37.9125], [145.4397, -37.9112], [145.4397, -37.91], [145.4417, -37.909], [145.442, -37.908], [145.4416, -37.9068], [145.442, -37.9047], [145.4431, -37.9022], [145.4432, -37.901], [145.4421, -37.898], [145.4402, -37.8955], [145.4403, -37.8948], [145.4363, -37.8946], [145.4348, -37.8932], [145.4321, -37.8928], [145.4313, -37.8936], [145.43, -37.894], [145.4264, -37.8959], [145.4242, -37.8958], [145.4232, -37.8969], [145.4211, -37.8973], [145.4187, -37.8962], [145.4141, -37.8914], [145.4112, -37.8889], [145.4063, -37.8895], [145.4063, -37.8842], [145.4073, -37.8831], [145.4057, -37.8812], [145.4031, -37.8831], [145.4006, -37.8827], [145.3989, -37.8831], [145.3963, -37.8822], [145.3935, -37.8823], [145.3919, -37.8821], [145.3906, -37.8829], [145.3894, -37.8825], [145.3881, -37.8833], [145.3867, -37.8834], [145.3866, -37.8804], [145.3891, -37.8803], [145.3905, -37.8798], [145.3909, -37.8781], [145.3927, -37.8777], [145.3941, -37.8766], [145.3945, -37.8752], [145.3932, -37.8728], [145.3936, -37.8705], [145.4014, -37.8678], [145.4087, -37.8677], [145.4105, -37.8657], [145.4109, -37.8644], [145.4124, -37.8621], [145.4144, -37.862], [145.4153, -37.8611], [145.4154, -37.8588], [145.4174, -37.8558], [145.4183, -37.8551], [145.4212, -37.8541], [145.4232, -37.8516], [145.4236, -37.8502], [145.4224, -37.8465], [145.4238, -37.8449], [145.4248, -37.8419], [145.4268, -37.8392], [145.4274, -37.8376], [145.429, -37.8354], [145.4297, -37.8336], [145.4292, -37.8322], [145.4241, -37.8296], [145.421, -37.8249], [145.4203, -37.8242], [145.4168, -37.8236], [145.4137, -37.8224], [145.4118, -37.8203], [145.4091, -37.819], [145.4082, -37.8189], [145.4065, -37.8175], [145.4062, -37.8164], [145.4069, -37.815], [145.406, -37.8123], [145.4063, -37.8111], [145.405, -37.8076], [145.4025, -37.8097], [145.4002, -37.8109], [145.3982, -37.8106], [145.397, -37.81], [145.3957, -37.81], [145.3951, -37.8094], [145.395, -37.8079], [145.3938, -37.8065], [145.392, -37.8034], [145.3916, -37.8016], [145.3897, -37.8005], [145.3864, -37.8002], [145.3824, -37.8003], [145.3821, -37.8016], [145.3829, -37.8019], [145.3823, -37.8056], [145.3819, -37.8061], [145.379, -37.8067], [145.378, -37.8077], [145.3755, -37.8082], [145.3744, -37.8088], [145.3732, -37.8103], [145.3725, -37.8098], [145.3718, -37.8134], [145.3678, -37.813], [145.3666, -37.8133], [145.3654, -37.8144], [145.3637, -37.8142], [145.3634, -37.8156], [145.3624, -37.8161], [145.3619, -37.8179], [145.3609, -37.8184], [145.3595, -37.8182], [145.3578, -37.8187], [145.3568, -37.8194], [145.3527, -37.8192], [145.3515, -37.8203], [145.3495, -37.821], [145.3479, -37.819], [145.3456, -37.8194], [145.3433, -37.821], [145.3448, -37.8222], [145.3429, -37.8241], [145.3423, -37.827], [145.3408, -37.8281], [145.3411, -37.8295], [145.338, -37.8309], [145.3385, -37.8319], [145.3386, -37.8348], [145.3343, -37.8344], [145.3337, -37.8315], [145.326, -37.8466], [145.3328, -37.8474], [145.3321, -37.851], [145.3352, -37.8514], [145.3362, -37.851], [145.3385, -37.8523], [145.3378, -37.8532], [145.3412, -37.8538], [145.3435, -37.8558], [145.3431, -37.8565], [145.3452, -37.8572], [145.3476, -37.8586], [145.3476, -37.8594], [145.3458, -37.8592], [145.3449, -37.8606], [145.3431, -37.8615], [145.3411, -37.861], [145.3405, -37.8592], [145.3395, -37.8585], [145.3405, -37.8571], [145.3381, -37.8568], [145.3366, -37.8562], [145.3345, -37.8577], [145.3342, -37.8583], [145.3355, -37.8593], [145.3361, -37.8607], [145.336, -37.8631], [145.3344, -37.8618], [145.3318, -37.8628], [145.3295, -37.8632], [145.3266, -37.866], [145.3213, -37.8654], [145.3188, -37.8656], [145.317, -37.8644], [145.3169, -37.8628], [145.3135, -37.8633], [145.3136, -37.8645], [145.3061, -37.8635], [145.3061, -37.8631], [145.3039, -37.8628], [145.3038, -37.8634], [145.3021, -37.8642], [145.3028, -37.8657], [145.3041, -37.8671], [145.3053, -37.8677], [145.3062, -37.8691]]]}, "properties": {"SA2_CODE21": "211051282", "Area": "Mount Dandenong \u2013 Olinda", "% dwellings within 400m of any bus service": 0.704918, "% dwellings with 800m of a high quality bus service": 0, "dwellings_2025": 4109, "population_2025": 9820, "SEIFA_Score": 1075, "SEIFA_Decile": 9, "% dwellings within 400m of any public transport service": 0.704918, "% dwellings with 800m of a high quality public transport service": 0, "Binned_any_bus_service_400m_dwellings_percent": 0.7, "Categorical_any_bus_service_400m_dwellings_percent": "70\u201380%", "Binned_high_quality_bus_service_800m_dwellings_percent": 0, "Categorical_high_quality_bus_service_800m_dwellings_percent": "0\u201310%", "Binned_any_public_transport_400m_dwellings_percent": 0.7, "Categorical_any_public_transport_400m_dwellings_percent": "70\u201380%", "Binned_high_quality_public_transport_800m_dwellings_percent": 0, "Categorical_high_quality_public_transport_800m_dwellings_percent": "0\u201310%", "area_km2": 81.8993}}, {"type": "Feature", "geometry": {"type": "Polygon", "coordinates": [[[145.3594, -37.7969], [145.3626, -37.7971], [145.369, -37.797], [145.3682, -37.8009], [145.3733, -37.8015], [145.3747, -37.8049], [145.3741, -37.808], [145.3744, -37.8088], [145.3755, -37.8082], [145.378, -37.8077], [145.379, -37.8067], [145.3819, -37.8061], [145.3823, -37.8056], [145.3829, -37.8019], [145.3821, -37.8016], [145.3824, -37.8003], [145.3864, -37.8002], [145.3897, -37.8005], [145.3916, -37.8016], [145.392, -37.8034], [145.3938, -37.8065], [145.395, -37.8079], [145.3951, -37.8094], [145.3957, -37.81], [145.397, -37.81], [145.3982, -37.8106], [145.4002, -37.8109], [145.4025, -37.8097], [145.405, -37.8076], [145.4084, -37.8069], [145.4089, -37.8058], [145.4181, -37.8007], [145.4187, -37.8004], [145.4133, -37.7944], [145.4127, -37.7947], [145.4116, -37.792], [145.4105, -37.7906], [145.4106, -37.7889], [145.4083, -37.7861], [145.4092, -37.7849], [145.4094, -37.7826], [145.4105, -37.7813], [145.409, -37.7804], [145.4078, -37.7808], [145.4071, -37.7802], [145.409, -37.7788], [145.4081, -37.778], [145.409, -37.7771], [145.4062, -37.7764], [145.4068, -37.7735], [145.4064, -37.7724], [145.4043, -37.7731], [145.4023, -37.7707], [145.4042, -37.7705], [145.4022, -37.7681], [145.4023, -37.7669], [145.375, -37.7641], [145.375, -37.766], [145.3759, -37.7676], [145.3748, -37.7701], [145.3768, -37.7707], [145.378, -37.7728], [145.3772, -37.7743], [145.375, -37.7726], [145.3721, -37.7731], [145.3706, -37.7729], [145.3696, -37.7723], [145.3678, -37.7731], [145.366, -37.7724], [145.3642, -37.774], [145.3631, -37.7735], [145.3641, -37.7797], [145.3631, -37.7819], [145.3621, -37.7849], [145.3609, -37.7918], [145.3599, -37.796], [145.3594, -37.7969]]]}, "properties": {"SA2_CODE21": "211051283", "Area": "Mount Evelyn", "% dwellings within 400m of any bus service": 0.73384, "% dwellings with 800m of a high quality bus service": 0, "dwellings_2025": 3615, "population_2025": 9956, "SEIFA_Score": 1014, "SEIFA_Decile": 6, "% dwellings within 400m of any public transport service": 0.73384, "% dwellings with 800m of a high quality public transport service": 0, "Binned_any_bus_service_400m_dwellings_percent": 0.7, "Categorical_any_bus_service_400m_dwellings_percent": "70\u201380%", "Binned_high_quality_bus_service_800m_dwellings_percent": 0, "Categorical_high_quality_bus_service_800m_dwellings_percent": "0\u201310%", "Binned_any_public_transport_400m_dwellings_percent": 0.7, "Categorical_any_public_transport_400m_dwellings_percent": "70\u201380%", "Binned_high_quality_public_transport_800m_dwellings_percent": 0, "Categorical_high_quality_public_transport_800m_dwellings_percent": "0\u201310%", "area_km2": 16.9894}}, {"type": "Feature", "geometry": {"type": "Polygon", "coordinates": [[[145.324, -37.9192], [145.3279, -37.9186], [145.328, -37.9191], [145.3318, -37.9192], [145.3338, -37.9186], [145.3342, -37.9199], [145.3351, -37.9205], [145.3378, -37.9199], [145.3387, -37.9173], [145.34, -37.9172], [145.3438, -37.9128], [145.3427, -37.9121], [145.3434, -37.9107], [145.3452, -37.9102], [145.3465, -37.909], [145.3473, -37.9089], [145.3476, -37.9074], [145.3485, -37.9076], [145.3499, -37.9037], [145.3487, -37.9035], [145.3494, -37.9014], [145.3518, -37.902], [145.3513, -37.8986], [145.3506, -37.896], [145.3471, -37.8941], [145.3456, -37.8907], [145.3455, -37.8898], [145.343, -37.8902], [145.3398, -37.8903], [145.3395, -37.8896], [145.3369, -37.8891], [145.3355, -37.8896], [145.3316, -37.8873], [145.3322, -37.8889], [145.3278, -37.8895], [145.3277, -37.8922], [145.3284, -37.8938], [145.3178, -37.8921], [145.3161, -37.8925], [145.3157, -37.894], [145.3162, -37.8949], [145.3188, -37.8963], [145.3227, -37.8992], [145.3206, -37.8992], [145.3201, -37.9005], [145.3172, -37.9004], [145.3164, -37.9011], [145.3139, -37.9016], [145.3113, -37.9009], [145.3095, -37.8995], [145.3089, -37.9019], [145.3097, -37.9033], [145.3088, -37.9041], [145.3072, -37.9038], [145.305, -37.9057], [145.3075, -37.9082], [145.3123, -37.9108], [145.3158, -37.9139], [145.324, -37.9192]]]}, "properties": {"SA2_CODE21": "211051284", "Area": "Upwey \u2013 Tecoma", "% dwellings within 400m of any bus service": 0.894737, "% dwellings with 800m of a high quality bus service": 0, "dwellings_2025": 3816, "population_2025": 9878, "SEIFA_Score": 1050, "SEIFA_Decile": 8, "% dwellings within 400m of any public transport service": 0.894737, "% dwellings with 800m of a high quality public transport service": 0.045288, "Binned_any_bus_service_400m_dwellings_percent": 0.8, "Categorical_any_bus_service_400m_dwellings_percent": "80\u201390%", "Binned_high_quality_bus_service_800m_dwellings_percent": 0, "Categorical_high_quality_bus_service_800m_dwellings_percent": "0\u201310%", "Binned_any_public_transport_400m_dwellings_percent": 0.8, "Categorical_any_public_transport_400m_dwellings_percent": "80\u201390%", "Binned_high_quality_public_transport_800m_dwellings_percent": 0, "Categorical_high_quality_public_transport_800m_dwellings_percent": "0\u201310%", "area_km2": 8.8907}}, {"type": "Feature", "geometry": {"type": "Polygon", "coordinates": [[[145.4946, -37.6903], [145.477, -37.6904], [145.477, -37.6969], [145.421, -37.697], [145.421, -37.6979], [145.4186, -37.7105], [145.4196, -37.7111], [145.4214, -37.7109], [145.4234, -37.7129], [145.4244, -37.7137], [145.4261, -37.7165], [145.4276, -37.7209], [145.4275, -37.7223], [145.4282, -37.7233], [145.428, -37.7247], [145.4269, -37.726], [145.4269, -37.7277], [145.4291, -37.7293], [145.4289, -37.731], [145.4274, -37.7331], [145.4275, -37.7341], [145.4303, -37.7348], [145.4309, -37.7362], [145.4301, -37.7367], [145.4298, -37.7384], [145.4302, -37.7405], [145.4298, -37.7419], [145.4289, -37.7426], [145.4293, -37.7436], [145.4278, -37.7445], [145.428, -37.7454], [145.4271, -37.7464], [145.4277, -37.7488], [145.4162, -37.7487], [145.4117, -37.7478], [145.408, -37.7675], [145.4023, -37.7669], [145.4022, -37.7681], [145.4042, -37.7705], [145.4023, -37.7707], [145.4043, -37.7731], [145.4064, -37.7724], [145.4068, -37.7735], [145.4062, -37.7764], [145.409, -37.7771], [145.4081, -37.778], [145.409, -37.7788], [145.4071, -37.7802], [145.4078, -37.7808], [145.409, -37.7804], [145.4105, -37.7813], [145.4094, -37.7826], [145.4092, -37.7849], [145.4083, -37.7861], [145.4106, -37.7889], [145.4105, -37.7906], [145.4116, -37.792], [145.4127, -37.7947], [145.4133, -37.7944], [145.4187, -37.8004], [145.4181, -37.8007], [145.4272, -37.8111], [145.43, -37.8095], [145.4354, -37.8158], [145.4364, -37.8157], [145.445, -37.8245], [145.452, -37.8292], [145.4507, -37.8309], [145.4574, -37.8283], [145.4652, -37.8252], [145.466, -37.8286], [145.4673, -37.8288], [145.469, -37.8273], [145.4722, -37.8265], [145.4737, -37.8268], [145.4756, -37.8281], [145.4772, -37.8285], [145.4792, -37.8277], [145.4803, -37.8262], [145.4819, -37.8253], [145.4859, -37.8253], [145.4881, -37.8239], [145.4882, -37.8229], [145.4892, -37.8216], [145.4886, -37.8211], [145.4912, -37.8179], [145.4926, -37.8175], [145.4936, -37.8166], [145.4933, -37.816], [145.4962, -37.8138], [145.4998, -37.8126], [145.5005, -37.8118], [145.5037, -37.8135], [145.5051, -37.8136], [145.5074, -37.8112], [145.5066, -37.8104], [145.5072, -37.8086], [145.5088, -37.8089], [145.5094, -37.8072], [145.5086, -37.8065], [145.5131, -37.8056], [145.515, -37.8048], [145.5171, -37.8054], [145.5178, -37.8039], [145.5162, -37.802], [145.5146, -37.8016], [145.5156, -37.799], [145.5177, -37.7985], [145.5165, -37.7957], [145.5187, -37.7931], [145.5203, -37.7935], [145.5207, -37.7907], [145.5195, -37.7899], [145.5192, -37.7886], [145.5182, -37.7879], [145.5184, -37.7869], [145.5173, -37.7867], [145.5155, -37.7871], [145.5145, -37.788], [145.5119, -37.7885], [145.5118, -37.7868], [145.5098, -37.7867], [145.5087, -37.786], [145.5091, -37.7845], [145.5083, -37.7837], [145.5081, -37.7816], [145.507, -37.7796], [145.5081, -37.7795], [145.5093, -37.7774], [145.5076, -37.7761], [145.509, -37.7756], [145.5104, -37.7758], [145.5108, -37.7746], [145.51, -37.7735], [145.5128, -37.7724], [145.5139, -37.7715], [145.513, -37.77], [145.5137, -37.7686], [145.5131, -37.7657], [145.5105, -37.7641], [145.512, -37.762], [145.5116, -37.7609], [145.5133, -37.7597], [145.5127, -37.7587], [145.513, -37.7566], [145.5138, -37.7557], [145.512, -37.7557], [145.5121, -37.7542], [145.511, -37.7545], [145.5099, -37.7539], [145.511, -37.7525], [145.5114, -37.7512], [145.5103, -37.7505], [145.5105, -37.7494], [145.5113, -37.749], [145.5106, -37.7479], [145.5088, -37.7464], [145.5093, -37.7453], [145.5162, -37.7425], [145.5141, -37.7419], [145.5139, -37.741], [145.5151, -37.7407], [145.515, -37.7398], [145.5133, -37.7383], [145.5125, -37.737], [145.5091, -37.7383], [145.5076, -37.7372], [145.5077, -37.7357], [145.5058, -37.735], [145.504, -37.7353], [145.502, -37.7331], [145.5, -37.7322], [145.4982, -37.7306], [145.498, -37.7296], [145.4997, -37.7256], [145.5007, -37.7241], [145.5007, -37.722], [145.5022, -37.7207], [145.5015, -37.7198], [145.5033, -37.7175], [145.505, -37.7162], [145.5053, -37.715], [145.5064, -37.7135], [145.5062, -37.7125], [145.5077, -37.7101], [145.5071, -37.7087], [145.5085, -37.7076], [145.5074, -37.7066], [145.5092, -37.7048], [145.5091, -37.7037], [145.5069, -37.7032], [145.5054, -37.7046], [145.5046, -37.7024], [145.5046, -37.7017], [145.5032, -37.701], [145.5042, -37.6987], [145.5029, -37.6983], [145.5019, -37.6987], [145.5013, -37.6959], [145.4984, -37.695], [145.4979, -37.6957], [145.4964, -37.6953], [145.4961, -37.6923], [145.4965, -37.6906], [145.495, -37.6909], [145.4946, -37.6903]]]}, "properties": {"SA2_CODE21": "211051285", "Area": "Wandin \u2013 Seville", "% dwellings within 400m of any bus service": 0.542113, "% dwellings with 800m of a high quality bus service": 0, "dwellings_2025": 2932, "population_2025": 8111, "SEIFA_Score": 1019, "SEIFA_Decile": 6, "% dwellings within 400m of any public transport service": 0.542113, "% dwellings with 800m of a high quality public transport service": 0, "Binned_any_bus_service_400m_dwellings_percent": 0.5, "Categorical_any_bus_service_400m_dwellings_percent": "50\u201360%", "Binned_high_quality_bus_service_800m_dwellings_percent": 0, "Categorical_high_quality_bus_service_800m_dwellings_percent": "0\u201310%", "Binned_any_public_transport_400m_dwellings_percent": 0.5, "Categorical_any_public_transport_400m_dwellings_percent": "50\u201360%", "Binned_high_quality_public_transport_800m_dwellings_percent": 0, "Categorical_high_quality_public_transport_800m_dwellings_percent": "0\u201310%", "area_km2": 111.7555}}, {"type": "Feature", "geometry": {"type": "Polygon", "coordinates": [[[145.515, -37.7398], [145.5151, -37.7407], [145.5139, -37.741], [145.5141, -37.7419], [145.5162, -37.7425], [145.5093, -37.7453], [145.5088, -37.7464], [145.5106, -37.7479], [145.5113, -37.749], [145.5105, -37.7494], [145.5103, -37.7505], [145.5114, -37.7512], [145.511, -37.7525], [145.5099, -37.7539], [145.511, -37.7545], [145.5121, -37.7542], [145.512, -37.7557], [145.5138, -37.7557], [145.513, -37.7566], [145.5127, -37.7587], [145.5133, -37.7597], [145.5116, -37.7609], [145.512, -37.762], [145.5105, -37.7641], [145.5131, -37.7657], [145.5137, -37.7686], [145.513, -37.77], [145.5139, -37.7715], [145.5128, -37.7724], [145.51, -37.7735], [145.5108, -37.7746], [145.5104, -37.7758], [145.509, -37.7756], [145.5076, -37.7761], [145.5093, -37.7774], [145.5081, -37.7795], [145.507, -37.7796], [145.5081, -37.7816], [145.5083, -37.7837], [145.5091, -37.7845], [145.5087, -37.786], [145.5098, -37.7867], [145.5118, -37.7868], [145.5119, -37.7885], [145.5145, -37.788], [145.5155, -37.7871], [145.5173, -37.7867], [145.5184, -37.7869], [145.5182, -37.7879], [145.5192, -37.7886], [145.5195, -37.7899], [145.5207, -37.7907], [145.5203, -37.7935], [145.5187, -37.7931], [145.5165, -37.7957], [145.5177, -37.7985], [145.5156, -37.799], [145.5146, -37.8016], [145.5162, -37.802], [145.5178, -37.8039], [145.5171, -37.8054], [145.515, -37.8048], [145.5131, -37.8056], [145.5086, -37.8065], [145.5094, -37.8072], [145.5088, -37.8089], [145.5072, -37.8086], [145.5066, -37.8104], [145.5074, -37.8112], [145.5051, -37.8136], [145.5037, -37.8135], [145.5005, -37.8118], [145.4998, -37.8126], [145.4962, -37.8138], [145.4933, -37.816], [145.4936, -37.8166], [145.4926, -37.8175], [145.4912, -37.8179], [145.4886, -37.8211], [145.4892, -37.8216], [145.4882, -37.8229], [145.4881, -37.8239], [145.4859, -37.8253], [145.4853, -37.8263], [145.4833, -37.8275], [145.483, -37.8302], [145.482, -37.8316], [145.4814, -37.8341], [145.4796, -37.8344], [145.4803, -37.8354], [145.4783, -37.8357], [145.479, -37.8371], [145.4778, -37.8376], [145.4787, -37.8396], [145.4785, -37.8416], [145.4793, -37.842], [145.4789, -37.843], [145.4803, -37.8452], [145.4795, -37.8461], [145.4805, -37.8487], [145.4789, -37.85], [145.4789, -37.8513], [145.4776, -37.8509], [145.4757, -37.8518], [145.4773, -37.853], [145.4778, -37.854], [145.4812, -37.8572], [145.4814, -37.8569], [145.5032, -37.8597], [145.5039, -37.8565], [145.5069, -37.8552], [145.5085, -37.8554], [145.5126, -37.8571], [145.5131, -37.8595], [145.5141, -37.8596], [145.514, -37.8579], [145.5146, -37.8568], [145.5167, -37.8572], [145.5165, -37.8583], [145.5194, -37.8587], [145.5195, -37.8582], [145.5213, -37.8577], [145.5226, -37.8579], [145.5246, -37.8592], [145.5288, -37.8622], [145.5307, -37.8644], [145.5305, -37.8664], [145.5319, -37.8668], [145.5334, -37.8662], [145.5358, -37.8666], [145.5395, -37.869], [145.5394, -37.8705], [145.5414, -37.8717], [145.5443, -37.8713], [145.5477, -37.8719], [145.5492, -37.8727], [145.5514, -37.8722], [145.5534, -37.8737], [145.5534, -37.8746], [145.5543, -37.8763], [145.554, -37.8774], [145.5554, -37.8789], [145.5565, -37.879], [145.5614, -37.8811], [145.5623, -37.882], [145.5622, -37.8834], [145.5627, -37.8857], [145.5649, -37.8875], [145.5659, -37.8892], [145.5673, -37.8923], [145.5683, -37.8926], [145.5688, -37.8941], [145.5678, -37.8953], [145.5675, -37.897], [145.5697, -37.8979], [145.5707, -37.8959], [145.5718, -37.8969], [145.573, -37.8986], [145.5752, -37.8993], [145.5763, -37.8975], [145.5785, -37.8977], [145.5803, -37.8969], [145.581, -37.8971], [145.5853, -37.8966], [145.5882, -37.8976], [145.5899, -37.8963], [145.6043, -37.898], [145.6037, -37.9011], [145.6086, -37.9017], [145.6133, -37.9025], [145.6166, -37.9028], [145.6279, -37.904], [145.6251, -37.917], [145.6264, -37.9175], [145.6285, -37.9171], [145.6301, -37.9173], [145.6314, -37.9184], [145.6321, -37.9181], [145.6347, -37.9182], [145.6362, -37.9179], [145.6421, -37.9184], [145.6447, -37.9171], [145.6526, -37.9164], [145.6509, -37.9145], [145.6506, -37.9127], [145.6538, -37.9104], [145.657, -37.9089], [145.658, -37.908], [145.6604, -37.9083], [145.6622, -37.9088], [145.6678, -37.9084], [145.6707, -37.9071], [145.6711, -37.9034], [145.6708, -37.9022], [145.6697, -37.9013], [145.6691, -37.8995], [145.6693, -37.8971], [145.6709, -37.8957], [145.6717, -37.8934], [145.673, -37.8932], [145.6752, -37.8939], [145.6765, -37.8932], [145.6797, -37.8935], [145.6814, -37.8912], [145.6843, -37.89], [145.6863, -37.8888], [145.6858, -37.8874], [145.6862, -37.8857], [145.6849, -37.8837], [145.6851, -37.8821], [145.6869, -37.8808], [145.688, -37.8815], [145.6896, -37.8838], [145.6917, -37.8851], [145.6939, -37.886], [145.6958, -37.8855], [145.6977, -37.8857], [145.6995, -37.8851], [145.7014, -37.8858], [145.7023, -37.8865], [145.7038, -37.8866], [145.706, -37.8872], [145.7079, -37.8871], [145.7111, -37.8862], [145.713, -37.8861], [145.7148, -37.8842], [145.7161, -37.8837], [145.7188, -37.8849], [145.7215, -37.8852], [145.7223, -37.8873], [145.7222, -37.8893], [145.723, -37.8899], [145.7236, -37.8919], [145.7247, -37.8942], [145.726, -37.8949], [145.7267, -37.8961], [145.7281, -37.8969], [145.7284, -37.8981], [145.7271, -37.8995], [145.7286, -37.901], [145.7287, -37.9022], [145.7304, -37.9034], [145.7327, -37.9034], [145.7336, -37.903], [145.7344, -37.9015], [145.7379, -37.902], [145.739, -37.9031], [145.7408, -37.9035], [145.7431, -37.9051], [145.7451, -37.9055], [145.746, -37.9063], [145.7483, -37.9075], [145.749, -37.9065], [145.7508, -37.9053], [145.7524, -37.9039], [145.7544, -37.9041], [145.7574, -37.9022], [145.7606, -37.9014], [145.765, -37.8986], [145.765, -37.8981], [145.7629, -37.8967], [145.7629, -37.895], [145.7654, -37.891], [145.7654, -37.8898], [145.7663, -37.8876], [145.7653, -37.8862], [145.7672, -37.8846], [145.7675, -37.8833], [145.769, -37.8821], [145.7695, -37.8809], [145.7712, -37.8802], [145.7741, -37.8798], [145.7792, -37.8768], [145.785, -37.8786], [145.786, -37.8786], [145.788, -37.8778], [145.7929, -37.8777], [145.7951, -37.8749], [145.7965, -37.8746], [145.7982, -37.8733], [145.8014, -37.8722], [145.8033, -37.8737], [145.8042, -37.8735], [145.8056, -37.872], [145.8052, -37.8705], [145.8039, -37.8685], [145.803, -37.868], [145.8028, -37.8664], [145.8017, -37.8635], [145.8033, -37.8607], [145.8044, -37.8606], [145.808, -37.8617], [145.8088, -37.8632], [145.8103, -37.8644], [145.811, -37.864], [145.8107, -37.8623], [145.8115, -37.861], [145.8126, -37.8603], [145.8146, -37.8584], [145.8176, -37.8577], [145.8171, -37.8557], [145.8153, -37.8541], [145.8144, -37.8551], [145.8116, -37.8556], [145.8101, -37.8549], [145.8077, -37.8528], [145.8048, -37.852], [145.8043, -37.851], [145.8041, -37.8495], [145.8055, -37.8479], [145.8068, -37.8472], [145.8078, -37.846], [145.8085, -37.8441], [145.8095, -37.8428], [145.8102, -37.8404], [145.8114, -37.8395], [145.8109, -37.8384], [145.8112, -37.8361], [145.8104, -37.8355], [145.8089, -37.8355], [145.8091, -37.8338], [145.8085, -37.8323], [145.8086, -37.8302], [145.8073, -37.829], [145.8058, -37.8296], [145.8043, -37.8293], [145.805, -37.8271], [145.8033, -37.8259], [145.8008, -37.8261], [145.7982, -37.8259], [145.7938, -37.8263], [145.7938, -37.8257], [145.7957, -37.822], [145.7955, -37.8209], [145.796, -37.8201], [145.796, -37.8183], [145.7947, -37.8159], [145.7954, -37.8148], [145.7982, -37.8148], [145.8003, -37.8145], [145.803, -37.8134], [145.8042, -37.814], [145.8067, -37.8124], [145.8069, -37.811], [145.8086, -37.8091], [145.8088, -37.8079], [145.8096, -37.8075], [145.811, -37.808], [145.8127, -37.8074], [145.8151, -37.8072], [145.817, -37.8088], [145.8184, -37.809], [145.82, -37.8101], [145.8227, -37.8105], [145.8253, -37.8106], [145.8272, -37.8113], [145.828, -37.8123], [145.8292, -37.8121], [145.8296, -37.8111], [145.8318, -37.8082], [145.8349, -37.8072], [145.8349, -37.806], [145.8359, -37.8051], [145.8384, -37.8043], [145.8379, -37.8013], [145.8392, -37.7986], [145.8408, -37.7979], [145.8426, -37.7981], [145.8451, -37.7977], [145.8505, -37.7998], [145.8538, -37.7998], [145.8574, -37.8011], [145.858, -37.8023], [145.8605, -37.8034], [145.8623, -37.805], [145.8627, -37.8061], [145.8644, -37.8059], [145.8654, -37.8074], [145.8667, -37.8064], [145.8675, -37.805], [145.8696, -37.8041], [145.8711, -37.8046], [145.8723, -37.8043], [145.8734, -37.8032], [145.8733, -37.8022], [145.8762, -37.8006], [145.8773, -37.7995], [145.8784, -37.7993], [145.8461, -37.7557], [145.8435, -37.754], [145.8403, -37.7539], [145.8394, -37.7529], [145.8372, -37.7529], [145.8363, -37.7525], [145.8357, -37.7511], [145.8327, -37.749], [145.8317, -37.747], [145.8317, -37.7461], [145.8304, -37.7431], [145.8288, -37.7423], [145.8267, -37.742], [145.8209, -37.7388], [145.8182, -37.7364], [145.8173, -37.735], [145.8153, -37.7342], [145.8145, -37.7326], [145.8129, -37.7317], [145.8123, -37.73], [145.8112, -37.7286], [145.8094, -37.7279], [145.8068, -37.7248], [145.8033, -37.723], [145.8014, -37.7211], [145.8002, -37.7181], [145.7993, -37.7174], [145.7967, -37.7175], [145.7951, -37.7172], [145.7941, -37.7178], [145.7911, -37.7201], [145.7891, -37.7223], [145.788, -37.721], [145.7885, -37.7202], [145.7889, -37.7169], [145.7879, -37.713], [145.7862, -37.7104], [145.7862, -37.7092], [145.787, -37.7083], [145.7892, -37.7068], [145.7898, -37.7055], [145.7913, -37.7036], [145.7918, -37.7022], [145.7938, -37.7005], [145.7959, -37.6997], [145.7998, -37.6989], [145.803, -37.6969], [145.8047, -37.694], [145.8065, -37.6931], [145.8087, -37.69], [145.8106, -37.6887], [145.811, -37.6874], [145.8111, -37.6852], [145.8094, -37.6817], [145.8103, -37.681], [145.8095, -37.6791], [145.8084, -37.6776], [145.8083, -37.6766], [145.8066, -37.6753], [145.8042, -37.6755], [145.8029, -37.6749], [145.8021, -37.6734], [145.8007, -37.6719], [145.8011, -37.6704], [145.795, -37.6654], [145.7935, -37.6629], [145.7925, -37.66], [145.7941, -37.6588], [145.7943, -37.6571], [145.7949, -37.6567], [145.7972, -37.6566], [145.8003, -37.6558], [145.8029, -37.6562], [145.8047, -37.6572], [145.8055, -37.6586], [145.807, -37.6593], [145.8082, -37.6605], [145.8115, -37.6626], [145.8122, -37.6622], [145.813, -37.66], [145.8131, -37.6586], [145.8119, -37.6548], [145.8097, -37.6513], [145.8064, -37.6477], [145.8062, -37.6465], [145.8067, -37.6438], [145.8065, -37.6428], [145.8054, -37.6404], [145.8058, -37.6386], [145.8076, -37.6362], [145.809, -37.6352], [145.8102, -37.6338], [145.8114, -37.6331], [145.8128, -37.6313], [145.8125, -37.6296], [145.811, -37.6283], [145.8097, -37.6268], [145.8079, -37.6259], [145.8055, -37.6258], [145.8042, -37.6254], [145.8022, -37.6243], [145.8003, -37.6239], [145.7978, -37.6243], [145.7952, -37.6234], [145.792, -37.6226], [145.7884, -37.622], [145.7849, -37.6209], [145.7828, -37.6205], [145.7796, -37.6203], [145.7742, -37.6208], [145.7711, -37.6177], [145.7692, -37.6168], [145.7654, -37.6168], [145.7649, -37.615], [145.7654, -37.6131], [145.7653, -37.6096], [145.7631, -37.6079], [145.7615, -37.6062], [145.7613, -37.6048], [145.7619, -37.6033], [145.7592, -37.5998], [145.7583, -37.5983], [145.7572, -37.5944], [145.757, -37.5929], [145.7579, -37.5908], [145.7605, -37.5884], [145.7606, -37.587], [145.7586, -37.5851], [145.756, -37.5822], [145.7547, -37.5805], [145.7546, -37.5788], [145.7555, -37.5771], [145.7561, -37.5748], [145.7554, -37.5748], [145.7528, -37.5729], [145.7517, -37.5735], [145.7485, -37.5733], [145.7447, -37.5717], [145.7442, -37.5705], [145.7406, -37.5667], [145.7391, -37.5662], [145.7382, -37.5666], [145.7366, -37.5682], [145.7368, -37.5705], [145.7356, -37.5717], [145.7341, -37.5725], [145.732, -37.5773], [145.7312, -37.5789], [145.7306, -37.5821], [145.7312, -37.5859], [145.7331, -37.5859], [145.7338, -37.5873], [145.7362, -37.5899], [145.7369, -37.5936], [145.7373, -37.594], [145.6759, -37.6242], [145.6753, -37.6245], [145.6335, -37.6496], [145.588, -37.6771], [145.5868, -37.6869], [145.5838, -37.6867], [145.5822, -37.6962], [145.5812, -37.6959], [145.5791, -37.6947], [145.5778, -37.6949], [145.5763, -37.6964], [145.575, -37.6986], [145.5735, -37.6997], [145.5738, -37.7001], [145.5721, -37.7013], [145.5756, -37.7052], [145.5738, -37.7076], [145.5732, -37.7104], [145.582, -37.7115], [145.5796, -37.7243], [145.5748, -37.7237], [145.5733, -37.7316], [145.5784, -37.7322], [145.5773, -37.7383], [145.5757, -37.7381], [145.5753, -37.7402], [145.5651, -37.739], [145.5514, -37.7387], [145.541, -37.7375], [145.5412, -37.7363], [145.535, -37.7356], [145.5327, -37.7354], [145.5299, -37.7383], [145.5209, -37.7369], [145.5171, -37.74], [145.515, -37.7398]]]}, "properties": {"SA2_CODE21": "211051286", "Area": "Yarra Valley", "% dwellings within 400m of any bus service": 0.525483, "% dwellings with 800m of a high quality bus service": 0, "dwellings_2025": 7445, "population_2025": 17306, "SEIFA_Score": 955, "SEIFA_Decile": 4, "% dwellings within 400m of any public transport service": 0.525483, "% dwellings with 800m of a high quality public transport service": 0, "Binned_any_bus_service_400m_dwellings_percent": 0.5, "Categorical_any_bus_service_400m_dwellings_percent": "50\u201360%", "Binned_high_quality_bus_service_800m_dwellings_percent": 0, "Categorical_high_quality_bus_service_800m_dwellings_percent": "0\u201310%", "Binned_any_public_transport_400m_dwellings_percent": 0.5, "Categorical_any_public_transport_400m_dwellings_percent": "50\u201360%", "Binned_high_quality_public_transport_800m_dwellings_percent": 0, "Categorical_high_quality_public_transport_800m_dwellings_percent": "0\u201310%", "area_km2": 729.7582}}, {"type": "Feature", "geometry": {"type": "Polygon", "coordinates": [[[145.3792, -37.975], [145.3793, -37.9766], [145.3804, -37.9788], [145.3815, -37.9797], [145.382, -37.9808], [145.3817, -37.9823], [145.3825, -37.9846], [145.3812, -37.985], [145.3797, -37.9876], [145.3788, -37.9875], [145.3774, -37.9883], [145.3775, -37.9889], [145.3759, -37.9896], [145.3769, -37.9916], [145.3769, -37.9924], [145.3778, -37.9943], [145.3798, -37.9969], [145.3796, -37.9986], [145.3788, -37.9991], [145.3779, -38.0013], [145.3787, -38.0028], [145.3803, -38.0027], [145.3808, -38.0037], [145.3817, -38.0044], [145.3905, -38.0009], [145.3917, -38.0028], [145.3956, -38.0013], [145.3976, -38.0043], [145.3993, -38.0036], [145.4008, -38.0059], [145.4026, -38.0069], [145.4007, -38.0076], [145.4021, -38.0098], [145.4004, -38.0094], [145.4003, -38.0107], [145.4014, -38.012], [145.4028, -38.011], [145.4063, -38.0111], [145.4042, -38.0135], [145.4072, -38.0159], [145.4077, -38.0168], [145.4095, -38.0172], [145.4107, -38.018], [145.4133, -38.0162], [145.4132, -38.0148], [145.4183, -38.0149], [145.4183, -38.0198], [145.4209, -38.0196], [145.4227, -38.0186], [145.4227, -38.0173], [145.4242, -38.0173], [145.4245, -38.0135], [145.4269, -38.0133], [145.4283, -38.0145], [145.4312, -38.0164], [145.4328, -38.0183], [145.4337, -38.0209], [145.4347, -38.0214], [145.4384, -38.0224], [145.4423, -38.0261], [145.4441, -38.0264], [145.447, -38.025], [145.4454, -38.0232], [145.4491, -38.0209], [145.4513, -38.0209], [145.4518, -38.0179], [145.4603, -38.0187], [145.4654, -38.0223], [145.4679, -38.0213], [145.4742, -38.0158], [145.4803, -38.0152], [145.4859, -38.0159], [145.485, -38.0184], [145.4847, -38.0206], [145.4902, -38.0214], [145.4888, -38.0273], [145.4899, -38.028], [145.4928, -38.028], [145.4933, -38.0286], [145.4949, -38.0302], [145.4961, -38.0308], [145.4979, -38.0341], [145.4982, -38.0364], [145.4998, -38.0376], [145.5024, -38.0388], [145.5043, -38.0392], [145.5052, -38.0403], [145.5045, -38.0411], [145.5085, -38.0415], [145.5138, -38.0422], [145.5141, -38.0409], [145.5164, -38.0412], [145.5182, -38.0329], [145.5245, -38.0338], [145.5253, -38.0343], [145.5331, -38.0331], [145.5341, -38.0335], [145.5346, -38.0349], [145.5358, -38.0354], [145.5367, -38.0338], [145.5356, -38.0327], [145.5341, -38.0324], [145.5331, -38.0316], [145.533, -38.0305], [145.5347, -38.0288], [145.5348, -38.0269], [145.5311, -38.0268], [145.5412, -38.0199], [145.531, -38.0175], [145.534, -38.0093], [145.5381, -38.0102], [145.5373, -38.0125], [145.5445, -38.0141], [145.5457, -38.0133], [145.5473, -38.016], [145.5479, -38.0164], [145.5496, -38.0076], [145.5444, -38.0069], [145.5448, -38.0046], [145.5465, -38.0031], [145.5442, -37.9981], [145.5442, -37.9973], [145.5423, -37.997], [145.5429, -37.9931], [145.5416, -37.9928], [145.5407, -37.9916], [145.5414, -37.9882], [145.547, -37.9889], [145.5464, -37.9924], [145.5528, -37.9932], [145.5533, -37.994], [145.5538, -37.9972], [145.5559, -37.999], [145.5563, -38.0012], [145.5592, -37.9983], [145.5625, -37.9985], [145.5658, -37.9969], [145.5675, -37.9942], [145.5698, -37.9926], [145.5714, -37.9923], [145.5736, -37.9928], [145.5769, -37.9929], [145.5773, -37.9953], [145.5783, -37.9959], [145.5801, -37.9997], [145.5803, -38.0005], [145.5794, -38.0032], [145.5795, -38.005], [145.5836, -38.0048], [145.5869, -37.9845], [145.5968, -37.9857], [145.5981, -37.9846], [145.5995, -37.984], [145.6027, -37.9835], [145.605, -37.9834], [145.605, -37.9867], [145.6107, -37.9866], [145.6125, -37.9881], [145.6138, -37.9875], [145.6164, -37.9874], [145.617, -37.989], [145.6195, -37.9887], [145.6212, -37.9892], [145.6215, -37.9905], [145.6249, -37.9906], [145.6291, -37.9918], [145.6322, -37.9915], [145.636, -37.9924], [145.6428, -37.9924], [145.6458, -37.9934], [145.648, -37.9933], [145.6549, -37.9941], [145.6555, -37.9946], [145.6566, -37.9936], [145.6613, -37.9932], [145.6611, -37.9861], [145.6616, -37.986], [145.6616, -37.9814], [145.6645, -37.981], [145.6661, -37.9819], [145.6675, -37.9821], [145.6676, -37.9806], [145.6736, -37.9798], [145.6748, -37.9814], [145.6825, -37.9837], [145.686, -37.9857], [145.6872, -37.9867], [145.6901, -37.9878], [145.6918, -37.9875], [145.6926, -37.9882], [145.6939, -37.9879], [145.6947, -37.987], [145.6966, -37.9876], [145.6992, -37.9893], [145.7017, -37.9898], [145.7023, -37.9891], [145.7013, -37.9868], [145.7017, -37.9858], [145.7017, -37.9818], [145.7042, -37.9826], [145.7043, -37.9921], [145.7055, -37.9924], [145.7073, -37.9921], [145.7119, -37.9945], [145.7159, -37.9958], [145.7169, -37.9967], [145.7215, -37.997], [145.7235, -37.9988], [145.7253, -37.9997], [145.727, -37.9995], [145.727, -37.9953], [145.7312, -37.9952], [145.7313, -38.0038], [145.7313, -38.0041], [145.7381, -38.0041], [145.7405, -38.0057], [145.7434, -38.0088], [145.7452, -38.0089], [145.7645, -38.0088], [145.7646, -38.0072], [145.7635, -38.006], [145.7625, -38.0041], [145.762, -38.0024], [145.7626, -38.0013], [145.7623, -38], [145.7613, -37.9993], [145.7614, -37.9969], [145.7624, -37.9952], [145.7617, -37.9949], [145.7627, -37.9934], [145.7625, -37.9907], [145.7606, -37.988], [145.7567, -37.986], [145.756, -37.9838], [145.756, -37.9825], [145.7553, -37.9818], [145.7527, -37.9804], [145.7497, -37.977], [145.7473, -37.9754], [145.7396, -37.9718], [145.738, -37.9701], [145.7361, -37.9663], [145.7338, -37.9636], [145.7331, -37.9616], [145.7315, -37.9604], [145.7311, -37.9588], [145.7328, -37.9576], [145.7338, -37.9563], [145.7366, -37.9557], [145.7368, -37.9533], [145.7352, -37.9517], [145.7349, -37.9502], [145.7366, -37.949], [145.7404, -37.9486], [145.7416, -37.9478], [145.742, -37.9462], [145.7418, -37.9441], [145.7422, -37.9432], [145.7444, -37.9408], [145.7452, -37.9392], [145.7468, -37.9385], [145.7471, -37.9376], [145.7464, -37.9365], [145.7465, -37.9346], [145.7457, -37.9335], [145.7438, -37.932], [145.7414, -37.9291], [145.7413, -37.9271], [145.7423, -37.9262], [145.7459, -37.925], [145.747, -37.924], [145.7475, -37.9226], [145.7472, -37.9205], [145.7475, -37.9192], [145.7508, -37.9172], [145.7517, -37.9157], [145.7525, -37.9136], [145.7556, -37.9089], [145.7583, -37.9066], [145.7626, -37.9033], [145.7643, -37.9013], [145.765, -37.8986], [145.7606, -37.9014], [145.7574, -37.9022], [145.7544, -37.9041], [145.7524, -37.9039], [145.7508, -37.9053], [145.749, -37.9065], [145.7483, -37.9075], [145.746, -37.9063], [145.7451, -37.9055], [145.7431, -37.9051], [145.7408, -37.9035], [145.739, -37.9031], [145.7379, -37.902], [145.7344, -37.9015], [145.7336, -37.903], [145.7327, -37.9034], [145.7304, -37.9034], [145.7287, -37.9022], [145.7286, -37.901], [145.7271, -37.8995], [145.7284, -37.8981], [145.7281, -37.8969], [145.7267, -37.8961], [145.726, -37.8949], [145.7247, -37.8942], [145.7236, -37.8919], [145.723, -37.8899], [145.7222, -37.8893], [145.7223, -37.8873], [145.7215, -37.8852], [145.7188, -37.8849], [145.7161, -37.8837], [145.7148, -37.8842], [145.713, -37.8861], [145.7111, -37.8862], [145.7079, -37.8871], [145.706, -37.8872], [145.7038, -37.8866], [145.7023, -37.8865], [145.7014, -37.8858], [145.6995, -37.8851], [145.6977, -37.8857], [145.6958, -37.8855], [145.6939, -37.886], [145.6917, -37.8851], [145.6896, -37.8838], [145.688, -37.8815], [145.6869, -37.8808], [145.6851, -37.8821], [145.6849, -37.8837], [145.6862, -37.8857], [145.6858, -37.8874], [145.6863, -37.8888], [145.6843, -37.89], [145.6814, -37.8912], [145.6797, -37.8935], [145.6765, -37.8932], [145.6752, -37.8939], [145.673, -37.8932], [145.6717, -37.8934], [145.6709, -37.8957], [145.6693, -37.8971], [145.6691, -37.8995], [145.6697, -37.9013], [145.6708, -37.9022], [145.6711, -37.9034], [145.6707, -37.9071], [145.6678, -37.9084], [145.6622, -37.9088], [145.6604, -37.9083], [145.658, -37.908], [145.657, -37.9089], [145.6538, -37.9104], [145.6506, -37.9127], [145.6509, -37.9145], [145.6526, -37.9164], [145.6447, -37.9171], [145.6421, -37.9184], [145.6362, -37.9179], [145.6347, -37.9182], [145.6321, -37.9181], [145.6314, -37.9184], [145.6301, -37.9173], [145.6285, -37.9171], [145.6264, -37.9175], [145.6251, -37.917], [145.6279, -37.904], [145.6166, -37.9028], [145.6133, -37.9025], [145.6086, -37.9017], [145.6037, -37.9011], [145.6043, -37.898], [145.5899, -37.8963], [145.5882, -37.8976], [145.5853, -37.8966], [145.581, -37.8971], [145.5803, -37.8969], [145.5785, -37.8977], [145.5763, -37.8975], [145.5752, -37.8993], [145.573, -37.8986], [145.5718, -37.8969], [145.5707, -37.8959], [145.5697, -37.8979], [145.5675, -37.897], [145.5678, -37.8953], [145.5688, -37.8941], [145.5683, -37.8926], [145.5673, -37.8923], [145.5659, -37.8892], [145.5649, -37.8875], [145.5627, -37.8857], [145.5622, -37.8834], [145.5623, -37.882], [145.5614, -37.8811], [145.5565, -37.879], [145.5554, -37.8789], [145.554, -37.8774], [145.5543, -37.8763], [145.5534, -37.8746], [145.5534, -37.8737], [145.5514, -37.8722], [145.5492, -37.8727], [145.5477, -37.8719], [145.5443, -37.8713], [145.5414, -37.8717], [145.5394, -37.8705], [145.5395, -37.869], [145.5358, -37.8666], [145.5334, -37.8662], [145.5319, -37.8668], [145.5305, -37.8664], [145.5307, -37.8644], [145.5288, -37.8622], [145.5246, -37.8592], [145.5226, -37.8579], [145.5213, -37.8577], [145.5195, -37.8582], [145.5246, -37.8599], [145.5252, -37.8607], [145.5253, -37.862], [145.5268, -37.8638], [145.5263, -37.8685], [145.5277, -37.8698], [145.5285, -37.8718], [145.5283, -37.8746], [145.5289, -37.8758], [145.5286, -37.877], [145.5265, -37.8791], [145.5271, -37.8806], [145.5256, -37.8827], [145.5266, -37.8845], [145.5257, -37.8865], [145.5251, -37.887], [145.5224, -37.8871], [145.5214, -37.888], [145.5207, -37.8895], [145.519, -37.8913], [145.5176, -37.8923], [145.5148, -37.8937], [145.5127, -37.896], [145.5112, -37.8972], [145.5093, -37.898], [145.5077, -37.8998], [145.5057, -37.8996], [145.5032, -37.9008], [145.5003, -37.8995], [145.4978, -37.9004], [145.4948, -37.9], [145.4929, -37.899], [145.4921, -37.8991], [145.4899, -37.8983], [145.4897, -37.8994], [145.4816, -37.8984], [145.4797, -37.9007], [145.4738, -37.9], [145.4699, -37.9026], [145.4699, -37.9063], [145.4691, -37.9102], [145.4667, -37.912], [145.4647, -37.9108], [145.4643, -37.9091], [145.4633, -37.908], [145.4622, -37.9048], [145.4621, -37.9035], [145.4612, -37.9025], [145.4613, -37.9012], [145.4581, -37.8985], [145.4569, -37.8978], [145.4556, -37.8978], [145.4542, -37.897], [145.4554, -37.8949], [145.4558, -37.8926], [145.4549, -37.8901], [145.4537, -37.8883], [145.454, -37.8861], [145.4546, -37.8847], [145.4511, -37.8858], [145.4518, -37.8839], [145.4518, -37.8827], [145.4504, -37.882], [145.4486, -37.8844], [145.448, -37.8846], [145.4474, -37.8868], [145.4479, -37.8878], [145.445, -37.8918], [145.4436, -37.8917], [145.4415, -37.8928], [145.4403, -37.8948], [145.4402, -37.8955], [145.4421, -37.898], [145.4432, -37.901], [145.4431, -37.9022], [145.442, -37.9047], [145.4416, -37.9068], [145.442, -37.908], [145.4417, -37.909], [145.4397, -37.91], [145.4397, -37.9112], [145.4388, -37.9125], [145.4387, -37.9146], [145.4285, -37.9135], [145.4255, -37.9199], [145.4229, -37.9192], [145.4196, -37.9263], [145.4192, -37.9251], [145.4171, -37.9229], [145.416, -37.9283], [145.4113, -37.9277], [145.4091, -37.9292], [145.4118, -37.9316], [145.4125, -37.9335], [145.4104, -37.9335], [145.4065, -37.9351], [145.4036, -37.938], [145.4022, -37.9389], [145.3993, -37.9401], [145.3968, -37.9403], [145.3938, -37.9396], [145.3905, -37.9376], [145.3886, -37.937], [145.3866, -37.937], [145.3837, -37.9381], [145.3827, -37.9397], [145.3822, -37.9412], [145.3839, -37.9493], [145.3852, -37.9516], [145.3851, -37.9528], [145.3844, -37.9544], [145.3823, -37.9559], [145.3881, -37.9573], [145.3875, -37.96], [145.388, -37.971], [145.3878, -37.9713], [145.3841, -37.9708], [145.3833, -37.9739], [145.3826, -37.9749], [145.3798, -37.9738], [145.3792, -37.975]]]}, "properties": {"SA2_CODE21": "212011289", "Area": "Emerald \u2013 Cockatoo", "% dwellings within 400m of any bus service": 0.388772, "% dwellings with 800m of a high quality bus service": 0, "dwellings_2025": 6916, "population_2025": 19016, "SEIFA_Score": 1034, "SEIFA_Decile": 7, "% dwellings within 400m of any public transport service": 0.388772, "% dwellings with 800m of a high quality public transport service": 0, "Binned_any_bus_service_400m_dwellings_percent": 0.3, "Categorical_any_bus_service_400m_dwellings_percent": "30\u201340%", "Binned_high_quality_bus_service_800m_dwellings_percent": 0, "Categorical_high_quality_bus_service_800m_dwellings_percent": "0\u201310%", "Binned_any_public_transport_400m_dwellings_percent": 0.3, "Categorical_any_public_transport_400m_dwellings_percent": "30\u201340%", "Binned_high_quality_public_transport_800m_dwellings_percent": 0, "Categorical_high_quality_public_transport_800m_dwellings_percent": "0\u201310%", "area_km2": 371.6241}}, {"type": "Feature", "geometry": {"type": "Polygon", "coordinates": [[[145.3817, -38.0044], [145.3832, -38.0066], [145.3838, -38.0083], [145.3851, -38.0086], [145.3839, -38.0116], [145.3855, -38.0133], [145.3829, -38.0149], [145.381, -38.0165], [145.38, -38.016], [145.3787, -38.0176], [145.3799, -38.019], [145.3788, -38.0203], [145.3788, -38.022], [145.3775, -38.0226], [145.3779, -38.0237], [145.3772, -38.0247], [145.3776, -38.0256], [145.3754, -38.0288], [145.3743, -38.0298], [145.3718, -38.0331], [145.3686, -38.0356], [145.3683, -38.0369], [145.3669, -38.0378], [145.3659, -38.0388], [145.3665, -38.0399], [145.3665, -38.0428], [145.3648, -38.0444], [145.3661, -38.0459], [145.3667, -38.0471], [145.3664, -38.0485], [145.3646, -38.0494], [145.3647, -38.0503], [145.364, -38.0518], [145.3644, -38.0523], [145.366, -38.0524], [145.3682, -38.0539], [145.3684, -38.0548], [145.3714, -38.0567], [145.3719, -38.0591], [145.3732, -38.059], [145.3751, -38.0594], [145.3753, -38.0618], [145.376, -38.0625], [145.3759, -38.0644], [145.3775, -38.0659], [145.3808, -38.0669], [145.3801, -38.0677], [145.381, -38.069], [145.3817, -38.069], [145.3854, -38.0706], [145.391, -38.0724], [145.3969, -38.0737], [145.4063, -38.0751], [145.427, -38.0781], [145.4339, -38.0795], [145.4374, -38.0634], [145.4373, -38.063], [145.4294, -38.0647], [145.4277, -38.065], [145.4253, -38.0649], [145.4227, -38.0643], [145.4181, -38.0622], [145.4149, -38.0609], [145.4177, -38.0482], [145.4187, -38.0483], [145.4194, -38.0448], [145.4196, -38.0431], [145.4206, -38.0417], [145.4228, -38.042], [145.425, -38.0404], [145.4254, -38.0387], [145.4276, -38.0348], [145.4321, -38.0324], [145.4337, -38.0321], [145.4346, -38.0315], [145.4354, -38.0296], [145.4354, -38.0278], [145.4347, -38.0268], [145.4326, -38.0256], [145.433, -38.0245], [145.4327, -38.023], [145.433, -38.0214], [145.4337, -38.0209], [145.4328, -38.0183], [145.4312, -38.0164], [145.4283, -38.0145], [145.4269, -38.0133], [145.4245, -38.0135], [145.4242, -38.0173], [145.4227, -38.0173], [145.4227, -38.0186], [145.4209, -38.0196], [145.4183, -38.0198], [145.4183, -38.0149], [145.4132, -38.0148], [145.4133, -38.0162], [145.4107, -38.018], [145.4095, -38.0172], [145.4077, -38.0168], [145.4072, -38.0159], [145.4042, -38.0135], [145.4063, -38.0111], [145.4028, -38.011], [145.4014, -38.012], [145.4003, -38.0107], [145.4004, -38.0094], [145.4021, -38.0098], [145.4007, -38.0076], [145.4026, -38.0069], [145.4008, -38.0059], [145.3993, -38.0036], [145.3976, -38.0043], [145.3956, -38.0013], [145.3917, -38.0028], [145.3905, -38.0009], [145.3817, -38.0044]]]}, "properties": {"SA2_CODE21": "212011546", "Area": "Beaconsfield \u2013 Officer", "% dwellings within 400m of any bus service": 0.493264, "% dwellings with 800m of a high quality bus service": 0, "dwellings_2025": 10680, "population_2025": 30637, "SEIFA_Score": 1036, "SEIFA_Decile": 7, "% dwellings within 400m of any public transport service": 0.494133, "% dwellings with 800m of a high quality public transport service": 0.010865, "Binned_any_bus_service_400m_dwellings_percent": 0.4, "Categorical_any_bus_service_400m_dwellings_percent": "40\u201350%", "Binned_high_quality_bus_service_800m_dwellings_percent": 0, "Categorical_high_quality_bus_service_800m_dwellings_percent": "0\u201310%", "Binned_any_public_transport_400m_dwellings_percent": 0.4, "Categorical_any_public_transport_400m_dwellings_percent": "40\u201350%", "Binned_high_quality_public_transport_800m_dwellings_percent": 0, "Categorical_high_quality_public_transport_800m_dwellings_percent": "0\u201310%", "area_km2": 33.2503}}, {"type": "Feature", "geometry": {"type": "Polygon", "coordinates": [[[145.381, -38.069], [145.3815, -38.07], [145.3788, -38.0704], [145.3784, -38.0724], [145.3775, -38.0736], [145.3779, -38.074], [145.3765, -38.0751], [145.3773, -38.076], [145.3767, -38.0767], [145.3765, -38.0796], [145.3786, -38.0798], [145.3802, -38.0813], [145.3806, -38.0838], [145.3803, -38.0849], [145.3818, -38.0858], [145.382, -38.0864], [145.3808, -38.0874], [145.3822, -38.0905], [145.3836, -38.0917], [145.3851, -38.0924], [145.3849, -38.093], [145.3879, -38.0942], [145.3891, -38.0939], [145.3907, -38.0947], [145.3916, -38.0962], [145.3928, -38.0973], [145.395, -38.0977], [145.3963, -38.0992], [145.3978, -38.0999], [145.399, -38.1017], [145.3985, -38.1049], [145.4006, -38.1077], [145.4008, -38.1107], [145.399, -38.1132], [145.3999, -38.1155], [145.4019, -38.1183], [145.4017, -38.1192], [145.3966, -38.1193], [145.3885, -38.1205], [145.3874, -38.1212], [145.3845, -38.124], [145.3834, -38.1256], [145.3995, -38.143], [145.3993, -38.143], [145.3932, -38.1719], [145.3889, -38.1925], [145.3957, -38.1934], [145.3952, -38.1955], [145.4183, -38.1985], [145.4177, -38.2013], [145.4171, -38.2019], [145.4167, -38.2038], [145.4223, -38.21], [145.4234, -38.2098], [145.4253, -38.2109], [145.427, -38.2112], [145.4281, -38.2134], [145.4306, -38.2144], [145.43, -38.2152], [145.4305, -38.2157], [145.4325, -38.2161], [145.4358, -38.2159], [145.4362, -38.2176], [145.4378, -38.2172], [145.4391, -38.2163], [145.4408, -38.2166], [145.4418, -38.2187], [145.4441, -38.2191], [145.4456, -38.2187], [145.4481, -38.2194], [145.4506, -38.2192], [145.4525, -38.2187], [145.4528, -38.2205], [145.4568, -38.2234], [145.4567, -38.2253], [145.4577, -38.2265], [145.46, -38.228], [145.4615, -38.2277], [145.464, -38.2292], [145.4677, -38.2294], [145.4697, -38.2289], [145.4731, -38.2295], [145.4744, -38.2295], [145.4758, -38.2301], [145.4771, -38.2311], [145.4792, -38.2323], [145.4819, -38.2317], [145.483, -38.232], [145.4837, -38.2329], [145.4864, -38.2341], [145.489, -38.2334], [145.4895, -38.2351], [145.4883, -38.2361], [145.4884, -38.2377], [145.4894, -38.2396], [145.4908, -38.2395], [145.4916, -38.2407], [145.491, -38.2425], [145.4927, -38.2441], [145.4908, -38.2455], [145.4911, -38.2469], [145.4903, -38.2481], [145.4904, -38.2506], [145.4913, -38.2522], [145.4918, -38.2538], [145.4927, -38.2541], [145.4945, -38.2563], [145.4949, -38.2572], [145.4944, -38.259], [145.4947, -38.2609], [145.4961, -38.262], [145.4966, -38.2644], [145.4977, -38.2645], [145.4974, -38.2671], [145.4976, -38.2711], [145.498, -38.2741], [145.5014, -38.2796], [145.5014, -38.2803], [145.5046, -38.2835], [145.5086, -38.2854], [145.5106, -38.2859], [145.5123, -38.2876], [145.5139, -38.2881], [145.5157, -38.2896], [145.5162, -38.2896], [145.5195, -38.2935], [145.5209, -38.2959], [145.5221, -38.2989], [145.5222, -38.3004], [145.5216, -38.3031], [145.5215, -38.3047], [145.5207, -38.3067], [145.5418, -38.3094], [145.5449, -38.2948], [145.5454, -38.2922], [145.5464, -38.2919], [145.5477, -38.2925], [145.5537, -38.2936], [145.5582, -38.2961], [145.5599, -38.2977], [145.5635, -38.302], [145.566, -38.3037], [145.5694, -38.3045], [145.5703, -38.3051], [145.5784, -38.3111], [145.5816, -38.3123], [145.5826, -38.3131], [145.5841, -38.3156], [145.5846, -38.3201], [145.5848, -38.3207], [145.587, -38.3232], [145.5887, -38.3262], [145.5936, -38.3301], [145.5972, -38.3309], [145.6057, -38.3324], [145.6087, -38.3179], [145.6093, -38.3147], [145.6071, -38.3153], [145.6103, -38.2971], [145.6104, -38.297], [145.6124, -38.2857], [145.6147, -38.288], [145.6189, -38.2891], [145.6218, -38.2886], [145.6239, -38.2867], [145.625, -38.2861], [145.6275, -38.2867], [145.6296, -38.2867], [145.6316, -38.2861], [145.6336, -38.285], [145.6351, -38.2846], [145.6367, -38.2833], [145.6386, -38.2825], [145.6381, -38.2848], [145.6419, -38.2852], [145.6515, -38.2863], [145.6515, -38.2862], [145.66, -38.2872], [145.6652, -38.2879], [145.6803, -38.2896], [145.6815, -38.2822], [145.6909, -38.2831], [145.6896, -38.2901], [145.6987, -38.2911], [145.6997, -38.2856], [145.7327, -38.2894], [145.7346, -38.2787], [145.7365, -38.2689], [145.7329, -38.2686], [145.7342, -38.2624], [145.7364, -38.249], [145.7337, -38.2495], [145.7325, -38.2508], [145.7315, -38.251], [145.7274, -38.2501], [145.7255, -38.25], [145.7245, -38.2492], [145.7219, -38.2497], [145.7191, -38.2494], [145.7154, -38.2515], [145.7139, -38.2519], [145.7129, -38.2509], [145.7152, -38.2386], [145.713, -38.2392], [145.7163, -38.2216], [145.7147, -38.2214], [145.7174, -38.2067], [145.7086, -38.2069], [145.7008, -38.2059], [145.7029, -38.1948], [145.6788, -38.192], [145.6803, -38.1839], [145.6825, -38.1732], [145.661, -38.1706], [145.65, -38.1692], [145.6263, -38.1661], [145.6106, -38.1644], [145.6028, -38.1633], [145.5909, -38.1617], [145.5894, -38.1633], [145.5787, -38.1568], [145.577, -38.1521], [145.5575, -38.1564], [145.5429, -38.1596], [145.5269, -38.1632], [145.5278, -38.1593], [145.535, -38.1232], [145.5348, -38.1231], [145.521, -38.1265], [145.5214, -38.1247], [145.5162, -38.1236], [145.5138, -38.1236], [145.5137, -38.1224], [145.5124, -38.1218], [145.5058, -38.1215], [145.5033, -38.1226], [145.4987, -38.1221], [145.4884, -38.1207], [145.4842, -38.1201], [145.4837, -38.1222], [145.4799, -38.1218], [145.4788, -38.1268], [145.4754, -38.1264], [145.4759, -38.1243], [145.4742, -38.1241], [145.4743, -38.1233], [145.4645, -38.122], [145.4643, -38.1228], [145.4537, -38.1219], [145.453, -38.1237], [145.4509, -38.1156], [145.4537, -38.1158], [145.4557, -38.1144], [145.456, -38.1105], [145.4556, -38.109], [145.4533, -38.1077], [145.451, -38.1054], [145.4505, -38.1029], [145.4498, -38.1026], [145.4491, -38.1001], [145.4489, -38.0966], [145.4499, -38.0947], [145.4506, -38.0927], [145.452, -38.09], [145.4525, -38.0864], [145.4482, -38.0844], [145.4435, -38.0825], [145.4405, -38.0814], [145.4339, -38.0795], [145.427, -38.0781], [145.4063, -38.0751], [145.3969, -38.0737], [145.391, -38.0724], [145.3854, -38.0706], [145.3817, -38.069], [145.381, -38.069]]]}, "properties": {"SA2_CODE21": "212011548", "Area": "Koo Wee Rup", "% dwellings within 400m of any bus service": 0.175, "% dwellings with 800m of a high quality bus service": 0, "dwellings_2025": 4876, "population_2025": 12887, "SEIFA_Score": 975, "SEIFA_Decile": 5, "% dwellings within 400m of any public transport service": 0.175, "% dwellings with 800m of a high quality public transport service": 0, "Binned_any_bus_service_400m_dwellings_percent": 0.1, "Categorical_any_bus_service_400m_dwellings_percent": "10\u201320%", "Binned_high_quality_bus_service_800m_dwellings_percent": 0, "Categorical_high_quality_bus_service_800m_dwellings_percent": "0\u201310%", "Binned_any_public_transport_400m_dwellings_percent": 0.1, "Categorical_any_public_transport_400m_dwellings_percent": "10\u201320%", "Binned_high_quality_public_transport_800m_dwellings_percent": 0, "Categorical_high_quality_public_transport_800m_dwellings_percent": "0\u201310%", "area_km2": 414.663}}, {"type": "Feature", "geometry": {"type": "Polygon", "coordinates": [[[145.4933, -38.0286], [145.4916, -38.0297], [145.4905, -38.0308], [145.489, -38.0317], [145.4878, -38.0333], [145.4862, -38.0347], [145.4822, -38.0408], [145.4815, -38.042], [145.4789, -38.0535], [145.4784, -38.0545], [145.4733, -38.06], [145.4722, -38.0614], [145.4673, -38.0663], [145.4736, -38.0701], [145.4752, -38.0709], [145.4764, -38.0712], [145.4875, -38.072], [145.4895, -38.0719], [145.492, -38.0711], [145.4997, -38.0664], [145.5024, -38.0657], [145.5185, -38.0653], [145.5218, -38.0652], [145.5258, -38.0643], [145.5281, -38.0641], [145.5384, -38.0649], [145.5434, -38.0655], [145.545, -38.0576], [145.5494, -38.0582], [145.5508, -38.0514], [145.5267, -38.0481], [145.5288, -38.0386], [145.536, -38.0396], [145.5355, -38.0373], [145.5358, -38.0354], [145.5346, -38.0349], [145.5341, -38.0335], [145.5331, -38.0331], [145.5253, -38.0343], [145.5245, -38.0338], [145.5182, -38.0329], [145.5164, -38.0412], [145.5141, -38.0409], [145.5138, -38.0422], [145.5085, -38.0415], [145.5045, -38.0411], [145.5052, -38.0403], [145.5043, -38.0392], [145.5024, -38.0388], [145.4998, -38.0376], [145.4982, -38.0364], [145.4979, -38.0341], [145.4961, -38.0308], [145.4949, -38.0302], [145.4933, -38.0286]]]}, "properties": {"SA2_CODE21": "212011549", "Area": "Pakenham \u2013 North East", "% dwellings within 400m of any bus service": 0.775771, "% dwellings with 800m of a high quality bus service": 0, "dwellings_2025": 6243, "population_2025": 16530, "SEIFA_Score": 949, "SEIFA_Decile": 3, "% dwellings within 400m of any public transport service": 0.775771, "% dwellings with 800m of a high quality public transport service": 0, "Binned_any_bus_service_400m_dwellings_percent": 0.7, "Categorical_any_bus_service_400m_dwellings_percent": "70\u201380%", "Binned_high_quality_bus_service_800m_dwellings_percent": 0, "Categorical_high_quality_bus_service_800m_dwellings_percent": "0\u201310%", "Binned_any_public_transport_400m_dwellings_percent": 0.7, "Categorical_any_public_transport_400m_dwellings_percent": "70\u201380%", "Binned_high_quality_public_transport_800m_dwellings_percent": 0, "Categorical_high_quality_public_transport_800m_dwellings_percent": "0\u201310%", "area_km2": 18.929}}, {"type": "Feature", "geometry": {"type": "Polygon", "coordinates": [[[145.4337, -38.0209], [145.433, -38.0214], [145.4327, -38.023], [145.433, -38.0245], [145.4326, -38.0256], [145.4347, -38.0268], [145.4354, -38.0278], [145.4354, -38.0296], [145.4346, -38.0315], [145.4337, -38.0321], [145.4321, -38.0324], [145.4276, -38.0348], [145.4254, -38.0387], [145.425, -38.0404], [145.4228, -38.042], [145.4206, -38.0417], [145.4196, -38.0431], [145.4194, -38.0448], [145.4187, -38.0483], [145.4177, -38.0482], [145.4149, -38.0609], [145.4181, -38.0622], [145.4227, -38.0643], [145.4253, -38.0649], [145.4277, -38.065], [145.4294, -38.0647], [145.4373, -38.063], [145.4372, -38.0626], [145.4479, -38.0603], [145.4498, -38.0604], [145.4625, -38.0636], [145.4641, -38.0643], [145.4673, -38.0663], [145.4722, -38.0614], [145.4733, -38.06], [145.4784, -38.0545], [145.4789, -38.0535], [145.4815, -38.042], [145.4822, -38.0408], [145.4862, -38.0347], [145.4878, -38.0333], [145.489, -38.0317], [145.4905, -38.0308], [145.4916, -38.0297], [145.4933, -38.0286], [145.4928, -38.028], [145.4899, -38.028], [145.4888, -38.0273], [145.4902, -38.0214], [145.4847, -38.0206], [145.485, -38.0184], [145.4859, -38.0159], [145.4803, -38.0152], [145.4742, -38.0158], [145.4679, -38.0213], [145.4654, -38.0223], [145.4603, -38.0187], [145.4518, -38.0179], [145.4513, -38.0209], [145.4491, -38.0209], [145.4454, -38.0232], [145.447, -38.025], [145.4441, -38.0264], [145.4423, -38.0261], [145.4384, -38.0224], [145.4347, -38.0214], [145.4337, -38.0209]]]}, "properties": {"SA2_CODE21": "212011550", "Area": "Pakenham \u2013 North West", "% dwellings within 400m of any bus service": 0.223517, "% dwellings with 800m of a high quality bus service": 0, "dwellings_2025": 3996, "population_2025": 11364, "SEIFA_Score": 999, "SEIFA_Decile": 6, "% dwellings within 400m of any public transport service": 0.223517, "% dwellings with 800m of a high quality public transport service": 0, "Binned_any_bus_service_400m_dwellings_percent": 0.2, "Categorical_any_bus_service_400m_dwellings_percent": "20\u201330%", "Binned_high_quality_bus_service_800m_dwellings_percent": 0, "Categorical_high_quality_bus_service_800m_dwellings_percent": "0\u201310%", "Binned_any_public_transport_400m_dwellings_percent": 0.2, "Categorical_any_public_transport_400m_dwellings_percent": "20\u201330%", "Binned_high_quality_public_transport_800m_dwellings_percent": 0, "Categorical_high_quality_public_transport_800m_dwellings_percent": "0\u201310%", "area_km2": 24.6776}}, {"type": "Feature", "geometry": {"type": "Polygon", "coordinates": [[[145.535, -38.1232], [145.5396, -38.1221], [145.5419, -38.1109], [145.5448, -38.0964], [145.5403, -38.0958], [145.5464, -38.0674], [145.5466, -38.0659], [145.5434, -38.0655], [145.5384, -38.0649], [145.5281, -38.0641], [145.5258, -38.0643], [145.5218, -38.0652], [145.5185, -38.0653], [145.5024, -38.0657], [145.4997, -38.0664], [145.492, -38.0711], [145.4895, -38.0719], [145.4875, -38.072], [145.4764, -38.0712], [145.4752, -38.0709], [145.4759, -38.072], [145.4852, -38.0809], [145.492, -38.0839], [145.4903, -38.0917], [145.4886, -38.0995], [145.4879, -38.1028], [145.4852, -38.1159], [145.4853, -38.1171], [145.4864, -38.119], [145.4884, -38.1207], [145.4987, -38.1221], [145.5033, -38.1226], [145.5058, -38.1215], [145.5124, -38.1218], [145.5137, -38.1224], [145.5138, -38.1236], [145.5162, -38.1236], [145.5214, -38.1247], [145.521, -38.1265], [145.5348, -38.1231], [145.535, -38.1232]]]}, "properties": {"SA2_CODE21": "212011551", "Area": "Pakenham \u2013 South East", "% dwellings within 400m of any bus service": 0.661836, "% dwellings with 800m of a high quality bus service": 0, "dwellings_2025": 3182, "population_2025": 7214, "SEIFA_Score": 924, "SEIFA_Decile": 2, "% dwellings within 400m of any public transport service": 0.679952, "% dwellings with 800m of a high quality public transport service": 0.012077, "Binned_any_bus_service_400m_dwellings_percent": 0.6, "Categorical_any_bus_service_400m_dwellings_percent": "60\u201370%", "Binned_high_quality_bus_service_800m_dwellings_percent": 0, "Categorical_high_quality_bus_service_800m_dwellings_percent": "0\u201310%", "Binned_any_public_transport_400m_dwellings_percent": 0.6, "Categorical_any_public_transport_400m_dwellings_percent": "60\u201370%", "Binned_high_quality_public_transport_800m_dwellings_percent": 0, "Categorical_high_quality_public_transport_800m_dwellings_percent": "0\u201310%", "area_km2": 30.9414}}, {"type": "Feature", "geometry": {"type": "Polygon", "coordinates": [[[145.4339, -38.0795], [145.4405, -38.0814], [145.4435, -38.0825], [145.4482, -38.0844], [145.4525, -38.0864], [145.452, -38.09], [145.4506, -38.0927], [145.4499, -38.0947], [145.4489, -38.0966], [145.4491, -38.1001], [145.4498, -38.1026], [145.4505, -38.1029], [145.451, -38.1054], [145.4533, -38.1077], [145.4556, -38.109], [145.456, -38.1105], [145.4557, -38.1144], [145.4537, -38.1158], [145.4509, -38.1156], [145.453, -38.1237], [145.4537, -38.1219], [145.4643, -38.1228], [145.4645, -38.122], [145.4743, -38.1233], [145.4742, -38.1241], [145.4759, -38.1243], [145.4754, -38.1264], [145.4788, -38.1268], [145.4799, -38.1218], [145.4837, -38.1222], [145.4842, -38.1201], [145.4884, -38.1207], [145.4864, -38.119], [145.4853, -38.1171], [145.4852, -38.1159], [145.4879, -38.1028], [145.4886, -38.0995], [145.4903, -38.0917], [145.492, -38.0839], [145.4852, -38.0809], [145.4759, -38.072], [145.4752, -38.0709], [145.4736, -38.0701], [145.4673, -38.0663], [145.4641, -38.0643], [145.4625, -38.0636], [145.4498, -38.0604], [145.4479, -38.0603], [145.4372, -38.0626], [145.4373, -38.063], [145.4374, -38.0634], [145.4339, -38.0795]]]}, "properties": {"SA2_CODE21": "212011552", "Area": "Pakenham \u2013 South West", "% dwellings within 400m of any bus service": 0.870451, "% dwellings with 800m of a high quality bus service": 0, "dwellings_2025": 9485, "population_2025": 27720, "SEIFA_Score": 968, "SEIFA_Decile": 4, "% dwellings within 400m of any public transport service": 0.870451, "% dwellings with 800m of a high quality public transport service": 0.012615, "Binned_any_bus_service_400m_dwellings_percent": 0.8, "Categorical_any_bus_service_400m_dwellings_percent": "80\u201390%", "Binned_high_quality_bus_service_800m_dwellings_percent": 0, "Categorical_high_quality_bus_service_800m_dwellings_percent": "0\u201310%", "Binned_any_public_transport_400m_dwellings_percent": 0.8, "Categorical_any_public_transport_400m_dwellings_percent": "80\u201390%", "Binned_high_quality_public_transport_800m_dwellings_percent": 0, "Categorical_high_quality_public_transport_800m_dwellings_percent": "0\u201310%", "area_km2": 22.2782}}, {"type": "Feature", "geometry": {"type": "Polygon", "coordinates": [[[145.3855, -38.0133], [145.3853, -38.0133], [145.3747, -38.012], [145.3749, -38.0111], [145.3728, -38.0109], [145.373, -38.0103], [145.3697, -38.0098], [145.3704, -38.0067], [145.367, -38.0053], [145.3613, -38.0046], [145.361, -38.0063], [145.3582, -38.0058], [145.3579, -38.0068], [145.3535, -38.0062], [145.3502, -38.0087], [145.3483, -38.0083], [145.3469, -38.0075], [145.3464, -38.0084], [145.344, -38.0081], [145.3439, -38.0112], [145.3383, -38.0074], [145.3361, -38.0072], [145.3361, -38.0083], [145.3353, -38.009], [145.3296, -38.0085], [145.329, -38.0075], [145.3307, -38.0065], [145.3299, -38.0057], [145.327, -38.0054], [145.3224, -38.0048], [145.3219, -38.0081], [145.3196, -38.0085], [145.3188, -38.012], [145.3207, -38.0123], [145.3214, -38.0131], [145.3212, -38.0143], [145.3188, -38.0145], [145.3183, -38.0172], [145.316, -38.0179], [145.316, -38.0191], [145.3144, -38.0199], [145.3136, -38.0211], [145.313, -38.0217], [145.3177, -38.0258], [145.3191, -38.0274], [145.3189, -38.0279], [145.3232, -38.0283], [145.323, -38.0296], [145.3249, -38.0318], [145.3279, -38.0348], [145.3316, -38.0389], [145.3345, -38.0411], [145.3362, -38.0422], [145.3386, -38.0432], [145.3415, -38.044], [145.3411, -38.0458], [145.3498, -38.0492], [145.3541, -38.0503], [145.3574, -38.0521], [145.3592, -38.0524], [145.3595, -38.0511], [145.3606, -38.0489], [145.3647, -38.0503], [145.3646, -38.0494], [145.3664, -38.0485], [145.3667, -38.0471], [145.3661, -38.0459], [145.3648, -38.0444], [145.3665, -38.0428], [145.3665, -38.0399], [145.3659, -38.0388], [145.3669, -38.0378], [145.3683, -38.0369], [145.3686, -38.0356], [145.3718, -38.0331], [145.3743, -38.0298], [145.3754, -38.0288], [145.3776, -38.0256], [145.3772, -38.0247], [145.3779, -38.0237], [145.3775, -38.0226], [145.3788, -38.022], [145.3788, -38.0203], [145.3799, -38.019], [145.3787, -38.0176], [145.38, -38.016], [145.381, -38.0165], [145.3829, -38.0149], [145.3855, -38.0133]]]}, "properties": {"SA2_CODE21": "212021293", "Area": "Berwick \u2013 North", "% dwellings within 400m of any bus service": 0.943008, "% dwellings with 800m of a high quality bus service": 0.079981, "dwellings_2025": 9457, "population_2025": 23306, "SEIFA_Score": 1042, "SEIFA_Decile": 7, "% dwellings within 400m of any public transport service": 0.943008, "% dwellings with 800m of a high quality public transport service": 0.086207, "Binned_any_bus_service_400m_dwellings_percent": 0.9, "Categorical_any_bus_service_400m_dwellings_percent": "90\u2013100%", "Binned_high_quality_bus_service_800m_dwellings_percent": 0, "Categorical_high_quality_bus_service_800m_dwellings_percent": "0\u201310%", "Binned_any_public_transport_400m_dwellings_percent": 0.9, "Categorical_any_public_transport_400m_dwellings_percent": "90\u2013100%", "Binned_high_quality_public_transport_800m_dwellings_percent": 0, "Categorical_high_quality_public_transport_800m_dwellings_percent": "0\u201310%", "area_km2": 19.748}}, {"type": "Feature", "geometry": {"type": "Polygon", "coordinates": [[[145.2341, -37.9722], [145.2354, -37.9746], [145.2349, -37.9784], [145.2323, -37.9814], [145.2325, -37.983], [145.232, -37.9846], [145.2302, -37.9867], [145.23, -37.9884], [145.2291, -37.9897], [145.2277, -37.9902], [145.2273, -37.9926], [145.2265, -37.9935], [145.2286, -37.9938], [145.2273, -38.0008], [145.228, -38.0008], [145.2519, -38.0036], [145.253, -37.9967], [145.2538, -37.9933], [145.2544, -37.991], [145.253, -37.9893], [145.2508, -37.9874], [145.2412, -37.9784], [145.2392, -37.9762], [145.2372, -37.9726], [145.2369, -37.9704], [145.2361, -37.9689], [145.2345, -37.9668], [145.2332, -37.9662], [145.2329, -37.9676], [145.2329, -37.9703], [145.2341, -37.9722]]]}, "properties": {"SA2_CODE21": "212021295", "Area": "Doveton", "% dwellings within 400m of any bus service": 0.977411, "% dwellings with 800m of a high quality bus service": 0.276281, "dwellings_2025": 5063, "population_2025": 12664, "SEIFA_Score": 859, "SEIFA_Decile": 1, "% dwellings within 400m of any public transport service": 0.977411, "% dwellings with 800m of a high quality public transport service": 0.276281, "Binned_any_bus_service_400m_dwellings_percent": 0.9, "Categorical_any_bus_service_400m_dwellings_percent": "90\u2013100%", "Binned_high_quality_bus_service_800m_dwellings_percent": 0.2, "Categorical_high_quality_bus_service_800m_dwellings_percent": "20\u201330%", "Binned_any_public_transport_400m_dwellings_percent": 0.9, "Categorical_any_public_transport_400m_dwellings_percent": "90\u2013100%", "Binned_high_quality_public_transport_800m_dwellings_percent": 0.2, "Categorical_high_quality_public_transport_800m_dwellings_percent": "20\u201330%", "area_km2": 5.1935}}, {"type": "Feature", "geometry": {"type": "Polygon", "coordinates": [[[145.2519, -38.0036], [145.249, -38.017], [145.2549, -38.0178], [145.2567, -38.0187], [145.2587, -38.019], [145.2609, -38.0187], [145.2705, -38.0199], [145.2742, -38.0203], [145.2868, -38.0216], [145.2872, -38.0196], [145.2841, -38.0193], [145.2836, -38.0115], [145.2845, -38.0116], [145.285, -38.0092], [145.2869, -38.0094], [145.2886, -38.0021], [145.2896, -37.9995], [145.2864, -37.999], [145.2831, -37.9986], [145.2783, -37.9976], [145.2727, -37.997], [145.2694, -37.9963], [145.2683, -37.9958], [145.2678, -37.9959], [145.2637, -37.9946], [145.2632, -37.9948], [145.2593, -37.9936], [145.2571, -37.9932], [145.2552, -37.9936], [145.2538, -37.9933], [145.253, -37.9967], [145.2519, -38.0036]]]}, "properties": {"SA2_CODE21": "212021297", "Area": "Hallam", "% dwellings within 400m of any bus service": 0.896392, "% dwellings with 800m of a high quality bus service": 0.341351, "dwellings_2025": 4053, "population_2025": 11841, "SEIFA_Score": 925, "SEIFA_Decile": 2, "% dwellings within 400m of any public transport service": 0.896392, "% dwellings with 800m of a high quality public transport service": 0.342276, "Binned_any_bus_service_400m_dwellings_percent": 0.8, "Categorical_any_bus_service_400m_dwellings_percent": "80\u201390%", "Binned_high_quality_bus_service_800m_dwellings_percent": 0.3, "Categorical_high_quality_bus_service_800m_dwellings_percent": "30\u201340%", "Binned_any_public_transport_400m_dwellings_percent": 0.8, "Categorical_any_public_transport_400m_dwellings_percent": "80\u201390%", "Binned_high_quality_public_transport_800m_dwellings_percent": 0.3, "Categorical_high_quality_public_transport_800m_dwellings_percent": "30\u201340%", "area_km2": 8.0565}}, {"type": "Feature", "geometry": {"type": "Polygon", "coordinates": [[[145.289, -37.9628], [145.2821, -37.9619], [145.2816, -37.9644], [145.2825, -37.9656], [145.2824, -37.9664], [145.2809, -37.9675], [145.2792, -37.9761], [145.2787, -37.9774], [145.2771, -37.9863], [145.2763, -37.9896], [145.2761, -37.992], [145.2747, -37.9918], [145.2745, -37.9928], [145.2728, -37.9943], [145.2709, -37.9941], [145.2708, -37.9948], [145.2683, -37.9958], [145.2694, -37.9963], [145.2727, -37.997], [145.2783, -37.9976], [145.2831, -37.9986], [145.2864, -37.999], [145.2885, -37.9963], [145.2923, -37.9948], [145.2947, -37.9951], [145.2947, -37.9957], [145.2965, -37.9961], [145.299, -37.9962], [145.3028, -37.9954], [145.3151, -37.997], [145.3174, -37.9974], [145.3233, -37.9982], [145.3234, -37.9987], [145.3256, -38.0016], [145.3265, -38.0025], [145.3262, -38.0039], [145.327, -38.0054], [145.3299, -38.0057], [145.3307, -38.0065], [145.329, -38.0075], [145.3296, -38.0085], [145.3353, -38.009], [145.3361, -38.0083], [145.3361, -38.0072], [145.3383, -38.0074], [145.3439, -38.0112], [145.344, -38.0081], [145.3464, -38.0084], [145.3469, -38.0075], [145.3483, -38.0083], [145.3502, -38.0087], [145.3535, -38.0062], [145.3579, -38.0068], [145.3582, -38.0058], [145.361, -38.0063], [145.3613, -38.0046], [145.367, -38.0053], [145.3704, -38.0067], [145.3697, -38.0098], [145.373, -38.0103], [145.3728, -38.0109], [145.3749, -38.0111], [145.3747, -38.012], [145.3853, -38.0133], [145.3855, -38.0133], [145.3839, -38.0116], [145.3851, -38.0086], [145.3838, -38.0083], [145.3832, -38.0066], [145.3817, -38.0044], [145.3808, -38.0037], [145.3803, -38.0027], [145.3787, -38.0028], [145.3779, -38.0013], [145.3788, -37.9991], [145.3796, -37.9986], [145.3798, -37.9969], [145.3778, -37.9943], [145.3769, -37.9924], [145.3769, -37.9916], [145.3759, -37.9896], [145.3775, -37.9889], [145.3774, -37.9883], [145.3788, -37.9875], [145.3797, -37.9876], [145.3812, -37.985], [145.3825, -37.9846], [145.3817, -37.9823], [145.382, -37.9808], [145.3815, -37.9797], [145.3804, -37.9788], [145.3793, -37.9766], [145.3792, -37.975], [145.3668, -37.9735], [145.358, -37.9713], [145.3189, -37.9664], [145.3178, -37.9668], [145.317, -37.9678], [145.2932, -37.9649], [145.2912, -37.9646], [145.289, -37.9628]]]}, "properties": {"SA2_CODE21": "212021299", "Area": "Narre Warren North", "% dwellings within 400m of any bus service": 0.292724, "% dwellings with 800m of a high quality bus service": 0, "dwellings_2025": 2579, "population_2025": 8430, "SEIFA_Score": 1066, "SEIFA_Decile": 8, "% dwellings within 400m of any public transport service": 0.292724, "% dwellings with 800m of a high quality public transport service": 0, "Binned_any_bus_service_400m_dwellings_percent": 0.2, "Categorical_any_bus_service_400m_dwellings_percent": "20\u201330%", "Binned_high_quality_bus_service_800m_dwellings_percent": 0, "Categorical_high_quality_bus_service_800m_dwellings_percent": "0\u201310%", "Binned_any_public_transport_400m_dwellings_percent": 0.2, "Categorical_any_public_transport_400m_dwellings_percent": "20\u201330%", "Binned_high_quality_public_transport_800m_dwellings_percent": 0, "Categorical_high_quality_public_transport_800m_dwellings_percent": "0\u201310%", "area_km2": 34.4086}}, {"type": "Feature", "geometry": {"type": "Polygon", "coordinates": [[[145.2657, -37.9459], [145.2439, -37.9433], [145.2439, -37.9432], [145.2333, -37.9419], [145.2338, -37.9426], [145.2292, -37.9521], [145.2303, -37.9526], [145.2322, -37.9526], [145.2336, -37.9548], [145.234, -37.9588], [145.2334, -37.9603], [145.2324, -37.9613], [145.2336, -37.9641], [145.2332, -37.9662], [145.2345, -37.9668], [145.2361, -37.9689], [145.2369, -37.9704], [145.2372, -37.9726], [145.2426, -37.9731], [145.2787, -37.9774], [145.2792, -37.9761], [145.2809, -37.9675], [145.2824, -37.9664], [145.2825, -37.9656], [145.2816, -37.9644], [145.2821, -37.9619], [145.289, -37.9628], [145.2886, -37.9611], [145.2886, -37.9592], [145.2899, -37.9576], [145.2872, -37.9571], [145.2848, -37.9553], [145.2836, -37.9551], [145.2838, -37.9541], [145.2823, -37.9537], [145.2821, -37.9506], [145.2805, -37.9492], [145.2796, -37.9476], [145.2657, -37.9459]]]}, "properties": {"SA2_CODE21": "212021453", "Area": "Endeavour Hills \u2013 North", "% dwellings within 400m of any bus service": 0.896362, "% dwellings with 800m of a high quality bus service": 0, "dwellings_2025": 4342, "population_2025": 12217, "SEIFA_Score": 989, "SEIFA_Decile": 5, "% dwellings within 400m of any public transport service": 0.896362, "% dwellings with 800m of a high quality public transport service": 0, "Binned_any_bus_service_400m_dwellings_percent": 0.8, "Categorical_any_bus_service_400m_dwellings_percent": "80\u201390%", "Binned_high_quality_bus_service_800m_dwellings_percent": 0, "Categorical_high_quality_bus_service_800m_dwellings_percent": "0\u201310%", "Binned_any_public_transport_400m_dwellings_percent": 0.8, "Categorical_any_public_transport_400m_dwellings_percent": "80\u201390%", "Binned_high_quality_public_transport_800m_dwellings_percent": 0, "Categorical_high_quality_public_transport_800m_dwellings_percent": "0\u201310%", "area_km2": 14.4746}}, {"type": "Feature", "geometry": {"type": "Polygon", "coordinates": [[[145.2538, -37.9933], [145.2552, -37.9936], [145.2571, -37.9932], [145.2593, -37.9936], [145.2632, -37.9948], [145.2637, -37.9946], [145.2678, -37.9959], [145.2683, -37.9958], [145.2708, -37.9948], [145.2709, -37.9941], [145.2728, -37.9943], [145.2745, -37.9928], [145.2747, -37.9918], [145.2761, -37.992], [145.2763, -37.9896], [145.2771, -37.9863], [145.2787, -37.9774], [145.2426, -37.9731], [145.2372, -37.9726], [145.2392, -37.9762], [145.2412, -37.9784], [145.2508, -37.9874], [145.253, -37.9893], [145.2544, -37.991], [145.2538, -37.9933]]]}, "properties": {"SA2_CODE21": "212021454", "Area": "Endeavour Hills \u2013 South", "% dwellings within 400m of any bus service": 1, "% dwellings with 800m of a high quality bus service": 0, "dwellings_2025": 4790, "population_2025": 13471, "SEIFA_Score": 996, "SEIFA_Decile": 5, "% dwellings within 400m of any public transport service": 1, "% dwellings with 800m of a high quality public transport service": 0, "Binned_any_bus_service_400m_dwellings_percent": 1, "Categorical_any_bus_service_400m_dwellings_percent": "90\u2013100%", "Binned_high_quality_bus_service_800m_dwellings_percent": 0, "Categorical_high_quality_bus_service_800m_dwellings_percent": "0\u201310%", "Binned_any_public_transport_400m_dwellings_percent": 1, "Categorical_any_public_transport_400m_dwellings_percent": "90\u2013100%", "Binned_high_quality_public_transport_800m_dwellings_percent": 0, "Categorical_high_quality_public_transport_800m_dwellings_percent": "0\u201310%", "area_km2": 5.5873}}, {"type": "Feature", "geometry": {"type": "Polygon", "coordinates": [[[145.327, -38.0054], [145.3262, -38.0039], [145.3265, -38.0025], [145.3256, -38.0016], [145.3234, -37.9987], [145.3233, -37.9982], [145.3174, -37.9974], [145.3151, -37.997], [145.3028, -37.9954], [145.299, -37.9962], [145.2965, -37.9961], [145.2947, -37.9957], [145.2947, -37.9951], [145.2923, -37.9948], [145.2885, -37.9963], [145.2864, -37.999], [145.2896, -37.9995], [145.2934, -38], [145.2936, -38.0004], [145.2958, -38.0017], [145.2975, -38.0029], [145.2991, -38.0048], [145.3018, -38.0102], [145.3042, -38.0131], [145.3073, -38.0158], [145.3088, -38.0164], [145.3116, -38.0194], [145.3136, -38.0211], [145.3144, -38.0199], [145.316, -38.0191], [145.316, -38.0179], [145.3183, -38.0172], [145.3188, -38.0145], [145.3212, -38.0143], [145.3214, -38.0131], [145.3207, -38.0123], [145.3188, -38.012], [145.3196, -38.0085], [145.3219, -38.0081], [145.3224, -38.0048], [145.327, -38.0054]]]}, "properties": {"SA2_CODE21": "212021455", "Area": "Narre Warren \u2013 North East", "% dwellings within 400m of any bus service": 0.918451, "% dwellings with 800m of a high quality bus service": 0, "dwellings_2025": 4716, "population_2025": 13699, "SEIFA_Score": 986, "SEIFA_Decile": 5, "% dwellings within 400m of any public transport service": 0.918451, "% dwellings with 800m of a high quality public transport service": 0, "Binned_any_bus_service_400m_dwellings_percent": 0.9, "Categorical_any_bus_service_400m_dwellings_percent": "90\u2013100%", "Binned_high_quality_bus_service_800m_dwellings_percent": 0, "Categorical_high_quality_bus_service_800m_dwellings_percent": "0\u201310%", "Binned_any_public_transport_400m_dwellings_percent": 0.9, "Categorical_any_public_transport_400m_dwellings_percent": "90\u2013100%", "Binned_high_quality_public_transport_800m_dwellings_percent": 0, "Categorical_high_quality_public_transport_800m_dwellings_percent": "0\u201310%", "area_km2": 4.874}}, {"type": "Feature", "geometry": {"type": "Polygon", "coordinates": [[[145.3136, -38.0211], [145.3116, -38.0194], [145.3088, -38.0164], [145.3073, -38.0158], [145.3042, -38.0131], [145.3018, -38.0102], [145.2991, -38.0048], [145.2975, -38.0029], [145.2958, -38.0017], [145.2936, -38.0004], [145.2934, -38], [145.2896, -37.9995], [145.2886, -38.0021], [145.2869, -38.0094], [145.285, -38.0092], [145.2845, -38.0116], [145.2836, -38.0115], [145.2841, -38.0193], [145.2872, -38.0196], [145.2868, -38.0216], [145.286, -38.0253], [145.2886, -38.0247], [145.2909, -38.0248], [145.292, -38.0253], [145.2936, -38.0274], [145.2969, -38.0297], [145.2991, -38.0306], [145.2996, -38.0312], [145.2996, -38.0328], [145.2984, -38.0346], [145.2982, -38.0372], [145.2988, -38.0385], [145.3001, -38.0396], [145.3016, -38.0427], [145.3036, -38.0437], [145.3041, -38.0415], [145.3087, -38.0432], [145.3209, -38.0442], [145.3218, -38.0429], [145.3224, -38.0396], [145.3229, -38.0387], [145.3311, -38.0397], [145.3316, -38.0389], [145.3279, -38.0348], [145.3249, -38.0318], [145.323, -38.0296], [145.3232, -38.0283], [145.3189, -38.0279], [145.3191, -38.0274], [145.3177, -38.0258], [145.313, -38.0217], [145.3136, -38.0211]]]}, "properties": {"SA2_CODE21": "212021456", "Area": "Narre Warren \u2013 South West", "% dwellings within 400m of any bus service": 0.903624, "% dwellings with 800m of a high quality bus service": 0.158828, "dwellings_2025": 5732, "population_2025": 15144, "SEIFA_Score": 945, "SEIFA_Decile": 3, "% dwellings within 400m of any public transport service": 0.903624, "% dwellings with 800m of a high quality public transport service": 0.170393, "Binned_any_bus_service_400m_dwellings_percent": 0.9, "Categorical_any_bus_service_400m_dwellings_percent": "90\u2013100%", "Binned_high_quality_bus_service_800m_dwellings_percent": 0.1, "Categorical_high_quality_bus_service_800m_dwellings_percent": "10\u201320%", "Binned_any_public_transport_400m_dwellings_percent": 0.9, "Categorical_any_public_transport_400m_dwellings_percent": "90\u2013100%", "Binned_high_quality_public_transport_800m_dwellings_percent": 0.1, "Categorical_high_quality_public_transport_800m_dwellings_percent": "10\u201320%", "area_km2": 9.3054}}, {"type": "Feature", "geometry": {"type": "Polygon", "coordinates": [[[145.3647, -38.0503], [145.3606, -38.0489], [145.3595, -38.0511], [145.3592, -38.0524], [145.3574, -38.0521], [145.3541, -38.0503], [145.3498, -38.0492], [145.3411, -38.0458], [145.3391, -38.0556], [145.3386, -38.0576], [145.3354, -38.0745], [145.3595, -38.0775], [145.3765, -38.0796], [145.3767, -38.0767], [145.3773, -38.076], [145.3765, -38.0751], [145.3779, -38.074], [145.3775, -38.0736], [145.3784, -38.0724], [145.3788, -38.0704], [145.3815, -38.07], [145.381, -38.069], [145.3801, -38.0677], [145.3808, -38.0669], [145.3775, -38.0659], [145.3759, -38.0644], [145.376, -38.0625], [145.3753, -38.0618], [145.3751, -38.0594], [145.3732, -38.059], [145.3719, -38.0591], [145.3714, -38.0567], [145.3684, -38.0548], [145.3682, -38.0539], [145.366, -38.0524], [145.3644, -38.0523], [145.364, -38.0518], [145.3647, -38.0503]]]}, "properties": {"SA2_CODE21": "212021553", "Area": "Berwick \u2013 South East", "% dwellings within 400m of any bus service": 0.758525, "% dwellings with 800m of a high quality bus service": 0, "dwellings_2025": 6734, "population_2025": 20774, "SEIFA_Score": 1051, "SEIFA_Decile": 8, "% dwellings within 400m of any public transport service": 0.758525, "% dwellings with 800m of a high quality public transport service": 0, "Binned_any_bus_service_400m_dwellings_percent": 0.7, "Categorical_any_bus_service_400m_dwellings_percent": "70\u201380%", "Binned_high_quality_bus_service_800m_dwellings_percent": 0, "Categorical_high_quality_bus_service_800m_dwellings_percent": "0\u201310%", "Binned_any_public_transport_400m_dwellings_percent": 0.7, "Categorical_any_public_transport_400m_dwellings_percent": "70\u201380%", "Binned_high_quality_public_transport_800m_dwellings_percent": 0, "Categorical_high_quality_public_transport_800m_dwellings_percent": "0\u201310%", "area_km2": 9.8836}}, {"type": "Feature", "geometry": {"type": "Polygon", "coordinates": [[[145.3316, -38.0389], [145.3311, -38.0397], [145.3229, -38.0387], [145.3224, -38.0396], [145.3218, -38.0429], [145.3209, -38.0442], [145.3196, -38.0456], [145.3182, -38.0486], [145.3184, -38.05], [145.3203, -38.0521], [145.3208, -38.0536], [145.3212, -38.0567], [145.3226, -38.058], [145.3297, -38.059], [145.3279, -38.0678], [145.3262, -38.0676], [145.3251, -38.0689], [145.3229, -38.071], [145.3218, -38.0728], [145.3354, -38.0745], [145.3386, -38.0576], [145.3391, -38.0556], [145.3411, -38.0458], [145.3415, -38.044], [145.3386, -38.0432], [145.3362, -38.0422], [145.3345, -38.0411], [145.3316, -38.0389]]]}, "properties": {"SA2_CODE21": "212021554", "Area": "Berwick \u2013 South West", "% dwellings within 400m of any bus service": 0.70273, "% dwellings with 800m of a high quality bus service": 0, "dwellings_2025": 4439, "population_2025": 13397, "SEIFA_Score": 1031, "SEIFA_Decile": 7, "% dwellings within 400m of any public transport service": 0.70273, "% dwellings with 800m of a high quality public transport service": 0, "Binned_any_bus_service_400m_dwellings_percent": 0.7, "Categorical_any_bus_service_400m_dwellings_percent": "70\u201380%", "Binned_high_quality_bus_service_800m_dwellings_percent": 0, "Categorical_high_quality_bus_service_800m_dwellings_percent": "0\u201310%", "Binned_any_public_transport_400m_dwellings_percent": 0.7, "Categorical_any_public_transport_400m_dwellings_percent": "70\u201380%", "Binned_high_quality_public_transport_800m_dwellings_percent": 0, "Categorical_high_quality_public_transport_800m_dwellings_percent": "0\u201310%", "area_km2": 4.9713}}, {"type": "Feature", "geometry": {"type": "Polygon", "coordinates": [[[145.2648, -38.0807], [145.2712, -38.0891], [145.2693, -38.0889], [145.265, -38.1109], [145.2524, -38.1094], [145.252, -38.1121], [145.2497, -38.1226], [145.2492, -38.124], [145.2694, -38.1266], [145.2913, -38.1291], [145.2882, -38.1215], [145.2912, -38.1062], [145.2954, -38.0845], [145.2791, -38.0826], [145.2675, -38.081], [145.2648, -38.0807]]]}, "properties": {"SA2_CODE21": "212031300", "Area": "Cranbourne", "% dwellings within 400m of any bus service": 0.864279, "% dwellings with 800m of a high quality bus service": 0.328456, "dwellings_2025": 8491, "population_2025": 22001, "SEIFA_Score": 906, "SEIFA_Decile": 2, "% dwellings within 400m of any public transport service": 0.864279, "% dwellings with 800m of a high quality public transport service": 0.329465, "Binned_any_bus_service_400m_dwellings_percent": 0.8, "Categorical_any_bus_service_400m_dwellings_percent": "80\u201390%", "Binned_high_quality_bus_service_800m_dwellings_percent": 0.3, "Categorical_high_quality_bus_service_800m_dwellings_percent": "30\u201340%", "Binned_any_public_transport_400m_dwellings_percent": 0.8, "Categorical_any_public_transport_400m_dwellings_percent": "80\u201390%", "Binned_high_quality_public_transport_800m_dwellings_percent": 0.3, "Categorical_high_quality_public_transport_800m_dwellings_percent": "30\u201340%", "area_km2": 13.027}}, {"type": "Feature", "geometry": {"type": "Polygon", "coordinates": [[[145.3834, -38.1256], [145.3831, -38.1256], [145.365, -38.1232], [145.346, -38.1209], [145.3272, -38.1187], [145.3255, -38.1274], [145.3243, -38.1335], [145.2914, -38.1293], [145.2913, -38.1291], [145.2694, -38.1266], [145.2492, -38.124], [145.2443, -38.1266], [145.2283, -38.1339], [145.228, -38.1365], [145.2217, -38.169], [145.241, -38.1712], [145.2595, -38.1733], [145.2684, -38.1744], [145.3417, -38.1836], [145.3422, -38.184], [145.3438, -38.1763], [145.3714, -38.18], [145.3736, -38.1694], [145.3932, -38.1719], [145.3993, -38.143], [145.3995, -38.143], [145.3834, -38.1256]]]}, "properties": {"SA2_CODE21": "212031303", "Area": "Cranbourne South", "% dwellings within 400m of any bus service": 0.466639, "% dwellings with 800m of a high quality bus service": 0.04223, "dwellings_2025": 9633, "population_2025": 29376, "SEIFA_Score": 1031, "SEIFA_Decile": 7, "% dwellings within 400m of any public transport service": 0.466639, "% dwellings with 800m of a high quality public transport service": 0.04223, "Binned_any_bus_service_400m_dwellings_percent": 0.4, "Categorical_any_bus_service_400m_dwellings_percent": "40\u201350%", "Binned_high_quality_bus_service_800m_dwellings_percent": 0, "Categorical_high_quality_bus_service_800m_dwellings_percent": "0\u201310%", "Binned_any_public_transport_400m_dwellings_percent": 0.4, "Categorical_any_public_transport_400m_dwellings_percent": "40\u201350%", "Binned_high_quality_public_transport_800m_dwellings_percent": 0, "Categorical_high_quality_public_transport_800m_dwellings_percent": "0\u201310%", "area_km2": 81.662}}, {"type": "Feature", "geometry": {"type": "Polygon", "coordinates": [[[145.2648, -38.0807], [145.2581, -38.08], [145.2396, -38.0777], [145.2371, -38.0904], [145.2337, -38.107], [145.2297, -38.1269], [145.2283, -38.1339], [145.2443, -38.1266], [145.2492, -38.124], [145.2497, -38.1226], [145.252, -38.1121], [145.2524, -38.1094], [145.265, -38.1109], [145.2693, -38.0889], [145.2712, -38.0891], [145.2648, -38.0807]]]}, "properties": {"SA2_CODE21": "212031304", "Area": "Cranbourne West", "% dwellings within 400m of any bus service": 0.795206, "% dwellings with 800m of a high quality bus service": 0.11308, "dwellings_2025": 8429, "population_2025": 26178, "SEIFA_Score": 973, "SEIFA_Decile": 5, "% dwellings within 400m of any public transport service": 0.795206, "% dwellings with 800m of a high quality public transport service": 0.11308, "Binned_any_bus_service_400m_dwellings_percent": 0.7, "Categorical_any_bus_service_400m_dwellings_percent": "70\u201380%", "Binned_high_quality_bus_service_800m_dwellings_percent": 0.1, "Categorical_high_quality_bus_service_800m_dwellings_percent": "10\u201320%", "Binned_any_public_transport_400m_dwellings_percent": 0.7, "Categorical_any_public_transport_400m_dwellings_percent": "70\u201380%", "Binned_high_quality_public_transport_800m_dwellings_percent": 0.1, "Categorical_high_quality_public_transport_800m_dwellings_percent": "10\u201320%", "area_km2": 12.898}}, {"type": "Feature", "geometry": {"type": "Polygon", "coordinates": [[[145.2648, -38.0807], [145.2625, -38.0776], [145.2626, -38.0773], [145.2643, -38.0694], [145.2627, -38.0689], [145.263, -38.0674], [145.2646, -38.0677], [145.265, -38.0658], [145.2662, -38.0659], [145.2623, -38.0575], [145.2628, -38.0572], [145.2653, -38.0448], [145.2591, -38.0454], [145.2552, -38.0471], [145.2491, -38.0379], [145.2472, -38.0364], [145.2468, -38.0402], [145.2456, -38.0468], [145.2396, -38.0777], [145.2581, -38.08], [145.2648, -38.0807]]]}, "properties": {"SA2_CODE21": "212031306", "Area": "Lynbrook \u2013 Lyndhurst", "% dwellings within 400m of any bus service": 0.889655, "% dwellings with 800m of a high quality bus service": 0.212069, "dwellings_2025": 5623, "population_2025": 19410, "SEIFA_Score": 1026, "SEIFA_Decile": 7, "% dwellings within 400m of any public transport service": 0.889655, "% dwellings with 800m of a high quality public transport service": 0.214655, "Binned_any_bus_service_400m_dwellings_percent": 0.8, "Categorical_any_bus_service_400m_dwellings_percent": "80\u201390%", "Binned_high_quality_bus_service_800m_dwellings_percent": 0.2, "Categorical_high_quality_bus_service_800m_dwellings_percent": "20\u201330%", "Binned_any_public_transport_400m_dwellings_percent": 0.8, "Categorical_any_public_transport_400m_dwellings_percent": "80\u201390%", "Binned_high_quality_public_transport_800m_dwellings_percent": 0.2, "Categorical_high_quality_public_transport_800m_dwellings_percent": "20\u201330%", "area_km2": 7.3583}}, {"type": "Feature", "geometry": {"type": "Polygon", "coordinates": [[[145.3932, -38.1719], [145.3736, -38.1694], [145.3714, -38.18], [145.3438, -38.1763], [145.3422, -38.184], [145.3417, -38.1836], [145.2684, -38.1744], [145.2595, -38.1733], [145.241, -38.1712], [145.2217, -38.169], [145.2158, -38.2006], [145.2149, -38.2053], [145.2155, -38.2087], [145.22, -38.2119], [145.2265, -38.2189], [145.2299, -38.2206], [145.2457, -38.2226], [145.2542, -38.2236], [145.2548, -38.223], [145.2565, -38.2244], [145.2591, -38.2257], [145.261, -38.2229], [145.2626, -38.2221], [145.2648, -38.2225], [145.2679, -38.2246], [145.2695, -38.2245], [145.2708, -38.2236], [145.2714, -38.2244], [145.2745, -38.2305], [145.2761, -38.2314], [145.2781, -38.2332], [145.2786, -38.2344], [145.2757, -38.2378], [145.2741, -38.2408], [145.2737, -38.2422], [145.2741, -38.2441], [145.2773, -38.2459], [145.2799, -38.2468], [145.2823, -38.2468], [145.2858, -38.2472], [145.2892, -38.2471], [145.2923, -38.2476], [145.2955, -38.2483], [145.2983, -38.2485], [145.3004, -38.2477], [145.3038, -38.2474], [145.3106, -38.2476], [145.3127, -38.248], [145.3126, -38.2459], [145.3216, -38.2423], [145.3237, -38.2427], [145.3248, -38.2421], [145.3254, -38.2408], [145.324, -38.2405], [145.3247, -38.239], [145.3265, -38.2363], [145.3264, -38.2351], [145.3291, -38.2361], [145.3324, -38.2362], [145.3338, -38.2353], [145.3345, -38.2335], [145.3355, -38.2326], [145.337, -38.2331], [145.3381, -38.2321], [145.3385, -38.2312], [145.3396, -38.2311], [145.3413, -38.2296], [145.3429, -38.2261], [145.3416, -38.2257], [145.3408, -38.2241], [145.3396, -38.2231], [145.3398, -38.2202], [145.3408, -38.218], [145.342, -38.2179], [145.3434, -38.2167], [145.3423, -38.2156], [145.3442, -38.2144], [145.3471, -38.2136], [145.348, -38.2136], [145.3534, -38.2147], [145.3606, -38.2195], [145.3612, -38.22], [145.3649, -38.2219], [145.3667, -38.2223], [145.3704, -38.2228], [145.3797, -38.2213], [145.3819, -38.2217], [145.3844, -38.221], [145.3874, -38.2223], [145.3897, -38.2224], [145.3911, -38.2213], [145.3919, -38.224], [145.3935, -38.2244], [145.3982, -38.2261], [145.4019, -38.2262], [145.4088, -38.2276], [145.4103, -38.228], [145.4121, -38.2279], [145.4145, -38.2264], [145.4161, -38.2259], [145.4178, -38.2239], [145.4189, -38.2208], [145.4216, -38.2178], [145.4234, -38.2165], [145.4263, -38.216], [145.4294, -38.2166], [145.4305, -38.2165], [145.43, -38.2152], [145.4306, -38.2144], [145.4281, -38.2134], [145.427, -38.2112], [145.4253, -38.2109], [145.4234, -38.2098], [145.4223, -38.21], [145.4167, -38.2038], [145.4171, -38.2019], [145.4177, -38.2013], [145.4183, -38.1985], [145.3952, -38.1955], [145.3957, -38.1934], [145.3889, -38.1925], [145.3932, -38.1719]]]}, "properties": {"SA2_CODE21": "212031308", "Area": "Pearcedale \u2013 Tooradin", "% dwellings within 400m of any bus service": 0.737952, "% dwellings with 800m of a high quality bus service": 0, "dwellings_2025": 3079, "population_2025": 8252, "SEIFA_Score": 988, "SEIFA_Decile": 5, "% dwellings within 400m of any public transport service": 0.737952, "% dwellings with 800m of a high quality public transport service": 0, "Binned_any_bus_service_400m_dwellings_percent": 0.7, "Categorical_any_bus_service_400m_dwellings_percent": "70\u201380%", "Binned_high_quality_bus_service_800m_dwellings_percent": 0, "Categorical_high_quality_bus_service_800m_dwellings_percent": "0\u201310%", "Binned_any_public_transport_400m_dwellings_percent": 0.7, "Categorical_any_public_transport_400m_dwellings_percent": "70\u201380%", "Binned_high_quality_public_transport_800m_dwellings_percent": 0, "Categorical_high_quality_public_transport_800m_dwellings_percent": "0\u201310%", "area_km2": 98.5112}}, {"type": "Feature", "geometry": {"type": "Polygon", "coordinates": [[[145.3036, -38.0437], [145.302, -38.0511], [145.2982, -38.0699], [145.3071, -38.0709], [145.3166, -38.0722], [145.3218, -38.0728], [145.3229, -38.071], [145.3251, -38.0689], [145.3262, -38.0676], [145.3279, -38.0678], [145.3297, -38.059], [145.3226, -38.058], [145.3212, -38.0567], [145.3208, -38.0536], [145.3203, -38.0521], [145.3184, -38.05], [145.3182, -38.0486], [145.3196, -38.0456], [145.3209, -38.0442], [145.3087, -38.0432], [145.3041, -38.0415], [145.3036, -38.0437]]]}, "properties": {"SA2_CODE21": "212031457", "Area": "Narre Warren South \u2013 East", "% dwellings within 400m of any bus service": 0.949068, "% dwellings with 800m of a high quality bus service": 0, "dwellings_2025": 3946, "population_2025": 13324, "SEIFA_Score": 1023, "SEIFA_Decile": 7, "% dwellings within 400m of any public transport service": 0.949068, "% dwellings with 800m of a high quality public transport service": 0, "Binned_any_bus_service_400m_dwellings_percent": 0.9, "Categorical_any_bus_service_400m_dwellings_percent": "90\u2013100%", "Binned_high_quality_bus_service_800m_dwellings_percent": 0, "Categorical_high_quality_bus_service_800m_dwellings_percent": "0\u201310%", "Binned_any_public_transport_400m_dwellings_percent": 0.9, "Categorical_any_public_transport_400m_dwellings_percent": "90\u2013100%", "Binned_high_quality_public_transport_800m_dwellings_percent": 0, "Categorical_high_quality_public_transport_800m_dwellings_percent": "0\u201310%", "area_km2": 6.2204}}, {"type": "Feature", "geometry": {"type": "Polygon", "coordinates": [[[145.2886, -38.0247], [145.2798, -38.0673], [145.2891, -38.0684], [145.2911, -38.069], [145.2941, -38.0711], [145.2951, -38.0714], [145.2978, -38.0718], [145.2982, -38.0699], [145.302, -38.0511], [145.3036, -38.0437], [145.3016, -38.0427], [145.3001, -38.0396], [145.2988, -38.0385], [145.2982, -38.0372], [145.2984, -38.0346], [145.2996, -38.0328], [145.2996, -38.0312], [145.2991, -38.0306], [145.2969, -38.0297], [145.2936, -38.0274], [145.292, -38.0253], [145.2909, -38.0248], [145.2886, -38.0247]]]}, "properties": {"SA2_CODE21": "212031458", "Area": "Narre Warren South \u2013 West", "% dwellings within 400m of any bus service": 0.954851, "% dwellings with 800m of a high quality bus service": 0, "dwellings_2025": 5049, "population_2025": 16948, "SEIFA_Score": 965, "SEIFA_Decile": 4, "% dwellings within 400m of any public transport service": 0.954851, "% dwellings with 800m of a high quality public transport service": 0, "Binned_any_bus_service_400m_dwellings_percent": 0.9, "Categorical_any_bus_service_400m_dwellings_percent": "90\u2013100%", "Binned_high_quality_bus_service_800m_dwellings_percent": 0, "Categorical_high_quality_bus_service_800m_dwellings_percent": "0\u201310%", "Binned_any_public_transport_400m_dwellings_percent": 0.9, "Categorical_any_public_transport_400m_dwellings_percent": "90\u2013100%", "Binned_high_quality_public_transport_800m_dwellings_percent": 0, "Categorical_high_quality_public_transport_800m_dwellings_percent": "0\u201310%", "area_km2": 6.7771}}, {"type": "Feature", "geometry": {"type": "Polygon", "coordinates": [[[145.3765, -38.0796], [145.3595, -38.0775], [145.3354, -38.0745], [145.3327, -38.0892], [145.3326, -38.0895], [145.335, -38.0895], [145.3513, -38.0915], [145.379, -38.0948], [145.3797, -38.0924], [145.3849, -38.093], [145.3851, -38.0924], [145.3836, -38.0917], [145.3822, -38.0905], [145.3808, -38.0874], [145.382, -38.0864], [145.3818, -38.0858], [145.3803, -38.0849], [145.3806, -38.0838], [145.3802, -38.0813], [145.3786, -38.0798], [145.3765, -38.0796]]]}, "properties": {"SA2_CODE21": "212031555", "Area": "Clyde North \u2013 North", "% dwellings within 400m of any bus service": 0.747614, "% dwellings with 800m of a high quality bus service": 0, "dwellings_2025": 4373, "population_2025": 14196, "SEIFA_Score": 1067, "SEIFA_Decile": 8, "% dwellings within 400m of any public transport service": 0.747614, "% dwellings with 800m of a high quality public transport service": 0, "Binned_any_bus_service_400m_dwellings_percent": 0.7, "Categorical_any_bus_service_400m_dwellings_percent": "70\u201380%", "Binned_high_quality_bus_service_800m_dwellings_percent": 0, "Categorical_high_quality_bus_service_800m_dwellings_percent": "0\u201310%", "Binned_any_public_transport_400m_dwellings_percent": 0.7, "Categorical_any_public_transport_400m_dwellings_percent": "70\u201380%", "Binned_high_quality_public_transport_800m_dwellings_percent": 0, "Categorical_high_quality_public_transport_800m_dwellings_percent": "0\u201310%", "area_km2": 6.8833}}, {"type": "Feature", "geometry": {"type": "Polygon", "coordinates": [[[145.3849, -38.093], [145.3797, -38.0924], [145.379, -38.0948], [145.3513, -38.0915], [145.335, -38.0895], [145.3326, -38.0895], [145.3302, -38.1039], [145.3272, -38.1187], [145.346, -38.1209], [145.365, -38.1232], [145.3831, -38.1256], [145.3834, -38.1256], [145.3845, -38.124], [145.3874, -38.1212], [145.3885, -38.1205], [145.3966, -38.1193], [145.4017, -38.1192], [145.4019, -38.1183], [145.3999, -38.1155], [145.399, -38.1132], [145.4008, -38.1107], [145.4006, -38.1077], [145.3985, -38.1049], [145.399, -38.1017], [145.3978, -38.0999], [145.3963, -38.0992], [145.395, -38.0977], [145.3928, -38.0973], [145.3916, -38.0962], [145.3907, -38.0947], [145.3891, -38.0939], [145.3879, -38.0942], [145.3849, -38.093]]]}, "properties": {"SA2_CODE21": "212031556", "Area": "Clyde North \u2013 South", "% dwellings within 400m of any bus service": 0.852636, "% dwellings with 800m of a high quality bus service": 0.267411, "dwellings_2025": 8729, "population_2025": 28280, "SEIFA_Score": 1042, "SEIFA_Decile": 7, "% dwellings within 400m of any public transport service": 0.852636, "% dwellings with 800m of a high quality public transport service": 0.267411, "Binned_any_bus_service_400m_dwellings_percent": 0.8, "Categorical_any_bus_service_400m_dwellings_percent": "80\u201390%", "Binned_high_quality_bus_service_800m_dwellings_percent": 0.2, "Categorical_high_quality_bus_service_800m_dwellings_percent": "20\u201330%", "Binned_any_public_transport_400m_dwellings_percent": 0.8, "Categorical_any_public_transport_400m_dwellings_percent": "80\u201390%", "Binned_high_quality_public_transport_800m_dwellings_percent": 0.2, "Categorical_high_quality_public_transport_800m_dwellings_percent": "20\u201330%", "area_km2": 19.6543}}, {"type": "Feature", "geometry": {"type": "Polygon", "coordinates": [[[145.2912, -38.1062], [145.2964, -38.1091], [145.3, -38.1114], [145.3082, -38.1163], [145.3087, -38.1164], [145.3219, -38.1244], [145.3255, -38.1274], [145.3272, -38.1187], [145.3302, -38.1039], [145.3326, -38.0895], [145.3327, -38.0892], [145.3249, -38.0883], [145.2954, -38.0845], [145.2912, -38.1062]]]}, "properties": {"SA2_CODE21": "212031557", "Area": "Cranbourne East \u2013 North", "% dwellings within 400m of any bus service": 0.941482, "% dwellings with 800m of a high quality bus service": 0.314044, "dwellings_2025": 7844, "population_2025": 25308, "SEIFA_Score": 984, "SEIFA_Decile": 5, "% dwellings within 400m of any public transport service": 0.941482, "% dwellings with 800m of a high quality public transport service": 0.314044, "Binned_any_bus_service_400m_dwellings_percent": 0.9, "Categorical_any_bus_service_400m_dwellings_percent": "90\u2013100%", "Binned_high_quality_bus_service_800m_dwellings_percent": 0.3, "Categorical_high_quality_bus_service_800m_dwellings_percent": "30\u201340%", "Binned_any_public_transport_400m_dwellings_percent": 0.9, "Categorical_any_public_transport_400m_dwellings_percent": "90\u2013100%", "Binned_high_quality_public_transport_800m_dwellings_percent": 0.3, "Categorical_high_quality_public_transport_800m_dwellings_percent": "30\u201340%", "area_km2": 11.0254}}, {"type": "Feature", "geometry": {"type": "Polygon", "coordinates": [[[145.2913, -38.1291], [145.2914, -38.1293], [145.3243, -38.1335], [145.3255, -38.1274], [145.3219, -38.1244], [145.3087, -38.1164], [145.3082, -38.1163], [145.3, -38.1114], [145.2964, -38.1091], [145.2912, -38.1062], [145.2882, -38.1215], [145.2913, -38.1291]]]}, "properties": {"SA2_CODE21": "212031558", "Area": "Cranbourne East \u2013 South", "% dwellings within 400m of any bus service": 0.340888, "% dwellings with 800m of a high quality bus service": 0.038985, "dwellings_2025": 5152, "population_2025": 15732, "SEIFA_Score": 1004, "SEIFA_Decile": 6, "% dwellings within 400m of any public transport service": 0.340888, "% dwellings with 800m of a high quality public transport service": 0.038985, "Binned_any_bus_service_400m_dwellings_percent": 0.3, "Categorical_any_bus_service_400m_dwellings_percent": "30\u201340%", "Binned_high_quality_bus_service_800m_dwellings_percent": 0, "Categorical_high_quality_bus_service_800m_dwellings_percent": "0\u201310%", "Binned_any_public_transport_400m_dwellings_percent": 0.3, "Categorical_any_public_transport_400m_dwellings_percent": "30\u201340%", "Binned_high_quality_public_transport_800m_dwellings_percent": 0, "Categorical_high_quality_public_transport_800m_dwellings_percent": "0\u201310%", "area_km2": 5.3272}}, {"type": "Feature", "geometry": {"type": "Polygon", "coordinates": [[[145.3218, -38.0728], [145.3166, -38.0722], [145.3071, -38.0709], [145.2982, -38.0699], [145.2978, -38.0718], [145.2954, -38.0845], [145.3249, -38.0883], [145.3327, -38.0892], [145.3354, -38.0745], [145.3218, -38.0728]]]}, "properties": {"SA2_CODE21": "212031559", "Area": "Cranbourne North \u2013 East", "% dwellings within 400m of any bus service": 0.931408, "% dwellings with 800m of a high quality bus service": 0, "dwellings_2025": 3949, "population_2025": 13541, "SEIFA_Score": 1012, "SEIFA_Decile": 6, "% dwellings within 400m of any public transport service": 0.931408, "% dwellings with 800m of a high quality public transport service": 0, "Binned_any_bus_service_400m_dwellings_percent": 0.9, "Categorical_any_bus_service_400m_dwellings_percent": "90\u2013100%", "Binned_high_quality_bus_service_800m_dwellings_percent": 0, "Categorical_high_quality_bus_service_800m_dwellings_percent": "0\u201310%", "Binned_any_public_transport_400m_dwellings_percent": 0.9, "Categorical_any_public_transport_400m_dwellings_percent": "90\u2013100%", "Binned_high_quality_public_transport_800m_dwellings_percent": 0, "Categorical_high_quality_public_transport_800m_dwellings_percent": "0\u201310%", "area_km2": 5.4545}}, {"type": "Feature", "geometry": {"type": "Polygon", "coordinates": [[[145.2954, -38.0845], [145.2978, -38.0718], [145.2951, -38.0714], [145.2941, -38.0711], [145.2911, -38.069], [145.2891, -38.0684], [145.2798, -38.0673], [145.2798, -38.0676], [145.2662, -38.0659], [145.265, -38.0658], [145.2646, -38.0677], [145.263, -38.0674], [145.2627, -38.0689], [145.2643, -38.0694], [145.2626, -38.0773], [145.2625, -38.0776], [145.2648, -38.0807], [145.2675, -38.081], [145.2791, -38.0826], [145.2954, -38.0845]]]}, "properties": {"SA2_CODE21": "212031560", "Area": "Cranbourne North \u2013 West", "% dwellings within 400m of any bus service": 0.948718, "% dwellings with 800m of a high quality bus service": 0.072261, "dwellings_2025": 4198, "population_2025": 12090, "SEIFA_Score": 931, "SEIFA_Decile": 3, "% dwellings within 400m of any public transport service": 0.948718, "% dwellings with 800m of a high quality public transport service": 0.104895, "Binned_any_bus_service_400m_dwellings_percent": 0.9, "Categorical_any_bus_service_400m_dwellings_percent": "90\u2013100%", "Binned_high_quality_bus_service_800m_dwellings_percent": 0, "Categorical_high_quality_bus_service_800m_dwellings_percent": "0\u201310%", "Binned_any_public_transport_400m_dwellings_percent": 0.9, "Categorical_any_public_transport_400m_dwellings_percent": "90\u2013100%", "Binned_high_quality_public_transport_800m_dwellings_percent": 0.1, "Categorical_high_quality_public_transport_800m_dwellings_percent": "10\u201320%", "area_km2": 4.7849}}, {"type": "Feature", "geometry": {"type": "Polygon", "coordinates": [[[145.2705, -38.0199], [145.2694, -38.0257], [145.2676, -38.0334], [145.2653, -38.0448], [145.2628, -38.0572], [145.2623, -38.0575], [145.2662, -38.0659], [145.2798, -38.0676], [145.2798, -38.0673], [145.2886, -38.0247], [145.286, -38.0253], [145.2868, -38.0216], [145.2742, -38.0203], [145.2705, -38.0199]]]}, "properties": {"SA2_CODE21": "212031561", "Area": "Hampton Park \u2013 East", "% dwellings within 400m of any bus service": 0.971942, "% dwellings with 800m of a high quality bus service": 0.085297, "dwellings_2025": 4192, "population_2025": 12921, "SEIFA_Score": 917, "SEIFA_Decile": 2, "% dwellings within 400m of any public transport service": 0.971942, "% dwellings with 800m of a high quality public transport service": 0.085297, "Binned_any_bus_service_400m_dwellings_percent": 0.9, "Categorical_any_bus_service_400m_dwellings_percent": "90\u2013100%", "Binned_high_quality_bus_service_800m_dwellings_percent": 0, "Categorical_high_quality_bus_service_800m_dwellings_percent": "0\u201310%", "Binned_any_public_transport_400m_dwellings_percent": 0.9, "Categorical_any_public_transport_400m_dwellings_percent": "90\u2013100%", "Binned_high_quality_public_transport_800m_dwellings_percent": 0, "Categorical_high_quality_public_transport_800m_dwellings_percent": "0\u201310%", "area_km2": 8.2189}}, {"type": "Feature", "geometry": {"type": "Polygon", "coordinates": [[[145.249, -38.017], [145.2468, -38.0253], [145.2466, -38.0281], [145.2472, -38.0364], [145.2491, -38.0379], [145.2552, -38.0471], [145.2591, -38.0454], [145.2653, -38.0448], [145.2676, -38.0334], [145.2694, -38.0257], [145.2705, -38.0199], [145.2609, -38.0187], [145.2587, -38.019], [145.2567, -38.0187], [145.2549, -38.0178], [145.249, -38.017]]]}, "properties": {"SA2_CODE21": "212031562", "Area": "Hampton Park \u2013 West", "% dwellings within 400m of any bus service": 0.985944, "% dwellings with 800m of a high quality bus service": 0.095382, "dwellings_2025": 4680, "population_2025": 13581, "SEIFA_Score": 898, "SEIFA_Decile": 2, "% dwellings within 400m of any public transport service": 0.985944, "% dwellings with 800m of a high quality public transport service": 0.095382, "Binned_any_bus_service_400m_dwellings_percent": 0.9, "Categorical_any_bus_service_400m_dwellings_percent": "90\u2013100%", "Binned_high_quality_bus_service_800m_dwellings_percent": 0, "Categorical_high_quality_bus_service_800m_dwellings_percent": "0\u201310%", "Binned_any_public_transport_400m_dwellings_percent": 0.9, "Categorical_any_public_transport_400m_dwellings_percent": "90\u2013100%", "Binned_high_quality_public_transport_800m_dwellings_percent": 0, "Categorical_high_quality_public_transport_800m_dwellings_percent": "0\u201310%", "area_km2": 5.1234}}, {"type": "Feature", "geometry": {"type": "Polygon", "coordinates": [[[145.0795, -37.9387], [145.0871, -37.9396], [145.0896, -37.9402], [145.0939, -37.942], [145.0972, -37.9444], [145.0994, -37.947], [145.1002, -37.9488], [145.1031, -37.9563], [145.1123, -37.9575], [145.1134, -37.9576], [145.1163, -37.9429], [145.1071, -37.9418], [145.1099, -37.9274], [145.1075, -37.9271], [145.0825, -37.924], [145.0812, -37.9301], [145.08, -37.9371], [145.0795, -37.9387]]]}, "properties": {"SA2_CODE21": "212041309", "Area": "Clarinda \u2013 Oakleigh South", "% dwellings within 400m of any bus service": 0.969819, "% dwellings with 800m of a high quality bus service": 0.643863, "dwellings_2025": 4386, "population_2025": 11725, "SEIFA_Score": 995, "SEIFA_Decile": 5, "% dwellings within 400m of any public transport service": 0.969819, "% dwellings with 800m of a high quality public transport service": 0.643863, "Binned_any_bus_service_400m_dwellings_percent": 0.9, "Categorical_any_bus_service_400m_dwellings_percent": "90\u2013100%", "Binned_high_quality_bus_service_800m_dwellings_percent": 0.6, "Categorical_high_quality_bus_service_800m_dwellings_percent": "60\u201370%", "Binned_any_public_transport_400m_dwellings_percent": 0.9, "Categorical_any_public_transport_400m_dwellings_percent": "90\u2013100%", "Binned_high_quality_public_transport_800m_dwellings_percent": 0.6, "Categorical_high_quality_public_transport_800m_dwellings_percent": "60\u201370%", "area_km2": 6.3227}}, {"type": "Feature", "geometry": {"type": "Polygon", "coordinates": [[[145.1134, -37.9576], [145.1307, -37.9598], [145.1305, -37.9605], [145.1319, -37.9599], [145.1366, -37.9605], [145.1379, -37.9528], [145.1401, -37.9421], [145.1401, -37.9397], [145.1397, -37.9395], [145.1413, -37.9313], [145.1099, -37.9274], [145.1071, -37.9418], [145.1163, -37.9429], [145.1134, -37.9576]]]}, "properties": {"SA2_CODE21": "212041310", "Area": "Clayton South", "% dwellings within 400m of any bus service": 0.997931, "% dwellings with 800m of a high quality bus service": 0.614483, "dwellings_2025": 6076, "population_2025": 14591, "SEIFA_Score": 979, "SEIFA_Decile": 5, "% dwellings within 400m of any public transport service": 0.997931, "% dwellings with 800m of a high quality public transport service": 0.649655, "Binned_any_bus_service_400m_dwellings_percent": 0.9, "Categorical_any_bus_service_400m_dwellings_percent": "90\u2013100%", "Binned_high_quality_bus_service_800m_dwellings_percent": 0.6, "Categorical_high_quality_bus_service_800m_dwellings_percent": "60\u201370%", "Binned_any_public_transport_400m_dwellings_percent": 0.9, "Categorical_any_public_transport_400m_dwellings_percent": "90\u2013100%", "Binned_high_quality_public_transport_800m_dwellings_percent": 0.6, "Categorical_high_quality_public_transport_800m_dwellings_percent": "60\u201370%", "area_km2": 7.938}}, {"type": "Feature", "geometry": {"type": "Polygon", "coordinates": [[[145.2192, -37.9401], [145.2107, -37.9391], [145.195, -37.9378], [145.1987, -37.941], [145.1965, -37.9529], [145.1963, -37.9552], [145.2026, -37.956], [145.2006, -37.9594], [145.1969, -37.9639], [145.1957, -37.9658], [145.1951, -37.9675], [145.2, -37.9683], [145.2232, -37.971], [145.2341, -37.9722], [145.2329, -37.9703], [145.2329, -37.9676], [145.2332, -37.9662], [145.2336, -37.9641], [145.2324, -37.9613], [145.2334, -37.9603], [145.234, -37.9588], [145.2336, -37.9548], [145.2322, -37.9526], [145.2303, -37.9526], [145.2292, -37.9521], [145.227, -37.9506], [145.2258, -37.9492], [145.226, -37.9482], [145.2251, -37.9475], [145.2243, -37.9462], [145.2236, -37.9462], [145.2223, -37.9445], [145.2224, -37.9435], [145.2211, -37.9432], [145.2203, -37.9411], [145.2192, -37.9401]]]}, "properties": {"SA2_CODE21": "212041312", "Area": "Dandenong North", "% dwellings within 400m of any bus service": 0.997066, "% dwellings with 800m of a high quality bus service": 0.035798, "dwellings_2025": 8461, "population_2025": 22927, "SEIFA_Score": 934, "SEIFA_Decile": 3, "% dwellings within 400m of any public transport service": 0.997066, "% dwellings with 800m of a high quality public transport service": 0.035798, "Binned_any_bus_service_400m_dwellings_percent": 0.9, "Categorical_any_bus_service_400m_dwellings_percent": "90\u2013100%", "Binned_high_quality_bus_service_800m_dwellings_percent": 0, "Categorical_high_quality_bus_service_800m_dwellings_percent": "0\u201310%", "Binned_any_public_transport_400m_dwellings_percent": 0.9, "Categorical_any_public_transport_400m_dwellings_percent": "90\u2013100%", "Binned_high_quality_public_transport_800m_dwellings_percent": 0, "Categorical_high_quality_public_transport_800m_dwellings_percent": "0\u201310%", "area_km2": 9.459}}, {"type": "Feature", "geometry": {"type": "Polygon", "coordinates": [[[145.1447, -37.9909], [145.1447, -37.9908], [145.1459, -37.9836], [145.1453, -37.9832], [145.1433, -37.9809], [145.1396, -37.9755], [145.1353, -37.9683], [145.1331, -37.964], [145.132, -37.9627], [145.1296, -37.9615], [145.1305, -37.9605], [145.1307, -37.9598], [145.1134, -37.9576], [145.1123, -37.9575], [145.1106, -37.9663], [145.1121, -37.9698], [145.1117, -37.9723], [145.1171, -37.973], [145.1163, -37.9744], [145.1161, -37.9775], [145.1163, -37.98], [145.1172, -37.9837], [145.1181, -37.9852], [145.1189, -37.9878], [145.1337, -37.9896], [145.1447, -37.9909]]]}, "properties": {"SA2_CODE21": "212041313", "Area": "Dingley Village", "% dwellings within 400m of any bus service": 0.907801, "% dwellings with 800m of a high quality bus service": 0.308511, "dwellings_2025": 4052, "population_2025": 10653, "SEIFA_Score": 1048, "SEIFA_Decile": 8, "% dwellings within 400m of any public transport service": 0.907801, "% dwellings with 800m of a high quality public transport service": 0.308511, "Binned_any_bus_service_400m_dwellings_percent": 0.9, "Categorical_any_bus_service_400m_dwellings_percent": "90\u2013100%", "Binned_high_quality_bus_service_800m_dwellings_percent": 0.3, "Categorical_high_quality_bus_service_800m_dwellings_percent": "30\u201340%", "Binned_any_public_transport_400m_dwellings_percent": 0.9, "Categorical_any_public_transport_400m_dwellings_percent": "90\u2013100%", "Binned_high_quality_public_transport_800m_dwellings_percent": 0.3, "Categorical_high_quality_public_transport_800m_dwellings_percent": "30\u201340%", "area_km2": 7.2437}}, {"type": "Feature", "geometry": {"type": "Polygon", "coordinates": [[[145.195, -37.9378], [145.1925, -37.9376], [145.1834, -37.9365], [145.1831, -37.9383], [145.1848, -37.9385], [145.1866, -37.9395], [145.1872, -37.9413], [145.1866, -37.9445], [145.186, -37.9455], [145.1846, -37.9463], [145.1831, -37.9466], [145.1816, -37.9464], [145.1807, -37.951], [145.176, -37.9505], [145.1951, -37.9675], [145.1957, -37.9658], [145.1969, -37.9639], [145.2006, -37.9594], [145.2026, -37.956], [145.1963, -37.9552], [145.1965, -37.9529], [145.1987, -37.941], [145.195, -37.9378]]]}, "properties": {"SA2_CODE21": "212041316", "Area": "Noble Park North", "% dwellings within 400m of any bus service": 0.98546, "% dwellings with 800m of a high quality bus service": 0.06462, "dwellings_2025": 2931, "population_2025": 7613, "SEIFA_Score": 936, "SEIFA_Decile": 3, "% dwellings within 400m of any public transport service": 0.98546, "% dwellings with 800m of a high quality public transport service": 0.06462, "Binned_any_bus_service_400m_dwellings_percent": 0.9, "Categorical_any_bus_service_400m_dwellings_percent": "90\u2013100%", "Binned_high_quality_bus_service_800m_dwellings_percent": 0, "Categorical_high_quality_bus_service_800m_dwellings_percent": "0\u201310%", "Binned_any_public_transport_400m_dwellings_percent": 0.9, "Categorical_any_public_transport_400m_dwellings_percent": "90\u2013100%", "Binned_high_quality_public_transport_800m_dwellings_percent": 0, "Categorical_high_quality_public_transport_800m_dwellings_percent": "0\u201310%", "area_km2": 3.7574}}, {"type": "Feature", "geometry": {"type": "Polygon", "coordinates": [[[145.1366, -37.9605], [145.161, -37.9635], [145.1625, -37.9637], [145.1637, -37.9573], [145.1629, -37.9563], [145.17, -37.9572], [145.1716, -37.9484], [145.1727, -37.9475], [145.176, -37.9505], [145.1807, -37.951], [145.1816, -37.9464], [145.1831, -37.9466], [145.1846, -37.9463], [145.186, -37.9455], [145.1866, -37.9445], [145.1872, -37.9413], [145.1866, -37.9395], [145.1848, -37.9385], [145.1831, -37.9383], [145.1834, -37.9365], [145.1743, -37.9353], [145.1567, -37.9331], [145.1559, -37.9324], [145.1475, -37.9272], [145.1434, -37.9245], [145.1427, -37.9258], [145.1416, -37.9314], [145.1413, -37.9313], [145.1397, -37.9395], [145.1401, -37.9397], [145.1401, -37.9421], [145.1379, -37.9528], [145.1366, -37.9605]]]}, "properties": {"SA2_CODE21": "212041317", "Area": "Springvale", "% dwellings within 400m of any bus service": 0.933167, "% dwellings with 800m of a high quality bus service": 0.305237, "dwellings_2025": 8622, "population_2025": 23721, "SEIFA_Score": 900, "SEIFA_Decile": 2, "% dwellings within 400m of any public transport service": 0.934165, "% dwellings with 800m of a high quality public transport service": 0.308229, "Binned_any_bus_service_400m_dwellings_percent": 0.9, "Categorical_any_bus_service_400m_dwellings_percent": "90\u2013100%", "Binned_high_quality_bus_service_800m_dwellings_percent": 0.3, "Categorical_high_quality_bus_service_800m_dwellings_percent": "30\u201340%", "Binned_any_public_transport_400m_dwellings_percent": 0.9, "Categorical_any_public_transport_400m_dwellings_percent": "90\u2013100%", "Binned_high_quality_public_transport_800m_dwellings_percent": 0.3, "Categorical_high_quality_public_transport_800m_dwellings_percent": "30\u201340%", "area_km2": 11.1052}}, {"type": "Feature", "geometry": {"type": "Polygon", "coordinates": [[[145.1305, -37.9605], [145.1296, -37.9615], [145.132, -37.9627], [145.1331, -37.964], [145.1353, -37.9683], [145.1396, -37.9755], [145.1433, -37.9809], [145.1453, -37.9832], [145.1459, -37.9836], [145.1462, -37.9821], [145.148, -37.9828], [145.1555, -37.9836], [145.156, -37.9809], [145.1586, -37.9812], [145.1592, -37.9781], [145.1586, -37.9768], [145.1597, -37.976], [145.1614, -37.9754], [145.1598, -37.9741], [145.1601, -37.9725], [145.1587, -37.9723], [145.1591, -37.9705], [145.16, -37.9706], [145.1607, -37.9668], [145.1618, -37.9665], [145.162, -37.9655], [145.1607, -37.9649], [145.161, -37.9635], [145.1366, -37.9605], [145.1319, -37.9599], [145.1305, -37.9605]]]}, "properties": {"SA2_CODE21": "212041318", "Area": "Springvale South", "% dwellings within 400m of any bus service": 0.992045, "% dwellings with 800m of a high quality bus service": 0.203409, "dwellings_2025": 4179, "population_2025": 12943, "SEIFA_Score": 878, "SEIFA_Decile": 1, "% dwellings within 400m of any public transport service": 0.992045, "% dwellings with 800m of a high quality public transport service": 0.203409, "Binned_any_bus_service_400m_dwellings_percent": 0.9, "Categorical_any_bus_service_400m_dwellings_percent": "90\u2013100%", "Binned_high_quality_bus_service_800m_dwellings_percent": 0.2, "Categorical_high_quality_bus_service_800m_dwellings_percent": "20\u201330%", "Binned_any_public_transport_400m_dwellings_percent": 0.9, "Categorical_any_public_transport_400m_dwellings_percent": "90\u2013100%", "Binned_high_quality_public_transport_800m_dwellings_percent": 0.2, "Categorical_high_quality_public_transport_800m_dwellings_percent": "20\u201330%", "area_km2": 4.56}}, {"type": "Feature", "geometry": {"type": "Polygon", "coordinates": [[[145.176, -37.9505], [145.1727, -37.9475], [145.1716, -37.9484], [145.17, -37.9572], [145.1629, -37.9563], [145.1637, -37.9573], [145.1836, -37.9723], [145.19, -37.9769], [145.1923, -37.9785], [145.1919, -37.9802], [145.1926, -37.983], [145.1941, -37.9832], [145.194, -37.9826], [145.1957, -37.9815], [145.1965, -37.9815], [145.1969, -37.9804], [145.1963, -37.9798], [145.1964, -37.9788], [145.1932, -37.978], [145.1951, -37.9675], [145.176, -37.9505]]]}, "properties": {"SA2_CODE21": "212041459", "Area": "Noble Park \u2013 East", "% dwellings within 400m of any bus service": 0.862457, "% dwellings with 800m of a high quality bus service": 0.136678, "dwellings_2025": 5626, "population_2025": 13364, "SEIFA_Score": 921, "SEIFA_Decile": 2, "% dwellings within 400m of any public transport service": 0.903979, "% dwellings with 800m of a high quality public transport service": 0.182526, "Binned_any_bus_service_400m_dwellings_percent": 0.8, "Categorical_any_bus_service_400m_dwellings_percent": "80\u201390%", "Binned_high_quality_bus_service_800m_dwellings_percent": 0.1, "Categorical_high_quality_bus_service_800m_dwellings_percent": "10\u201320%", "Binned_any_public_transport_400m_dwellings_percent": 0.9, "Categorical_any_public_transport_400m_dwellings_percent": "90\u2013100%", "Binned_high_quality_public_transport_800m_dwellings_percent": 0.1, "Categorical_high_quality_public_transport_800m_dwellings_percent": "10\u201320%", "area_km2": 3.7671}}, {"type": "Feature", "geometry": {"type": "Polygon", "coordinates": [[[145.161, -37.9635], [145.1607, -37.9649], [145.162, -37.9655], [145.1618, -37.9665], [145.1607, -37.9668], [145.16, -37.9706], [145.1591, -37.9705], [145.1587, -37.9723], [145.1601, -37.9725], [145.1598, -37.9741], [145.1614, -37.9754], [145.1597, -37.976], [145.1586, -37.9768], [145.1592, -37.9781], [145.1586, -37.9812], [145.1618, -37.9815], [145.1629, -37.981], [145.1648, -37.9811], [145.165, -37.9799], [145.1663, -37.9803], [145.1688, -37.9829], [145.1705, -37.982], [145.1703, -37.9837], [145.1761, -37.9842], [145.1767, -37.9837], [145.1796, -37.984], [145.1797, -37.9837], [145.1834, -37.9841], [145.1843, -37.9818], [145.1906, -37.9824], [145.1916, -37.9817], [145.1919, -37.9802], [145.1923, -37.9785], [145.19, -37.9769], [145.1836, -37.9723], [145.1637, -37.9573], [145.1625, -37.9637], [145.161, -37.9635]]]}, "properties": {"SA2_CODE21": "212041460", "Area": "Noble Park \u2013 West", "% dwellings within 400m of any bus service": 0.981747, "% dwellings with 800m of a high quality bus service": 0, "dwellings_2025": 7422, "population_2025": 20338, "SEIFA_Score": 888, "SEIFA_Decile": 1, "% dwellings within 400m of any public transport service": 0.982399, "% dwellings with 800m of a high quality public transport service": 0.086701, "Binned_any_bus_service_400m_dwellings_percent": 0.9, "Categorical_any_bus_service_400m_dwellings_percent": "90\u2013100%", "Binned_high_quality_bus_service_800m_dwellings_percent": 0, "Categorical_high_quality_bus_service_800m_dwellings_percent": "0\u201310%", "Binned_any_public_transport_400m_dwellings_percent": 0.9, "Categorical_any_public_transport_400m_dwellings_percent": "90\u2013100%", "Binned_high_quality_public_transport_800m_dwellings_percent": 0, "Categorical_high_quality_public_transport_800m_dwellings_percent": "0\u201310%", "area_km2": 4.7946}}, {"type": "Feature", "geometry": {"type": "Polygon", "coordinates": [[[145.2341, -37.9722], [145.2232, -37.971], [145.2, -37.9683], [145.1951, -37.9675], [145.1932, -37.978], [145.1964, -37.9788], [145.1963, -37.9798], [145.1969, -37.9804], [145.1965, -37.9815], [145.2068, -37.9885], [145.2131, -37.9916], [145.2138, -37.9921], [145.2163, -37.9959], [145.2188, -37.9985], [145.226, -38.0018], [145.2255, -38.0005], [145.2273, -38.0008], [145.2286, -37.9938], [145.2265, -37.9935], [145.2273, -37.9926], [145.2277, -37.9902], [145.2291, -37.9897], [145.23, -37.9884], [145.2302, -37.9867], [145.232, -37.9846], [145.2325, -37.983], [145.2323, -37.9814], [145.2349, -37.9784], [145.2354, -37.9746], [145.2341, -37.9722]]]}, "properties": {"SA2_CODE21": "212041563", "Area": "Dandenong \u2013 North", "% dwellings within 400m of any bus service": 0.998631, "% dwellings with 800m of a high quality bus service": 0.519617, "dwellings_2025": 9443, "population_2025": 23009, "SEIFA_Score": 872, "SEIFA_Decile": 1, "% dwellings within 400m of any public transport service": 0.998631, "% dwellings with 800m of a high quality public transport service": 0.519617, "Binned_any_bus_service_400m_dwellings_percent": 0.9, "Categorical_any_bus_service_400m_dwellings_percent": "90\u2013100%", "Binned_high_quality_bus_service_800m_dwellings_percent": 0.5, "Categorical_high_quality_bus_service_800m_dwellings_percent": "50\u201360%", "Binned_any_public_transport_400m_dwellings_percent": 0.9, "Categorical_any_public_transport_400m_dwellings_percent": "90\u2013100%", "Binned_high_quality_public_transport_800m_dwellings_percent": 0.5, "Categorical_high_quality_public_transport_800m_dwellings_percent": "50\u201360%", "area_km2": 8.041}}, {"type": "Feature", "geometry": {"type": "Polygon", "coordinates": [[[145.1563, -38.0674], [145.1576, -38.0676], [145.2031, -38.0732], [145.2313, -38.0767], [145.2396, -38.0777], [145.2456, -38.0468], [145.2468, -38.0402], [145.2472, -38.0364], [145.2466, -38.0281], [145.2468, -38.0253], [145.249, -38.017], [145.2519, -38.0036], [145.228, -38.0008], [145.2273, -38.0008], [145.2255, -38.0005], [145.226, -38.0018], [145.2188, -37.9985], [145.2163, -37.9959], [145.2138, -37.9921], [145.2131, -37.9916], [145.2068, -37.9885], [145.1965, -37.9815], [145.1957, -37.9815], [145.194, -37.9826], [145.1941, -37.9832], [145.1927, -37.9899], [145.1921, -37.9948], [145.1927, -37.996], [145.1947, -37.9981], [145.1932, -38.0016], [145.1921, -38.0044], [145.1906, -38.0113], [145.1873, -38.0219], [145.1867, -38.0234], [145.1845, -38.0307], [145.1821, -38.0327], [145.1805, -38.0358], [145.1761, -38.0407], [145.173, -38.0438], [145.1723, -38.0443], [145.1469, -38.057], [145.1494, -38.0639], [145.1503, -38.0673], [145.1552, -38.0672], [145.1563, -38.0674]]]}, "properties": {"SA2_CODE21": "212041564", "Area": "Dandenong \u2013 South", "% dwellings within 400m of any bus service": 0.84843, "% dwellings with 800m of a high quality bus service": 0.292874, "dwellings_2025": 3472, "population_2025": 9844, "SEIFA_Score": 864, "SEIFA_Decile": 1, "% dwellings within 400m of any public transport service": 0.84843, "% dwellings with 800m of a high quality public transport service": 0.292874, "Binned_any_bus_service_400m_dwellings_percent": 0.8, "Categorical_any_bus_service_400m_dwellings_percent": "80\u201390%", "Binned_high_quality_bus_service_800m_dwellings_percent": 0.2, "Categorical_high_quality_bus_service_800m_dwellings_percent": "20\u201330%", "Binned_any_public_transport_400m_dwellings_percent": 0.8, "Categorical_any_public_transport_400m_dwellings_percent": "80\u201390%", "Binned_high_quality_public_transport_800m_dwellings_percent": 0.2, "Categorical_high_quality_public_transport_800m_dwellings_percent": "20\u201330%", "area_km2": 53.7832}}, {"type": "Feature", "geometry": {"type": "Polygon", "coordinates": [[[145.1447, -37.9908], [145.1562, -37.9922], [145.1561, -37.9929], [145.1588, -37.9956], [145.1625, -37.9971], [145.1709, -37.9981], [145.1725, -37.9982], [145.1735, -37.9978], [145.1748, -37.9961], [145.1756, -37.9976], [145.1768, -37.9987], [145.181, -37.9991], [145.1908, -38.0003], [145.1906, -38.0013], [145.1932, -38.0016], [145.1947, -37.9981], [145.1927, -37.996], [145.1921, -37.9948], [145.1927, -37.9899], [145.1941, -37.9832], [145.1926, -37.983], [145.1919, -37.9802], [145.1916, -37.9817], [145.1906, -37.9824], [145.1843, -37.9818], [145.1834, -37.9841], [145.1797, -37.9837], [145.1796, -37.984], [145.1767, -37.9837], [145.1761, -37.9842], [145.1703, -37.9837], [145.1705, -37.982], [145.1688, -37.9829], [145.1663, -37.9803], [145.165, -37.9799], [145.1648, -37.9811], [145.1629, -37.981], [145.1618, -37.9815], [145.1586, -37.9812], [145.156, -37.9809], [145.1555, -37.9836], [145.148, -37.9828], [145.1462, -37.9821], [145.1459, -37.9836], [145.1447, -37.9908]]]}, "properties": {"SA2_CODE21": "212041565", "Area": "Keysborough \u2013 North", "% dwellings within 400m of any bus service": 0.914356, "% dwellings with 800m of a high quality bus service": 0.154976, "dwellings_2025": 5242, "population_2025": 15300, "SEIFA_Score": 924, "SEIFA_Decile": 2, "% dwellings within 400m of any public transport service": 0.916803, "% dwellings with 800m of a high quality public transport service": 0.154976, "Binned_any_bus_service_400m_dwellings_percent": 0.9, "Categorical_any_bus_service_400m_dwellings_percent": "90\u2013100%", "Binned_high_quality_bus_service_800m_dwellings_percent": 0.1, "Categorical_high_quality_bus_service_800m_dwellings_percent": "10\u201320%", "Binned_any_public_transport_400m_dwellings_percent": 0.9, "Categorical_any_public_transport_400m_dwellings_percent": "90\u2013100%", "Binned_high_quality_public_transport_800m_dwellings_percent": 0.1, "Categorical_high_quality_public_transport_800m_dwellings_percent": "10\u201320%", "area_km2": 6.6053}}, {"type": "Feature", "geometry": {"type": "Polygon", "coordinates": [[[145.1335, -38.0254], [145.1353, -38.0277], [145.1378, -38.0323], [145.1435, -38.0477], [145.1448, -38.0515], [145.1469, -38.057], [145.1723, -38.0443], [145.173, -38.0438], [145.1761, -38.0407], [145.1805, -38.0358], [145.1821, -38.0327], [145.1845, -38.0307], [145.1867, -38.0234], [145.1873, -38.0219], [145.1906, -38.0113], [145.1921, -38.0044], [145.1932, -38.0016], [145.1906, -38.0013], [145.1908, -38.0003], [145.181, -37.9991], [145.1768, -37.9987], [145.1756, -37.9976], [145.1748, -37.9961], [145.1735, -37.9978], [145.1725, -37.9982], [145.1709, -37.9981], [145.1625, -37.9971], [145.1588, -37.9956], [145.1561, -37.9929], [145.1562, -37.9922], [145.1447, -37.9908], [145.1447, -37.9909], [145.1429, -38.0001], [145.1414, -38.0075], [145.1408, -38.0107], [145.1393, -38.0188], [145.1386, -38.02], [145.1335, -38.0254]]]}, "properties": {"SA2_CODE21": "212041566", "Area": "Keysborough \u2013 South", "% dwellings within 400m of any bus service": 0.822222, "% dwellings with 800m of a high quality bus service": 0.071795, "dwellings_2025": 5245, "population_2025": 16890, "SEIFA_Score": 1074, "SEIFA_Decile": 8, "% dwellings within 400m of any public transport service": 0.822222, "% dwellings with 800m of a high quality public transport service": 0.071795, "Binned_any_bus_service_400m_dwellings_percent": 0.8, "Categorical_any_bus_service_400m_dwellings_percent": "80\u201390%", "Binned_high_quality_bus_service_800m_dwellings_percent": 0, "Categorical_high_quality_bus_service_800m_dwellings_percent": "0\u201310%", "Binned_any_public_transport_400m_dwellings_percent": 0.8, "Categorical_any_public_transport_400m_dwellings_percent": "80\u201390%", "Binned_high_quality_public_transport_800m_dwellings_percent": 0, "Categorical_high_quality_public_transport_800m_dwellings_percent": "0\u201310%", "area_km2": 23.6738}}, {"type": "Feature", "geometry": {"type": "Polygon", "coordinates": [[[145.0922, -37.8719], [145.0907, -37.8803], [145.0892, -37.8878], [145.0941, -37.8899], [145.0953, -37.8911], [145.0979, -37.8906], [145.101, -37.8912], [145.1041, -37.891], [145.1059, -37.8929], [145.1069, -37.8931], [145.109, -37.8825], [145.1107, -37.8735], [145.114, -37.8555], [145.0951, -37.8533], [145.0937, -37.8614], [145.0921, -37.8706], [145.0922, -37.8719]]]}, "properties": {"SA2_CODE21": "212051319", "Area": "Ashwood \u2013 Chadstone", "% dwellings within 400m of any bus service": 0.950164, "% dwellings with 800m of a high quality bus service": 0.409639, "dwellings_2025": 8559, "population_2025": 20392, "SEIFA_Score": 1067, "SEIFA_Decile": 8, "% dwellings within 400m of any public transport service": 0.950164, "% dwellings with 800m of a high quality public transport service": 0.409639, "Binned_any_bus_service_400m_dwellings_percent": 0.9, "Categorical_any_bus_service_400m_dwellings_percent": "90\u2013100%", "Binned_high_quality_bus_service_800m_dwellings_percent": 0.4, "Categorical_high_quality_bus_service_800m_dwellings_percent": "40\u201350%", "Binned_any_public_transport_400m_dwellings_percent": 0.9, "Categorical_any_public_transport_400m_dwellings_percent": "90\u2013100%", "Binned_high_quality_public_transport_800m_dwellings_percent": 0.4, "Categorical_high_quality_public_transport_800m_dwellings_percent": "40\u201350%", "area_km2": 6.7088}}, {"type": "Feature", "geometry": {"type": "Polygon", "coordinates": [[[145.1961, -37.8882], [145.1951, -37.8874], [145.1959, -37.8866], [145.1949, -37.8856], [145.1952, -37.8832], [145.1931, -37.8824], [145.1917, -37.8803], [145.192, -37.8793], [145.1909, -37.879], [145.1919, -37.8778], [145.1913, -37.8768], [145.1923, -37.8759], [145.1932, -37.8743], [145.193, -37.8725], [145.1932, -37.8705], [145.1943, -37.869], [145.1951, -37.867], [145.1947, -37.8654], [145.1957, -37.8652], [145.1692, -37.862], [145.1655, -37.8813], [145.164, -37.8898], [145.1629, -37.8968], [145.1614, -37.9035], [145.1674, -37.9042], [145.1736, -37.9049], [145.1764, -37.8903], [145.2002, -37.8929], [145.2003, -37.8917], [145.1984, -37.8892], [145.1961, -37.8882]]]}, "properties": {"SA2_CODE21": "212051321", "Area": "Glen Waverley \u2013 East", "% dwellings within 400m of any bus service": 0.946996, "% dwellings with 800m of a high quality bus service": 0.136631, "dwellings_2025": 8206, "population_2025": 22212, "SEIFA_Score": 1084, "SEIFA_Decile": 9, "% dwellings within 400m of any public transport service": 0.946996, "% dwellings with 800m of a high quality public transport service": 0.136631, "Binned_any_bus_service_400m_dwellings_percent": 0.9, "Categorical_any_bus_service_400m_dwellings_percent": "90\u2013100%", "Binned_high_quality_bus_service_800m_dwellings_percent": 0.1, "Categorical_high_quality_bus_service_800m_dwellings_percent": "10\u201320%", "Binned_any_public_transport_400m_dwellings_percent": 0.9, "Categorical_any_public_transport_400m_dwellings_percent": "90\u2013100%", "Binned_high_quality_public_transport_800m_dwellings_percent": 0.1, "Categorical_high_quality_public_transport_800m_dwellings_percent": "10\u201320%", "area_km2": 9.1645}}, {"type": "Feature", "geometry": {"type": "Polygon", "coordinates": [[[145.1508, -37.8598], [145.1476, -37.8763], [145.1453, -37.8892], [145.1448, -37.8913], [145.1429, -37.9012], [145.1468, -37.9017], [145.1528, -37.9026], [145.1614, -37.9035], [145.1629, -37.8968], [145.164, -37.8898], [145.1655, -37.8813], [145.1692, -37.862], [145.1508, -37.8598]]]}, "properties": {"SA2_CODE21": "212051322", "Area": "Glen Waverley \u2013 West", "% dwellings within 400m of any bus service": 0.943406, "% dwellings with 800m of a high quality bus service": 0.286085, "dwellings_2025": 9228, "population_2025": 23519, "SEIFA_Score": 1074, "SEIFA_Decile": 8, "% dwellings within 400m of any public transport service": 0.943406, "% dwellings with 800m of a high quality public transport service": 0.308411, "Binned_any_bus_service_400m_dwellings_percent": 0.9, "Categorical_any_bus_service_400m_dwellings_percent": "90\u2013100%", "Binned_high_quality_bus_service_800m_dwellings_percent": 0.2, "Categorical_high_quality_bus_service_800m_dwellings_percent": "20\u201330%", "Binned_any_public_transport_400m_dwellings_percent": 0.9, "Categorical_any_public_transport_400m_dwellings_percent": "90\u2013100%", "Binned_high_quality_public_transport_800m_dwellings_percent": 0.3, "Categorical_high_quality_public_transport_800m_dwellings_percent": "30\u201340%", "area_km2": 7.6758}}, {"type": "Feature", "geometry": {"type": "Polygon", "coordinates": [[[145.114, -37.8555], [145.1107, -37.8735], [145.1162, -37.8751], [145.1217, -37.8756], [145.125, -37.8754], [145.14, -37.8754], [145.1476, -37.8763], [145.1508, -37.8598], [145.1435, -37.8589], [145.1314, -37.8575], [145.114, -37.8555]]]}, "properties": {"SA2_CODE21": "212051323", "Area": "Mount Waverley \u2013 North", "% dwellings within 400m of any bus service": 0.888181, "% dwellings with 800m of a high quality bus service": 0.345364, "dwellings_2025": 6487, "population_2025": 16687, "SEIFA_Score": 1091, "SEIFA_Decile": 9, "% dwellings within 400m of any public transport service": 0.888181, "% dwellings with 800m of a high quality public transport service": 0.348903, "Binned_any_bus_service_400m_dwellings_percent": 0.8, "Categorical_any_bus_service_400m_dwellings_percent": "80\u201390%", "Binned_high_quality_bus_service_800m_dwellings_percent": 0.3, "Categorical_high_quality_bus_service_800m_dwellings_percent": "30\u201340%", "Binned_any_public_transport_400m_dwellings_percent": 0.8, "Categorical_any_public_transport_400m_dwellings_percent": "80\u201390%", "Binned_high_quality_public_transport_800m_dwellings_percent": 0.3, "Categorical_high_quality_public_transport_800m_dwellings_percent": "30\u201340%", "area_km2": 6.484}}, {"type": "Feature", "geometry": {"type": "Polygon", "coordinates": [[[145.1069, -37.8931], [145.1062, -37.897], [145.1154, -37.8979], [145.1245, -37.8991], [145.1429, -37.9012], [145.1448, -37.8913], [145.1453, -37.8892], [145.1476, -37.8763], [145.14, -37.8754], [145.125, -37.8754], [145.1217, -37.8756], [145.1162, -37.8751], [145.1107, -37.8735], [145.109, -37.8825], [145.1069, -37.8931]]]}, "properties": {"SA2_CODE21": "212051324", "Area": "Mount Waverley \u2013 South", "% dwellings within 400m of any bus service": 0.932185, "% dwellings with 800m of a high quality bus service": 0.287938, "dwellings_2025": 7800, "population_2025": 20120, "SEIFA_Score": 1092, "SEIFA_Decile": 9, "% dwellings within 400m of any public transport service": 0.937187, "% dwellings with 800m of a high quality public transport service": 0.293496, "Binned_any_bus_service_400m_dwellings_percent": 0.9, "Categorical_any_bus_service_400m_dwellings_percent": "90\u2013100%", "Binned_high_quality_bus_service_800m_dwellings_percent": 0.2, "Categorical_high_quality_bus_service_800m_dwellings_percent": "20\u201330%", "Binned_any_public_transport_400m_dwellings_percent": 0.9, "Categorical_any_public_transport_400m_dwellings_percent": "90\u2013100%", "Binned_high_quality_public_transport_800m_dwellings_percent": 0.2, "Categorical_high_quality_public_transport_800m_dwellings_percent": "20\u201330%", "area_km2": 8.7006}}, {"type": "Feature", "geometry": {"type": "Polygon", "coordinates": [[[145.2057, -37.9244], [145.1726, -37.9203], [145.1708, -37.9182], [145.1659, -37.9133], [145.1637, -37.9115], [145.1604, -37.9093], [145.1614, -37.9035], [145.1528, -37.9026], [145.1529, -37.9049], [145.1524, -37.906], [145.1516, -37.9099], [145.1507, -37.9098], [145.1493, -37.9174], [145.1504, -37.9176], [145.1491, -37.919], [145.1475, -37.9272], [145.1559, -37.9324], [145.1567, -37.9331], [145.1743, -37.9353], [145.1834, -37.9365], [145.1925, -37.9376], [145.195, -37.9378], [145.2107, -37.9391], [145.2192, -37.9401], [145.22, -37.9397], [145.2183, -37.9367], [145.2157, -37.9372], [145.2143, -37.9363], [145.2115, -37.9356], [145.2096, -37.9341], [145.21, -37.9335], [145.2078, -37.9323], [145.2065, -37.9312], [145.2061, -37.9299], [145.207, -37.9295], [145.2068, -37.928], [145.205, -37.9262], [145.2057, -37.9244]]]}, "properties": {"SA2_CODE21": "212051325", "Area": "Mulgrave", "% dwellings within 400m of any bus service": 0.962815, "% dwellings with 800m of a high quality bus service": 0.157323, "dwellings_2025": 7726, "population_2025": 20943, "SEIFA_Score": 1043, "SEIFA_Decile": 7, "% dwellings within 400m of any public transport service": 0.962815, "% dwellings with 800m of a high quality public transport service": 0.157323, "Binned_any_bus_service_400m_dwellings_percent": 0.9, "Categorical_any_bus_service_400m_dwellings_percent": "90\u2013100%", "Binned_high_quality_bus_service_800m_dwellings_percent": 0.1, "Categorical_high_quality_bus_service_800m_dwellings_percent": "10\u201320%", "Binned_any_public_transport_400m_dwellings_percent": 0.9, "Categorical_any_public_transport_400m_dwellings_percent": "90\u2013100%", "Binned_high_quality_public_transport_800m_dwellings_percent": 0.1, "Categorical_high_quality_public_transport_800m_dwellings_percent": "10\u201320%", "area_km2": 10.7189}}, {"type": "Feature", "geometry": {"type": "Polygon", "coordinates": [[[145.0852, -37.9095], [145.0852, -37.9099], [145.0832, -37.9202], [145.0825, -37.924], [145.1075, -37.9271], [145.1092, -37.919], [145.1114, -37.9192], [145.1122, -37.918], [145.1133, -37.9127], [145.1219, -37.9138], [145.1243, -37.9005], [145.1245, -37.8991], [145.1154, -37.8979], [145.1062, -37.897], [145.1069, -37.8931], [145.1059, -37.8929], [145.1041, -37.891], [145.101, -37.8912], [145.0979, -37.8906], [145.0953, -37.8911], [145.0941, -37.8899], [145.0892, -37.8878], [145.0882, -37.893], [145.0874, -37.8971], [145.0874, -37.8984], [145.0866, -37.9015], [145.0852, -37.9091], [145.0852, -37.9095]]]}, "properties": {"SA2_CODE21": "212051326", "Area": "Oakleigh \u2013 Huntingdale", "% dwellings within 400m of any bus service": 0.995883, "% dwellings with 800m of a high quality bus service": 0.633182, "dwellings_2025": 10223, "population_2025": 24633, "SEIFA_Score": 1056, "SEIFA_Decile": 8, "% dwellings within 400m of any public transport service": 0.995883, "% dwellings with 800m of a high quality public transport service": 0.640593, "Binned_any_bus_service_400m_dwellings_percent": 0.9, "Categorical_any_bus_service_400m_dwellings_percent": "90\u2013100%", "Binned_high_quality_bus_service_800m_dwellings_percent": 0.6, "Categorical_high_quality_bus_service_800m_dwellings_percent": "60\u201370%", "Binned_any_public_transport_400m_dwellings_percent": 0.9, "Categorical_any_public_transport_400m_dwellings_percent": "90\u2013100%", "Binned_high_quality_public_transport_800m_dwellings_percent": 0.6, "Categorical_high_quality_public_transport_800m_dwellings_percent": "60\u201370%", "area_km2": 10.1702}}, {"type": "Feature", "geometry": {"type": "Polygon", "coordinates": [[[145.2002, -37.8929], [145.1764, -37.8903], [145.1736, -37.9049], [145.1674, -37.9042], [145.1614, -37.9035], [145.1604, -37.9093], [145.1637, -37.9115], [145.1659, -37.9133], [145.1708, -37.9182], [145.1726, -37.9203], [145.2057, -37.9244], [145.2053, -37.9224], [145.2041, -37.9214], [145.2029, -37.9181], [145.2037, -37.9163], [145.2034, -37.9151], [145.2042, -37.9148], [145.2045, -37.913], [145.2055, -37.9123], [145.2048, -37.9108], [145.2059, -37.9105], [145.2048, -37.9065], [145.2052, -37.9053], [145.2034, -37.9033], [145.2038, -37.9025], [145.206, -37.9024], [145.2075, -37.901], [145.2072, -37.9], [145.2075, -37.8988], [145.207, -37.897], [145.2051, -37.8963], [145.2046, -37.8956], [145.2028, -37.896], [145.2008, -37.8944], [145.2002, -37.8929]]]}, "properties": {"SA2_CODE21": "212051327", "Area": "Wheelers Hill", "% dwellings within 400m of any bus service": 0.967431, "% dwellings with 800m of a high quality bus service": 0.030157, "dwellings_2025": 8139, "population_2025": 21039, "SEIFA_Score": 1080, "SEIFA_Decile": 9, "% dwellings within 400m of any public transport service": 0.967431, "% dwellings with 800m of a high quality public transport service": 0.030157, "Binned_any_bus_service_400m_dwellings_percent": 0.9, "Categorical_any_bus_service_400m_dwellings_percent": "90\u2013100%", "Binned_high_quality_bus_service_800m_dwellings_percent": 0, "Categorical_high_quality_bus_service_800m_dwellings_percent": "0\u201310%", "Binned_any_public_transport_400m_dwellings_percent": 0.9, "Categorical_any_public_transport_400m_dwellings_percent": "90\u2013100%", "Binned_high_quality_public_transport_800m_dwellings_percent": 0, "Categorical_high_quality_public_transport_800m_dwellings_percent": "0\u201310%", "area_km2": 10.4394}}, {"type": "Feature", "geometry": {"type": "Polygon", "coordinates": [[[145.1475, -37.9272], [145.1491, -37.919], [145.1504, -37.9176], [145.1493, -37.9174], [145.1507, -37.9098], [145.1516, -37.9099], [145.1524, -37.906], [145.1529, -37.9049], [145.1528, -37.9026], [145.1468, -37.9017], [145.1429, -37.9012], [145.1245, -37.8991], [145.1243, -37.9005], [145.1219, -37.9138], [145.1274, -37.9146], [145.1434, -37.9245], [145.1475, -37.9272]]]}, "properties": {"SA2_CODE21": "212051567", "Area": "Clayton (North) \u2013 Notting Hill", "% dwellings within 400m of any bus service": 0.976534, "% dwellings with 800m of a high quality bus service": 0.56769, "dwellings_2025": 4489, "population_2025": 12723, "SEIFA_Score": 1029, "SEIFA_Decile": 7, "% dwellings within 400m of any public transport service": 0.976534, "% dwellings with 800m of a high quality public transport service": 0.56769, "Binned_any_bus_service_400m_dwellings_percent": 0.9, "Categorical_any_bus_service_400m_dwellings_percent": "90\u2013100%", "Binned_high_quality_bus_service_800m_dwellings_percent": 0.5, "Categorical_high_quality_bus_service_800m_dwellings_percent": "50\u201360%", "Binned_any_public_transport_400m_dwellings_percent": 0.9, "Categorical_any_public_transport_400m_dwellings_percent": "90\u2013100%", "Binned_high_quality_public_transport_800m_dwellings_percent": 0.5, "Categorical_high_quality_public_transport_800m_dwellings_percent": "50\u201360%", "area_km2": 5.2293}}, {"type": "Feature", "geometry": {"type": "Polygon", "coordinates": [[[145.1099, -37.9274], [145.1413, -37.9313], [145.1416, -37.9314], [145.1427, -37.9258], [145.1434, -37.9245], [145.1274, -37.9146], [145.1219, -37.9138], [145.1133, -37.9127], [145.1122, -37.918], [145.1114, -37.9192], [145.1092, -37.919], [145.1075, -37.9271], [145.1099, -37.9274]]]}, "properties": {"SA2_CODE21": "212051568", "Area": "Clayton \u2013 Central", "% dwellings within 400m of any bus service": 0.929402, "% dwellings with 800m of a high quality bus service": 0.479236, "dwellings_2025": 5658, "population_2025": 14148, "SEIFA_Score": 1013, "SEIFA_Decile": 6, "% dwellings within 400m of any public transport service": 0.927741, "% dwellings with 800m of a high quality public transport service": 0.479236, "Binned_any_bus_service_400m_dwellings_percent": 0.9, "Categorical_any_bus_service_400m_dwellings_percent": "90\u2013100%", "Binned_high_quality_bus_service_800m_dwellings_percent": 0.4, "Categorical_high_quality_bus_service_800m_dwellings_percent": "40\u201350%", "Binned_any_public_transport_400m_dwellings_percent": 0.9, "Categorical_any_public_transport_400m_dwellings_percent": "90\u2013100%", "Binned_high_quality_public_transport_800m_dwellings_percent": 0.4, "Categorical_high_quality_public_transport_800m_dwellings_percent": "40\u201350%", "area_km2": 4.1819}}, {"type": "Feature", "geometry": {"type": "Polygon", "coordinates": [[[144.7939, -37.7704], [144.7934, -37.7732], [144.7947, -37.7732], [144.7947, -37.7764], [144.7944, -37.7789], [144.7923, -37.7817], [144.8154, -37.7841], [144.8273, -37.7854], [144.8279, -37.7818], [144.824, -37.7766], [144.8159, -37.7659], [144.8138, -37.7671], [144.8117, -37.7678], [144.8095, -37.768], [144.8058, -37.7673], [144.8027, -37.7668], [144.8006, -37.767], [144.7962, -37.7685], [144.7939, -37.7704]]]}, "properties": {"SA2_CODE21": "213011328", "Area": "Ardeer \u2013 Albion", "% dwellings within 400m of any bus service": 0.987995, "% dwellings with 800m of a high quality bus service": 0, "dwellings_2025": 3773, "population_2025": 8196, "SEIFA_Score": 930, "SEIFA_Decile": 3, "% dwellings within 400m of any public transport service": 0.987995, "% dwellings with 800m of a high quality public transport service": 0.009604, "Binned_any_bus_service_400m_dwellings_percent": 0.9, "Categorical_any_bus_service_400m_dwellings_percent": "90\u2013100%", "Binned_high_quality_bus_service_800m_dwellings_percent": 0, "Categorical_high_quality_bus_service_800m_dwellings_percent": "0\u201310%", "Binned_any_public_transport_400m_dwellings_percent": 0.9, "Categorical_any_public_transport_400m_dwellings_percent": "90\u2013100%", "Binned_high_quality_public_transport_800m_dwellings_percent": 0, "Categorical_high_quality_public_transport_800m_dwellings_percent": "0\u201310%", "area_km2": 4.5883}}, {"type": "Feature", "geometry": {"type": "Polygon", "coordinates": [[[144.8058, -37.7673], [144.8057, -37.7658], [144.8049, -37.765], [144.8033, -37.7646], [144.8012, -37.7634], [144.8013, -37.7609], [144.7993, -37.7606], [144.7977, -37.7594], [144.7975, -37.7585], [144.7947, -37.7582], [144.7948, -37.7576], [144.7971, -37.7572], [144.7974, -37.7566], [144.7961, -37.7544], [144.7954, -37.7527], [144.7945, -37.7522], [144.7931, -37.7498], [144.7925, -37.748], [144.7878, -37.7476], [144.7787, -37.7466], [144.7781, -37.7503], [144.7753, -37.7665], [144.7765, -37.7663], [144.7764, -37.7676], [144.7838, -37.7684], [144.7848, -37.7681], [144.7855, -37.7692], [144.789, -37.7686], [144.7903, -37.7678], [144.79, -37.7707], [144.7939, -37.7704], [144.7962, -37.7685], [144.8006, -37.767], [144.8027, -37.7668], [144.8058, -37.7673]]]}, "properties": {"SA2_CODE21": "213011329", "Area": "Cairnlea", "% dwellings within 400m of any bus service": 0.74584, "% dwellings with 800m of a high quality bus service": 0.104387, "dwellings_2025": 3094, "population_2025": 10207, "SEIFA_Score": 968, "SEIFA_Decile": 4, "% dwellings within 400m of any public transport service": 0.74584, "% dwellings with 800m of a high quality public transport service": 0.104387, "Binned_any_bus_service_400m_dwellings_percent": 0.7, "Categorical_any_bus_service_400m_dwellings_percent": "70\u201380%", "Binned_high_quality_bus_service_800m_dwellings_percent": 0.1, "Categorical_high_quality_bus_service_800m_dwellings_percent": "10\u201320%", "Binned_any_public_transport_400m_dwellings_percent": 0.7, "Categorical_any_public_transport_400m_dwellings_percent": "70\u201380%", "Binned_high_quality_public_transport_800m_dwellings_percent": 0.1, "Categorical_high_quality_public_transport_800m_dwellings_percent": "10\u201320%", "area_km2": 4.4061}}, {"type": "Feature", "geometry": {"type": "Polygon", "coordinates": [[[144.7682, -37.7097], [144.7641, -37.7255], [144.782, -37.7276], [144.793, -37.7279], [144.7913, -37.7237], [144.7892, -37.7206], [144.7818, -37.7113], [144.7682, -37.7097]]]}, "properties": {"SA2_CODE21": "213011331", "Area": "Delahey", "% dwellings within 400m of any bus service": 0.973438, "% dwellings with 800m of a high quality bus service": 0.120312, "dwellings_2025": 2969, "population_2025": 8176, "SEIFA_Score": 902, "SEIFA_Decile": 2, "% dwellings within 400m of any public transport service": 0.973438, "% dwellings with 800m of a high quality public transport service": 0.120312, "Binned_any_bus_service_400m_dwellings_percent": 0.9, "Categorical_any_bus_service_400m_dwellings_percent": "90\u2013100%", "Binned_high_quality_bus_service_800m_dwellings_percent": 0.1, "Categorical_high_quality_bus_service_800m_dwellings_percent": "10\u201320%", "Binned_any_public_transport_400m_dwellings_percent": 0.9, "Categorical_any_public_transport_400m_dwellings_percent": "90\u2013100%", "Binned_high_quality_public_transport_800m_dwellings_percent": 0.1, "Categorical_high_quality_public_transport_800m_dwellings_percent": "10\u201320%", "area_km2": 3.5055}}, {"type": "Feature", "geometry": {"type": "Polygon", "coordinates": [[[144.8109, -37.7142], [144.8038, -37.7133], [144.7932, -37.7123], [144.7914, -37.7123], [144.7818, -37.7113], [144.7892, -37.7206], [144.7913, -37.7237], [144.793, -37.7279], [144.8019, -37.7282], [144.8153, -37.7297], [144.8291, -37.7461], [144.8279, -37.7467], [144.8278, -37.7475], [144.8306, -37.7479], [144.8317, -37.7496], [144.8335, -37.7507], [144.8359, -37.7487], [144.8393, -37.7466], [144.8387, -37.7433], [144.8381, -37.7422], [144.8368, -37.7413], [144.835, -37.7416], [144.8373, -37.7352], [144.8346, -37.7353], [144.8324, -37.7364], [144.8295, -37.7356], [144.8276, -37.7342], [144.8297, -37.7324], [144.8303, -37.7266], [144.8301, -37.7247], [144.825, -37.7243], [144.8212, -37.7209], [144.8209, -37.7198], [144.8223, -37.7177], [144.8221, -37.7163], [144.8212, -37.7153], [144.8109, -37.7142]]]}, "properties": {"SA2_CODE21": "213011332", "Area": "Keilor Downs", "% dwellings within 400m of any bus service": 0.978763, "% dwellings with 800m of a high quality bus service": 0.000923, "dwellings_2025": 5070, "population_2025": 13294, "SEIFA_Score": 959, "SEIFA_Decile": 4, "% dwellings within 400m of any public transport service": 0.978763, "% dwellings with 800m of a high quality public transport service": 0.000923, "Binned_any_bus_service_400m_dwellings_percent": 0.9, "Categorical_any_bus_service_400m_dwellings_percent": "90\u2013100%", "Binned_high_quality_bus_service_800m_dwellings_percent": 0, "Categorical_high_quality_bus_service_800m_dwellings_percent": "0\u201310%", "Binned_any_public_transport_400m_dwellings_percent": 0.9, "Categorical_any_public_transport_400m_dwellings_percent": "90\u2013100%", "Binned_high_quality_public_transport_800m_dwellings_percent": 0, "Categorical_high_quality_public_transport_800m_dwellings_percent": "0\u201310%", "area_km2": 7.6597}}, {"type": "Feature", "geometry": {"type": "Polygon", "coordinates": [[[144.7787, -37.7466], [144.7795, -37.7419], [144.7798, -37.7402], [144.782, -37.7276], [144.7641, -37.7255], [144.7624, -37.7381], [144.7629, -37.7398], [144.7608, -37.7416], [144.7605, -37.7437], [144.7594, -37.7448], [144.7592, -37.7476], [144.7572, -37.7482], [144.7569, -37.7505], [144.7593, -37.7506], [144.7711, -37.7519], [144.774, -37.7498], [144.7781, -37.7503], [144.7787, -37.7466]]]}, "properties": {"SA2_CODE21": "213011333", "Area": "Kings Park", "% dwellings within 400m of any bus service": 1, "% dwellings with 800m of a high quality bus service": 0.060964, "dwellings_2025": 5035, "population_2025": 14142, "SEIFA_Score": 854, "SEIFA_Decile": 1, "% dwellings within 400m of any public transport service": 1, "% dwellings with 800m of a high quality public transport service": 0.060964, "Binned_any_bus_service_400m_dwellings_percent": 1, "Categorical_any_bus_service_400m_dwellings_percent": "90\u2013100%", "Binned_high_quality_bus_service_800m_dwellings_percent": 0, "Categorical_high_quality_bus_service_800m_dwellings_percent": "0\u201310%", "Binned_any_public_transport_400m_dwellings_percent": 1, "Categorical_any_public_transport_400m_dwellings_percent": "90\u2013100%", "Binned_high_quality_public_transport_800m_dwellings_percent": 0, "Categorical_high_quality_public_transport_800m_dwellings_percent": "0\u201310%", "area_km2": 4.4323}}, {"type": "Feature", "geometry": {"type": "Polygon", "coordinates": [[[144.782, -37.7276], [144.7798, -37.7402], [144.7795, -37.7419], [144.7989, -37.7441], [144.8278, -37.7475], [144.8279, -37.7467], [144.8291, -37.7461], [144.8153, -37.7297], [144.8019, -37.7282], [144.793, -37.7279], [144.782, -37.7276]]]}, "properties": {"SA2_CODE21": "213011334", "Area": "St Albans \u2013 North", "% dwellings within 400m of any bus service": 1, "% dwellings with 800m of a high quality bus service": 0.115466, "dwellings_2025": 8431, "population_2025": 21659, "SEIFA_Score": 863, "SEIFA_Decile": 1, "% dwellings within 400m of any public transport service": 1, "% dwellings with 800m of a high quality public transport service": 0.147246, "Binned_any_bus_service_400m_dwellings_percent": 1, "Categorical_any_bus_service_400m_dwellings_percent": "90\u2013100%", "Binned_high_quality_bus_service_800m_dwellings_percent": 0.1, "Categorical_high_quality_bus_service_800m_dwellings_percent": "10\u201320%", "Binned_any_public_transport_400m_dwellings_percent": 1, "Categorical_any_public_transport_400m_dwellings_percent": "90\u2013100%", "Binned_high_quality_public_transport_800m_dwellings_percent": 0.1, "Categorical_high_quality_public_transport_800m_dwellings_percent": "10\u201320%", "area_km2": 6.5225}}, {"type": "Feature", "geometry": {"type": "Polygon", "coordinates": [[[144.8159, -37.7659], [144.8161, -37.7653], [144.8187, -37.7633], [144.8195, -37.7615], [144.8222, -37.7577], [144.8232, -37.7568], [144.8291, -37.7523], [144.8295, -37.7508], [144.8317, -37.7496], [144.8306, -37.7479], [144.8278, -37.7475], [144.7989, -37.7441], [144.7795, -37.7419], [144.7787, -37.7466], [144.7878, -37.7476], [144.7925, -37.748], [144.7931, -37.7498], [144.7945, -37.7522], [144.7954, -37.7527], [144.7961, -37.7544], [144.7974, -37.7566], [144.7971, -37.7572], [144.7948, -37.7576], [144.7947, -37.7582], [144.7975, -37.7585], [144.7977, -37.7594], [144.7993, -37.7606], [144.8013, -37.7609], [144.8012, -37.7634], [144.8033, -37.7646], [144.8049, -37.765], [144.8057, -37.7658], [144.8058, -37.7673], [144.8095, -37.768], [144.8117, -37.7678], [144.8138, -37.7671], [144.8159, -37.7659]]]}, "properties": {"SA2_CODE21": "213011335", "Area": "St Albans \u2013 South", "% dwellings within 400m of any bus service": 0.929699, "% dwellings with 800m of a high quality bus service": 0.253945, "dwellings_2025": 6569, "population_2025": 18262, "SEIFA_Score": 869, "SEIFA_Decile": 1, "% dwellings within 400m of any public transport service": 0.929699, "% dwellings with 800m of a high quality public transport service": 0.270445, "Binned_any_bus_service_400m_dwellings_percent": 0.9, "Categorical_any_bus_service_400m_dwellings_percent": "90\u2013100%", "Binned_high_quality_bus_service_800m_dwellings_percent": 0.2, "Categorical_high_quality_bus_service_800m_dwellings_percent": "20\u201330%", "Binned_any_public_transport_400m_dwellings_percent": 0.9, "Categorical_any_public_transport_400m_dwellings_percent": "90\u2013100%", "Binned_high_quality_public_transport_800m_dwellings_percent": 0.2, "Categorical_high_quality_public_transport_800m_dwellings_percent": "20\u201330%", "area_km2": 6.2647}}, {"type": "Feature", "geometry": {"type": "Polygon", "coordinates": [[[144.8154, -37.7841], [144.8153, -37.7854], [144.817, -37.7866], [144.8208, -37.7871], [144.8245, -37.7863], [144.8258, -37.789], [144.8257, -37.7904], [144.8249, -37.7912], [144.8261, -37.7934], [144.8232, -37.794], [144.8219, -37.7956], [144.8216, -37.7974], [144.8209, -37.7992], [144.822, -37.8013], [144.825, -37.7998], [144.8273, -37.7992], [144.8306, -37.797], [144.832, -37.7977], [144.8326, -37.7987], [144.8297, -37.7998], [144.8305, -37.8012], [144.8322, -37.8014], [144.833, -37.8029], [144.8365, -37.8027], [144.8386, -37.8023], [144.8437, -37.8029], [144.8392, -37.7969], [144.8425, -37.7973], [144.8419, -37.7967], [144.8422, -37.7957], [144.8439, -37.7951], [144.8448, -37.7935], [144.8471, -37.7799], [144.8472, -37.7791], [144.8287, -37.777], [144.824, -37.7766], [144.8279, -37.7818], [144.8273, -37.7854], [144.8154, -37.7841]]]}, "properties": {"SA2_CODE21": "213011336", "Area": "Sunshine", "% dwellings within 400m of any bus service": 1, "% dwellings with 800m of a high quality bus service": 0.840328, "dwellings_2025": 4492, "population_2025": 10949, "SEIFA_Score": 957, "SEIFA_Decile": 4, "% dwellings within 400m of any public transport service": 1, "% dwellings with 800m of a high quality public transport service": 0.840328, "Binned_any_bus_service_400m_dwellings_percent": 1, "Categorical_any_bus_service_400m_dwellings_percent": "90\u2013100%", "Binned_high_quality_bus_service_800m_dwellings_percent": 0.8, "Categorical_high_quality_bus_service_800m_dwellings_percent": "80\u201390%", "Binned_any_public_transport_400m_dwellings_percent": 1, "Categorical_any_public_transport_400m_dwellings_percent": "90\u2013100%", "Binned_high_quality_public_transport_800m_dwellings_percent": 0.8, "Categorical_high_quality_public_transport_800m_dwellings_percent": "80\u201390%", "area_km2": 4.732}}, {"type": "Feature", "geometry": {"type": "Polygon", "coordinates": [[[144.8393, -37.7466], [144.8359, -37.7487], [144.8335, -37.7507], [144.8317, -37.7496], [144.8295, -37.7508], [144.8291, -37.7523], [144.8232, -37.7568], [144.8222, -37.7577], [144.8195, -37.7615], [144.8187, -37.7633], [144.8161, -37.7653], [144.8159, -37.7659], [144.824, -37.7766], [144.8287, -37.777], [144.8472, -37.7791], [144.8482, -37.7731], [144.8507, -37.7734], [144.8514, -37.7702], [144.8512, -37.7684], [144.853, -37.7671], [144.8541, -37.7654], [144.8543, -37.7643], [144.8539, -37.7624], [144.8521, -37.7622], [144.849, -37.761], [144.8483, -37.7597], [144.8493, -37.757], [144.8496, -37.7547], [144.8484, -37.7511], [144.8477, -37.7497], [144.8461, -37.7473], [144.8452, -37.7467], [144.844, -37.7466], [144.8408, -37.7474], [144.8393, -37.7466]]]}, "properties": {"SA2_CODE21": "213011337", "Area": "Sunshine North", "% dwellings within 400m of any bus service": 0.800151, "% dwellings with 800m of a high quality bus service": 0.465309, "dwellings_2025": 4787, "population_2025": 13152, "SEIFA_Score": 904, "SEIFA_Decile": 2, "% dwellings within 400m of any public transport service": 0.800151, "% dwellings with 800m of a high quality public transport service": 0.465309, "Binned_any_bus_service_400m_dwellings_percent": 0.8, "Categorical_any_bus_service_400m_dwellings_percent": "80\u201390%", "Binned_high_quality_bus_service_800m_dwellings_percent": 0.4, "Categorical_high_quality_bus_service_800m_dwellings_percent": "40\u201350%", "Binned_any_public_transport_400m_dwellings_percent": 0.8, "Categorical_any_public_transport_400m_dwellings_percent": "80\u201390%", "Binned_high_quality_public_transport_800m_dwellings_percent": 0.4, "Categorical_high_quality_public_transport_800m_dwellings_percent": "40\u201350%", "area_km2": 8.0239}}, {"type": "Feature", "geometry": {"type": "Polygon", "coordinates": [[[144.7923, -37.7817], [144.7917, -37.7816], [144.7914, -37.7828], [144.7891, -37.7865], [144.7881, -37.7899], [144.7878, -37.7922], [144.7878, -37.7945], [144.7882, -37.7957], [144.7897, -37.7959], [144.7892, -37.8002], [144.8018, -37.8013], [144.8034, -37.8017], [144.8056, -37.803], [144.8066, -37.8045], [144.807, -37.8062], [144.8068, -37.8094], [144.8072, -37.8152], [144.8266, -37.8169], [144.8252, -37.8183], [144.8253, -37.8196], [144.8265, -37.8218], [144.8274, -37.8228], [144.8559, -37.8149], [144.8476, -37.807], [144.8437, -37.8029], [144.8386, -37.8023], [144.8365, -37.8027], [144.833, -37.8029], [144.8322, -37.8014], [144.8305, -37.8012], [144.8297, -37.7998], [144.8326, -37.7987], [144.832, -37.7977], [144.8306, -37.797], [144.8273, -37.7992], [144.825, -37.7998], [144.822, -37.8013], [144.8209, -37.7992], [144.8216, -37.7974], [144.8219, -37.7956], [144.8232, -37.794], [144.8261, -37.7934], [144.8249, -37.7912], [144.8257, -37.7904], [144.8258, -37.789], [144.8245, -37.7863], [144.8208, -37.7871], [144.817, -37.7866], [144.8153, -37.7854], [144.8154, -37.7841], [144.7923, -37.7817]]]}, "properties": {"SA2_CODE21": "213011338", "Area": "Sunshine West", "% dwellings within 400m of any bus service": 0.91788, "% dwellings with 800m of a high quality bus service": 0.336634, "dwellings_2025": 7227, "population_2025": 19190, "SEIFA_Score": 906, "SEIFA_Decile": 2, "% dwellings within 400m of any public transport service": 0.91788, "% dwellings with 800m of a high quality public transport service": 0.336634, "Binned_any_bus_service_400m_dwellings_percent": 0.9, "Categorical_any_bus_service_400m_dwellings_percent": "90\u2013100%", "Binned_high_quality_bus_service_800m_dwellings_percent": 0.3, "Categorical_high_quality_bus_service_800m_dwellings_percent": "30\u201340%", "Binned_any_public_transport_400m_dwellings_percent": 0.9, "Categorical_any_public_transport_400m_dwellings_percent": "90\u2013100%", "Binned_high_quality_public_transport_800m_dwellings_percent": 0.3, "Categorical_high_quality_public_transport_800m_dwellings_percent": "30\u201340%", "area_km2": 12.9688}}, {"type": "Feature", "geometry": {"type": "Polygon", "coordinates": [[[144.7818, -37.7113], [144.7782, -37.7067], [144.7783, -37.7064], [144.7584, -37.6809], [144.7576, -37.6848], [144.7572, -37.6882], [144.7564, -37.6934], [144.7541, -37.6931], [144.7522, -37.7036], [144.752, -37.7056], [144.761, -37.7067], [144.7606, -37.7088], [144.7682, -37.7097], [144.7818, -37.7113]]]}, "properties": {"SA2_CODE21": "213011339", "Area": "Sydenham", "% dwellings within 400m of any bus service": 0.952233, "% dwellings with 800m of a high quality bus service": 0.203531, "dwellings_2025": 4306, "population_2025": 11928, "SEIFA_Score": 968, "SEIFA_Decile": 4, "% dwellings within 400m of any public transport service": 0.955348, "% dwellings with 800m of a high quality public transport service": 0.207684, "Binned_any_bus_service_400m_dwellings_percent": 0.9, "Categorical_any_bus_service_400m_dwellings_percent": "90\u2013100%", "Binned_high_quality_bus_service_800m_dwellings_percent": 0.2, "Categorical_high_quality_bus_service_800m_dwellings_percent": "20\u201330%", "Binned_any_public_transport_400m_dwellings_percent": 0.9, "Categorical_any_public_transport_400m_dwellings_percent": "90\u2013100%", "Binned_high_quality_public_transport_800m_dwellings_percent": 0.2, "Categorical_high_quality_public_transport_800m_dwellings_percent": "20\u201330%", "area_km2": 3.9479}}, {"type": "Feature", "geometry": {"type": "Polygon", "coordinates": [[[144.8119, -37.6991], [144.8106, -37.6987], [144.8095, -37.6973], [144.8105, -37.6961], [144.8123, -37.6951], [144.8152, -37.6942], [144.8156, -37.6937], [144.8182, -37.6929], [144.8202, -37.6925], [144.8209, -37.6912], [144.8207, -37.6902], [144.8189, -37.6875], [144.8199, -37.686], [144.8205, -37.6845], [144.8198, -37.6828], [144.8187, -37.6824], [144.816, -37.6825], [144.8121, -37.6816], [144.81, -37.6815], [144.807, -37.6832], [144.8061, -37.6824], [144.806, -37.6812], [144.8053, -37.6803], [144.8058, -37.679], [144.8056, -37.6776], [144.8043, -37.6775], [144.8036, -37.6767], [144.8033, -37.6753], [144.8038, -37.6734], [144.8037, -37.6722], [144.8048, -37.6701], [144.8048, -37.6695], [144.8036, -37.6696], [144.8017, -37.6715], [144.8023, -37.6737], [144.7984, -37.6736], [144.7986, -37.6723], [144.7975, -37.6718], [144.7963, -37.6731], [144.7938, -37.6747], [144.79, -37.6757], [144.787, -37.6758], [144.7834, -37.6756], [144.7817, -37.675], [144.781, -37.6759], [144.7786, -37.6767], [144.7764, -37.6767], [144.7756, -37.6751], [144.7749, -37.6721], [144.7736, -37.6703], [144.7705, -37.67], [144.769, -37.6692], [144.7683, -37.6674], [144.7705, -37.6656], [144.7721, -37.6648], [144.7721, -37.664], [144.7678, -37.664], [144.7656, -37.6648], [144.7645, -37.6657], [144.7636, -37.6644], [144.7623, -37.6647], [144.7606, -37.6636], [144.7595, -37.6637], [144.7585, -37.6629], [144.7575, -37.6629], [144.7573, -37.6641], [144.7465, -37.663], [144.7444, -37.6631], [144.7513, -37.6718], [144.7549, -37.6765], [144.7584, -37.6809], [144.7783, -37.7064], [144.7782, -37.7067], [144.7818, -37.7113], [144.7914, -37.7123], [144.7932, -37.7123], [144.8038, -37.7133], [144.8109, -37.7142], [144.8104, -37.7117], [144.8108, -37.7105], [144.812, -37.7106], [144.8114, -37.7089], [144.8094, -37.7066], [144.8078, -37.7057], [144.8066, -37.7043], [144.8052, -37.704], [144.8017, -37.7044], [144.8019, -37.7018], [144.8051, -37.7021], [144.81, -37.7011], [144.8071, -37.699], [144.8115, -37.6994], [144.8119, -37.6991]]]}, "properties": {"SA2_CODE21": "213011340", "Area": "Taylors Lakes", "% dwellings within 400m of any bus service": 0.915332, "% dwellings with 800m of a high quality bus service": 0.128909, "dwellings_2025": 6082, "population_2025": 17080, "SEIFA_Score": 1026, "SEIFA_Decile": 7, "% dwellings within 400m of any public transport service": 0.915332, "% dwellings with 800m of a high quality public transport service": 0.128909, "Binned_any_bus_service_400m_dwellings_percent": 0.9, "Categorical_any_bus_service_400m_dwellings_percent": "90\u2013100%", "Binned_high_quality_bus_service_800m_dwellings_percent": 0.1, "Categorical_high_quality_bus_service_800m_dwellings_percent": "10\u201320%", "Binned_any_public_transport_400m_dwellings_percent": 0.9, "Categorical_any_public_transport_400m_dwellings_percent": "90\u2013100%", "Binned_high_quality_public_transport_800m_dwellings_percent": 0.1, "Categorical_high_quality_public_transport_800m_dwellings_percent": "10\u201320%", "area_km2": 18.4632}}, {"type": "Feature", "geometry": {"type": "Polygon", "coordinates": [[[144.7939, -37.7704], [144.79, -37.7707], [144.7903, -37.7678], [144.789, -37.7686], [144.7855, -37.7692], [144.7848, -37.7681], [144.7838, -37.7684], [144.7764, -37.7676], [144.7765, -37.7663], [144.7753, -37.7665], [144.7781, -37.7503], [144.774, -37.7498], [144.7711, -37.7519], [144.7593, -37.7506], [144.7569, -37.7505], [144.7573, -37.752], [144.7566, -37.7536], [144.7566, -37.7547], [144.7583, -37.7554], [144.7572, -37.7634], [144.7548, -37.7814], [144.773, -37.783], [144.7737, -37.7781], [144.7841, -37.781], [144.7874, -37.7815], [144.7905, -37.7818], [144.7917, -37.7816], [144.7923, -37.7817], [144.7944, -37.7789], [144.7947, -37.7764], [144.7947, -37.7732], [144.7934, -37.7732], [144.7939, -37.7704]]]}, "properties": {"SA2_CODE21": "213011569", "Area": "Deer Park", "% dwellings within 400m of any bus service": 0.880306, "% dwellings with 800m of a high quality bus service": 0.150313, "dwellings_2025": 6707, "population_2025": 18304, "SEIFA_Score": 912, "SEIFA_Decile": 2, "% dwellings within 400m of any public transport service": 0.880306, "% dwellings with 800m of a high quality public transport service": 0.150313, "Binned_any_bus_service_400m_dwellings_percent": 0.8, "Categorical_any_bus_service_400m_dwellings_percent": "80\u201390%", "Binned_high_quality_bus_service_800m_dwellings_percent": 0.1, "Categorical_high_quality_bus_service_800m_dwellings_percent": "10\u201320%", "Binned_any_public_transport_400m_dwellings_percent": 0.8, "Categorical_any_public_transport_400m_dwellings_percent": "80\u201390%", "Binned_high_quality_public_transport_800m_dwellings_percent": 0.1, "Categorical_high_quality_public_transport_800m_dwellings_percent": "10\u201320%", "area_km2": 8.0769}}, {"type": "Feature", "geometry": {"type": "Polygon", "coordinates": [[[144.7917, -37.7816], [144.7905, -37.7818], [144.7874, -37.7815], [144.7841, -37.781], [144.7737, -37.7781], [144.773, -37.783], [144.7548, -37.7814], [144.7523, -37.7999], [144.751, -37.8104], [144.7691, -37.812], [144.7982, -37.8145], [144.8072, -37.8152], [144.8068, -37.8094], [144.807, -37.8062], [144.8066, -37.8045], [144.8056, -37.803], [144.8034, -37.8017], [144.8018, -37.8013], [144.7892, -37.8002], [144.7897, -37.7959], [144.7882, -37.7957], [144.7878, -37.7945], [144.7878, -37.7922], [144.7881, -37.7899], [144.7891, -37.7865], [144.7914, -37.7828], [144.7917, -37.7816]]]}, "properties": {"SA2_CODE21": "213011570", "Area": "Derrimut", "% dwellings within 400m of any bus service": 0.800532, "% dwellings with 800m of a high quality bus service": 0, "dwellings_2025": 2519, "population_2025": 8778, "SEIFA_Score": 995, "SEIFA_Decile": 5, "% dwellings within 400m of any public transport service": 0.800532, "% dwellings with 800m of a high quality public transport service": 0, "Binned_any_bus_service_400m_dwellings_percent": 0.8, "Categorical_any_bus_service_400m_dwellings_percent": "80\u201390%", "Binned_high_quality_bus_service_800m_dwellings_percent": 0, "Categorical_high_quality_bus_service_800m_dwellings_percent": "0\u201310%", "Binned_any_public_transport_400m_dwellings_percent": 0.8, "Categorical_any_public_transport_400m_dwellings_percent": "80\u201390%", "Binned_high_quality_public_transport_800m_dwellings_percent": 0, "Categorical_high_quality_public_transport_800m_dwellings_percent": "0\u201310%", "area_km2": 13.2579}}, {"type": "Feature", "geometry": {"type": "Polygon", "coordinates": [[[144.7768, -37.8631], [144.7884, -37.8602], [144.7895, -37.86], [144.7908, -37.8644], [144.7904, -37.8656], [144.7916, -37.8703], [144.7888, -37.87], [144.7882, -37.8732], [144.7884, -37.874], [144.7932, -37.875], [144.7976, -37.8757], [144.798, -37.8781], [144.7993, -37.8796], [144.8004, -37.8799], [144.8052, -37.8805], [144.8083, -37.8819], [144.8085, -37.8803], [144.812, -37.877], [144.8144, -37.8751], [144.8196, -37.8725], [144.8226, -37.8715], [144.8252, -37.8709], [144.8327, -37.8711], [144.8347, -37.8715], [144.8373, -37.8714], [144.8404, -37.8714], [144.8424, -37.8695], [144.8456, -37.8682], [144.8472, -37.8664], [144.8504, -37.8639], [144.8539, -37.8633], [144.8562, -37.8634], [144.8573, -37.8625], [144.8611, -37.8607], [144.8647, -37.8601], [144.8678, -37.8591], [144.8642, -37.858], [144.8618, -37.8577], [144.8597, -37.8578], [144.858, -37.8576], [144.8537, -37.8559], [144.8518, -37.8557], [144.8529, -37.8524], [144.8451, -37.8501], [144.8415, -37.8493], [144.8387, -37.8493], [144.8362, -37.85], [144.8349, -37.8501], [144.8281, -37.8493], [144.8225, -37.8487], [144.803, -37.8465], [144.7998, -37.8459], [144.789, -37.8448], [144.7894, -37.8428], [144.7856, -37.8445], [144.7819, -37.8442], [144.7814, -37.8456], [144.7805, -37.8462], [144.7778, -37.8575], [144.778, -37.8575], [144.7768, -37.8631]]]}, "properties": {"SA2_CODE21": "213021341", "Area": "Altona", "% dwellings within 400m of any bus service": 0.919708, "% dwellings with 800m of a high quality bus service": 0.19708, "dwellings_2025": 6638, "population_2025": 14135, "SEIFA_Score": 1048, "SEIFA_Decile": 8, "% dwellings within 400m of any public transport service": 0.919708, "% dwellings with 800m of a high quality public transport service": 0.26764, "Binned_any_bus_service_400m_dwellings_percent": 0.9, "Categorical_any_bus_service_400m_dwellings_percent": "90\u2013100%", "Binned_high_quality_bus_service_800m_dwellings_percent": 0.1, "Categorical_high_quality_bus_service_800m_dwellings_percent": "10\u201320%", "Binned_any_public_transport_400m_dwellings_percent": 0.9, "Categorical_any_public_transport_400m_dwellings_percent": "90\u2013100%", "Binned_high_quality_public_transport_800m_dwellings_percent": 0.2, "Categorical_high_quality_public_transport_800m_dwellings_percent": "20\u201330%", "area_km2": 17.6826}}, {"type": "Feature", "geometry": {"type": "Polygon", "coordinates": [[[144.7768, -37.8631], [144.7762, -37.8644], [144.7746, -37.8663], [144.7727, -37.8673], [144.7695, -37.8681], [144.76, -37.869], [144.7548, -37.8696], [144.7536, -37.876], [144.7564, -37.8742], [144.758, -37.874], [144.7603, -37.8744], [144.7624, -37.8731], [144.7633, -37.8731], [144.765, -37.8754], [144.7656, -37.8775], [144.7647, -37.8808], [144.765, -37.882], [144.7667, -37.8839], [144.7672, -37.8847], [144.7686, -37.8849], [144.7697, -37.8842], [144.7709, -37.8842], [144.7733, -37.8853], [144.7753, -37.8877], [144.7766, -37.8904], [144.778, -37.8925], [144.7793, -37.8929], [144.7809, -37.8945], [144.7804, -37.8988], [144.7827, -37.8999], [144.7865, -37.9], [144.7891, -37.8987], [144.7921, -37.8986], [144.7974, -37.8996], [144.7998, -37.8988], [144.8, -37.8966], [144.8016, -37.8947], [144.8045, -37.8943], [144.8076, -37.8914], [144.8077, -37.8899], [144.8084, -37.8886], [144.8075, -37.8873], [144.8075, -37.8847], [144.8083, -37.8819], [144.8052, -37.8805], [144.8004, -37.8799], [144.7993, -37.8796], [144.798, -37.8781], [144.7976, -37.8757], [144.7932, -37.875], [144.7884, -37.874], [144.7882, -37.8732], [144.7888, -37.87], [144.7916, -37.8703], [144.7904, -37.8656], [144.7908, -37.8644], [144.7895, -37.86], [144.7884, -37.8602], [144.7768, -37.8631]]]}, "properties": {"SA2_CODE21": "213021342", "Area": "Altona Meadows", "% dwellings within 400m of any bus service": 0.951584, "% dwellings with 800m of a high quality bus service": 0, "dwellings_2025": 7863, "population_2025": 18620, "SEIFA_Score": 967, "SEIFA_Decile": 4, "% dwellings within 400m of any public transport service": 0.951584, "% dwellings with 800m of a high quality public transport service": 0, "Binned_any_bus_service_400m_dwellings_percent": 0.9, "Categorical_any_bus_service_400m_dwellings_percent": "90\u2013100%", "Binned_high_quality_bus_service_800m_dwellings_percent": 0, "Categorical_high_quality_bus_service_800m_dwellings_percent": "0\u201310%", "Binned_any_public_transport_400m_dwellings_percent": 0.9, "Categorical_any_public_transport_400m_dwellings_percent": "90\u2013100%", "Binned_high_quality_public_transport_800m_dwellings_percent": 0, "Categorical_high_quality_public_transport_800m_dwellings_percent": "0\u201310%", "area_km2": 10.5419}}, {"type": "Feature", "geometry": {"type": "Polygon", "coordinates": [[[144.8274, -37.8228], [144.824, -37.824], [144.8207, -37.8269], [144.8196, -37.8277], [144.8168, -37.8286], [144.8155, -37.8299], [144.8115, -37.8325], [144.7894, -37.8428], [144.789, -37.8448], [144.7998, -37.8459], [144.803, -37.8465], [144.8225, -37.8487], [144.8281, -37.8493], [144.8349, -37.8501], [144.8362, -37.85], [144.8387, -37.8493], [144.8415, -37.8493], [144.8451, -37.8501], [144.8529, -37.8524], [144.8537, -37.8495], [144.855, -37.8483], [144.8566, -37.8479], [144.8589, -37.848], [144.8631, -37.8485], [144.8644, -37.8403], [144.8657, -37.8331], [144.8662, -37.8331], [144.8675, -37.8257], [144.8581, -37.8247], [144.8578, -37.8244], [144.8591, -37.8184], [144.8598, -37.8138], [144.8559, -37.8149], [144.8274, -37.8228]]]}, "properties": {"SA2_CODE21": "213021343", "Area": "Altona North", "% dwellings within 400m of any bus service": 0.969912, "% dwellings with 800m of a high quality bus service": 0.709519, "dwellings_2025": 7133, "population_2025": 16345, "SEIFA_Score": 993, "SEIFA_Decile": 5, "% dwellings within 400m of any public transport service": 0.969912, "% dwellings with 800m of a high quality public transport service": 0.709519, "Binned_any_bus_service_400m_dwellings_percent": 0.9, "Categorical_any_bus_service_400m_dwellings_percent": "90\u2013100%", "Binned_high_quality_bus_service_800m_dwellings_percent": 0.7, "Categorical_high_quality_bus_service_800m_dwellings_percent": "70\u201380%", "Binned_any_public_transport_400m_dwellings_percent": 0.9, "Categorical_any_public_transport_400m_dwellings_percent": "90\u2013100%", "Binned_high_quality_public_transport_800m_dwellings_percent": 0.7, "Categorical_high_quality_public_transport_800m_dwellings_percent": "70\u201380%", "area_km2": 16.1844}}, {"type": "Feature", "geometry": {"type": "Polygon", "coordinates": [[[144.9056, -37.8229], [144.8959, -37.8218], [144.8949, -37.827], [144.8931, -37.8255], [144.8909, -37.8254], [144.889, -37.8246], [144.8878, -37.8229], [144.8858, -37.8229], [144.8846, -37.8244], [144.8811, -37.8253], [144.8719, -37.8243], [144.8663, -37.8242], [144.8578, -37.8244], [144.8581, -37.8247], [144.8675, -37.8257], [144.8662, -37.8331], [144.8657, -37.8331], [144.8644, -37.8403], [144.8631, -37.8485], [144.8711, -37.8495], [144.8747, -37.8491], [144.889, -37.8578], [144.8891, -37.8572], [144.8863, -37.8514], [144.8884, -37.8502], [144.8975, -37.8513], [144.8985, -37.8512], [144.8963, -37.8499], [144.8953, -37.8484], [144.8963, -37.8475], [144.898, -37.8476], [144.8992, -37.8484], [144.8999, -37.8469], [144.899, -37.8448], [144.8972, -37.8425], [144.8984, -37.8412], [144.8972, -37.8383], [144.8972, -37.8326], [144.8974, -37.8314], [144.8989, -37.8289], [144.9017, -37.8261], [144.9042, -37.8242], [144.9056, -37.8229]]]}, "properties": {"SA2_CODE21": "213021344", "Area": "Newport", "% dwellings within 400m of any bus service": 0.989659, "% dwellings with 800m of a high quality bus service": 0.853671, "dwellings_2025": 8552, "population_2025": 20063, "SEIFA_Score": 1103, "SEIFA_Decile": 9, "% dwellings within 400m of any public transport service": 1, "% dwellings with 800m of a high quality public transport service": 0.883144, "Binned_any_bus_service_400m_dwellings_percent": 0.9, "Categorical_any_bus_service_400m_dwellings_percent": "90\u2013100%", "Binned_high_quality_bus_service_800m_dwellings_percent": 0.8, "Categorical_high_quality_bus_service_800m_dwellings_percent": "80\u201390%", "Binned_any_public_transport_400m_dwellings_percent": 1, "Categorical_any_public_transport_400m_dwellings_percent": "90\u2013100%", "Binned_high_quality_public_transport_800m_dwellings_percent": 0.8, "Categorical_high_quality_public_transport_800m_dwellings_percent": "80\u201390%", "area_km2": 8.8407}}, {"type": "Feature", "geometry": {"type": "Polygon", "coordinates": [[[144.7536, -37.876], [144.7524, -37.8765], [144.7514, -37.8824], [144.7525, -37.8825], [144.7517, -37.8867], [144.756, -37.8871], [144.7559, -37.888], [144.7624, -37.8887], [144.7633, -37.8836], [144.7667, -37.8839], [144.765, -37.882], [144.7647, -37.8808], [144.7656, -37.8775], [144.765, -37.8754], [144.7633, -37.8731], [144.7624, -37.8731], [144.7603, -37.8744], [144.758, -37.874], [144.7564, -37.8742], [144.7536, -37.876]]]}, "properties": {"SA2_CODE21": "213021345", "Area": "Seabrook", "% dwellings within 400m of any bus service": 0.909574, "% dwellings with 800m of a high quality bus service": 0, "dwellings_2025": 1846, "population_2025": 4919, "SEIFA_Score": 1006, "SEIFA_Decile": 6, "% dwellings within 400m of any public transport service": 0.909574, "% dwellings with 800m of a high quality public transport service": 0, "Binned_any_bus_service_400m_dwellings_percent": 0.9, "Categorical_any_bus_service_400m_dwellings_percent": "90\u2013100%", "Binned_high_quality_bus_service_800m_dwellings_percent": 0, "Categorical_high_quality_bus_service_800m_dwellings_percent": "0\u201310%", "Binned_any_public_transport_400m_dwellings_percent": 0.9, "Categorical_any_public_transport_400m_dwellings_percent": "90\u2013100%", "Binned_high_quality_public_transport_800m_dwellings_percent": 0, "Categorical_high_quality_public_transport_800m_dwellings_percent": "0\u201310%", "area_km2": 1.6199}}, {"type": "Feature", "geometry": {"type": "Polygon", "coordinates": [[[144.8678, -37.8591], [144.8711, -37.8595], [144.8732, -37.8604], [144.8747, -37.8617], [144.8744, -37.8636], [144.8769, -37.866], [144.8775, -37.8673], [144.8791, -37.8682], [144.8793, -37.8668], [144.881, -37.8657], [144.8839, -37.8662], [144.8837, -37.8674], [144.8852, -37.8683], [144.8891, -37.8684], [144.8902, -37.8675], [144.8926, -37.8677], [144.8945, -37.8688], [144.8956, -37.87], [144.8985, -37.8707], [144.901, -37.8723], [144.9029, -37.8727], [144.9043, -37.8725], [144.9052, -37.8713], [144.9073, -37.871], [144.9109, -37.8687], [144.9131, -37.8675], [144.9139, -37.8664], [144.9155, -37.8655], [144.9136, -37.8642], [144.9116, -37.8621], [144.9097, -37.8615], [144.9057, -37.8622], [144.9039, -37.8617], [144.9038, -37.8601], [144.9027, -37.8593], [144.9031, -37.8576], [144.9016, -37.8538], [144.8985, -37.8512], [144.8975, -37.8513], [144.8884, -37.8502], [144.8863, -37.8514], [144.8891, -37.8572], [144.889, -37.8578], [144.8747, -37.8491], [144.8711, -37.8495], [144.8631, -37.8485], [144.8589, -37.848], [144.8566, -37.8479], [144.855, -37.8483], [144.8537, -37.8495], [144.8529, -37.8524], [144.8518, -37.8557], [144.8537, -37.8559], [144.858, -37.8576], [144.8597, -37.8578], [144.8618, -37.8577], [144.8642, -37.858], [144.8678, -37.8591]]]}, "properties": {"SA2_CODE21": "213021346", "Area": "Williamstown", "% dwellings within 400m of any bus service": 0.975558, "% dwellings with 800m of a high quality bus service": 0.615834, "dwellings_2025": 7518, "population_2025": 16735, "SEIFA_Score": 1101, "SEIFA_Decile": 9, "% dwellings within 400m of any public transport service": 0.975558, "% dwellings with 800m of a high quality public transport service": 0.626993, "Binned_any_bus_service_400m_dwellings_percent": 0.9, "Categorical_any_bus_service_400m_dwellings_percent": "90\u2013100%", "Binned_high_quality_bus_service_800m_dwellings_percent": 0.6, "Categorical_high_quality_bus_service_800m_dwellings_percent": "60\u201370%", "Binned_any_public_transport_400m_dwellings_percent": 0.9, "Categorical_any_public_transport_400m_dwellings_percent": "90\u2013100%", "Binned_high_quality_public_transport_800m_dwellings_percent": 0.6, "Categorical_high_quality_public_transport_800m_dwellings_percent": "60\u201370%", "area_km2": 7.3463}}, {"type": "Feature", "geometry": {"type": "Polygon", "coordinates": [[[144.8514, -37.7702], [144.8507, -37.7734], [144.8482, -37.7731], [144.8472, -37.7791], [144.8471, -37.7799], [144.8448, -37.7935], [144.8439, -37.7951], [144.8422, -37.7957], [144.8419, -37.7967], [144.8425, -37.7973], [144.8621, -37.7995], [144.8639, -37.7895], [144.8789, -37.7911], [144.8794, -37.7904], [144.8827, -37.7908], [144.8835, -37.7864], [144.8855, -37.7755], [144.8741, -37.7742], [144.8717, -37.7738], [144.8719, -37.7726], [144.8688, -37.7725], [144.8678, -37.7722], [144.8651, -37.7723], [144.8648, -37.7735], [144.8608, -37.7761], [144.8584, -37.776], [144.8527, -37.7732], [144.8518, -37.7722], [144.8514, -37.7702]]]}, "properties": {"SA2_CODE21": "213031347", "Area": "Braybrook", "% dwellings within 400m of any bus service": 0.992635, "% dwellings with 800m of a high quality bus service": 0.759074, "dwellings_2025": 8743, "population_2025": 20778, "SEIFA_Score": 965, "SEIFA_Decile": 4, "% dwellings within 400m of any public transport service": 0.992635, "% dwellings with 800m of a high quality public transport service": 0.7596, "Binned_any_bus_service_400m_dwellings_percent": 0.9, "Categorical_any_bus_service_400m_dwellings_percent": "90\u2013100%", "Binned_high_quality_bus_service_800m_dwellings_percent": 0.7, "Categorical_high_quality_bus_service_800m_dwellings_percent": "70\u201380%", "Binned_any_public_transport_400m_dwellings_percent": 0.9, "Categorical_any_public_transport_400m_dwellings_percent": "90\u2013100%", "Binned_high_quality_public_transport_800m_dwellings_percent": 0.7, "Categorical_high_quality_public_transport_800m_dwellings_percent": "70\u201380%", "area_km2": 7.4843}}, {"type": "Feature", "geometry": {"type": "Polygon", "coordinates": [[[144.9028, -37.789], [144.8939, -37.7879], [144.8902, -37.7874], [144.8903, -37.787], [144.8835, -37.7864], [144.8827, -37.7908], [144.8814, -37.7978], [144.8799, -37.7977], [144.8794, -37.8005], [144.887, -37.8014], [144.8862, -37.8022], [144.8925, -37.8033], [144.8974, -37.804], [144.8971, -37.8057], [144.8984, -37.8064], [144.9002, -37.8069], [144.8985, -37.8107], [144.8983, -37.8112], [144.9011, -37.812], [144.8999, -37.8147], [144.9055, -37.8153], [144.9055, -37.8135], [144.9064, -37.8088], [144.9082, -37.8046], [144.9096, -37.8018], [144.911, -37.8001], [144.9124, -37.7996], [144.9148, -37.8002], [144.9162, -37.7991], [144.9165, -37.7982], [144.9153, -37.7965], [144.9129, -37.7951], [144.9084, -37.7937], [144.9041, -37.7919], [144.9029, -37.7907], [144.9027, -37.7896], [144.9028, -37.789]]]}, "properties": {"SA2_CODE21": "213031348", "Area": "Footscray", "% dwellings within 400m of any bus service": 1, "% dwellings with 800m of a high quality bus service": 0.923765, "dwellings_2025": 12667, "population_2025": 24154, "SEIFA_Score": 1030, "SEIFA_Decile": 7, "% dwellings within 400m of any public transport service": 1, "% dwellings with 800m of a high quality public transport service": 0.934267, "Binned_any_bus_service_400m_dwellings_percent": 1, "Categorical_any_bus_service_400m_dwellings_percent": "90\u2013100%", "Binned_high_quality_bus_service_800m_dwellings_percent": 0.9, "Categorical_high_quality_bus_service_800m_dwellings_percent": "90\u2013100%", "Binned_any_public_transport_400m_dwellings_percent": 1, "Categorical_any_public_transport_400m_dwellings_percent": "90\u2013100%", "Binned_high_quality_public_transport_800m_dwellings_percent": 0.9, "Categorical_high_quality_public_transport_800m_dwellings_percent": "90\u2013100%", "area_km2": 4.9671}}, {"type": "Feature", "geometry": {"type": "Polygon", "coordinates": [[[144.901, -37.77], [144.9019, -37.7696], [144.9023, -37.7687], [144.9016, -37.7654], [144.9, -37.7647], [144.8982, -37.7646], [144.8958, -37.7651], [144.8941, -37.7658], [144.8929, -37.7653], [144.8895, -37.7621], [144.889, -37.7619], [144.8853, -37.7617], [144.8843, -37.761], [144.8844, -37.7591], [144.8857, -37.7568], [144.8852, -37.756], [144.8821, -37.7559], [144.8813, -37.7562], [144.8802, -37.7577], [144.8779, -37.7594], [144.873, -37.7617], [144.8724, -37.7624], [144.8706, -37.7664], [144.8727, -37.7682], [144.8743, -37.7689], [144.8744, -37.771], [144.8719, -37.7726], [144.8717, -37.7738], [144.8741, -37.7742], [144.8855, -37.7755], [144.8835, -37.7864], [144.8903, -37.787], [144.8902, -37.7874], [144.8939, -37.7879], [144.9028, -37.789], [144.9035, -37.7877], [144.9041, -37.7853], [144.904, -37.7846], [144.9015, -37.7826], [144.8979, -37.7806], [144.8972, -37.7792], [144.8968, -37.7769], [144.8961, -37.7746], [144.896, -37.7728], [144.898, -37.771], [144.901, -37.77]]]}, "properties": {"SA2_CODE21": "213031349", "Area": "Maribyrnong", "% dwellings within 400m of any bus service": 0.968683, "% dwellings with 800m of a high quality bus service": 0.40427, "dwellings_2025": 6538, "population_2025": 13707, "SEIFA_Score": 1063, "SEIFA_Decile": 8, "% dwellings within 400m of any public transport service": 0.968683, "% dwellings with 800m of a high quality public transport service": 0.639858, "Binned_any_bus_service_400m_dwellings_percent": 0.9, "Categorical_any_bus_service_400m_dwellings_percent": "90\u2013100%", "Binned_high_quality_bus_service_800m_dwellings_percent": 0.4, "Categorical_high_quality_bus_service_800m_dwellings_percent": "40\u201350%", "Binned_any_public_transport_400m_dwellings_percent": 0.9, "Categorical_any_public_transport_400m_dwellings_percent": "90\u2013100%", "Binned_high_quality_public_transport_800m_dwellings_percent": 0.6, "Categorical_high_quality_public_transport_800m_dwellings_percent": "60\u201370%", "area_km2": 5.4934}}, {"type": "Feature", "geometry": {"type": "Polygon", "coordinates": [[[144.8862, -37.8022], [144.874, -37.8086], [144.8701, -37.8109], [144.8692, -37.8112], [144.8835, -37.8128], [144.8841, -37.8096], [144.8898, -37.8102], [144.8899, -37.8098], [144.8985, -37.8107], [144.9002, -37.8069], [144.8984, -37.8064], [144.8971, -37.8057], [144.8974, -37.804], [144.8925, -37.8033], [144.8862, -37.8022]]]}, "properties": {"SA2_CODE21": "213031350", "Area": "Seddon \u2013 Kingsville", "% dwellings within 400m of any bus service": 1, "% dwellings with 800m of a high quality bus service": 0.635281, "dwellings_2025": 4912, "population_2025": 10371, "SEIFA_Score": 1103, "SEIFA_Decile": 9, "% dwellings within 400m of any public transport service": 1, "% dwellings with 800m of a high quality public transport service": 0.703463, "Binned_any_bus_service_400m_dwellings_percent": 1, "Categorical_any_bus_service_400m_dwellings_percent": "90\u2013100%", "Binned_high_quality_bus_service_800m_dwellings_percent": 0.6, "Categorical_high_quality_bus_service_800m_dwellings_percent": "60\u201370%", "Binned_any_public_transport_400m_dwellings_percent": 1, "Categorical_any_public_transport_400m_dwellings_percent": "90\u2013100%", "Binned_high_quality_public_transport_800m_dwellings_percent": 0.7, "Categorical_high_quality_public_transport_800m_dwellings_percent": "70\u201380%", "area_km2": 1.6803}}, {"type": "Feature", "geometry": {"type": "Polygon", "coordinates": [[[144.8437, -37.8029], [144.8476, -37.807], [144.8559, -37.8149], [144.8598, -37.8138], [144.8692, -37.8112], [144.8701, -37.8109], [144.874, -37.8086], [144.8862, -37.8022], [144.887, -37.8014], [144.8794, -37.8005], [144.8799, -37.7977], [144.8814, -37.7978], [144.8827, -37.7908], [144.8794, -37.7904], [144.8789, -37.7911], [144.8639, -37.7895], [144.8621, -37.7995], [144.8425, -37.7973], [144.8392, -37.7969], [144.8437, -37.8029]]]}, "properties": {"SA2_CODE21": "213031351", "Area": "West Footscray \u2013 Tottenham", "% dwellings within 400m of any bus service": 0.947967, "% dwellings with 800m of a high quality bus service": 0.550407, "dwellings_2025": 5622, "population_2025": 12359, "SEIFA_Score": 1046, "SEIFA_Decile": 7, "% dwellings within 400m of any public transport service": 0.961789, "% dwellings with 800m of a high quality public transport service": 0.58374, "Binned_any_bus_service_400m_dwellings_percent": 0.9, "Categorical_any_bus_service_400m_dwellings_percent": "90\u2013100%", "Binned_high_quality_bus_service_800m_dwellings_percent": 0.5, "Categorical_high_quality_bus_service_800m_dwellings_percent": "50\u201360%", "Binned_any_public_transport_400m_dwellings_percent": 0.9, "Categorical_any_public_transport_400m_dwellings_percent": "90\u2013100%", "Binned_high_quality_public_transport_800m_dwellings_percent": 0.5, "Categorical_high_quality_public_transport_800m_dwellings_percent": "50\u201360%", "area_km2": 5.9807}}, {"type": "Feature", "geometry": {"type": "Polygon", "coordinates": [[[144.9055, -37.8153], [144.8999, -37.8147], [144.9011, -37.812], [144.8983, -37.8112], [144.8985, -37.8107], [144.8899, -37.8098], [144.8898, -37.8102], [144.8841, -37.8096], [144.8835, -37.8128], [144.8692, -37.8112], [144.8598, -37.8138], [144.8591, -37.8184], [144.8578, -37.8244], [144.8663, -37.8242], [144.8719, -37.8243], [144.8811, -37.8253], [144.8846, -37.8244], [144.8858, -37.8229], [144.8878, -37.8229], [144.889, -37.8246], [144.8909, -37.8254], [144.8931, -37.8255], [144.8949, -37.827], [144.8959, -37.8218], [144.9056, -37.8229], [144.9065, -37.8216], [144.9065, -37.8191], [144.9055, -37.8153]]]}, "properties": {"SA2_CODE21": "213031352", "Area": "Yarraville", "% dwellings within 400m of any bus service": 0.992754, "% dwellings with 800m of a high quality bus service": 0.481555, "dwellings_2025": 7154, "population_2025": 16487, "SEIFA_Score": 1109, "SEIFA_Decile": 9, "% dwellings within 400m of any public transport service": 0.992754, "% dwellings with 800m of a high quality public transport service": 0.523715, "Binned_any_bus_service_400m_dwellings_percent": 0.9, "Categorical_any_bus_service_400m_dwellings_percent": "90\u2013100%", "Binned_high_quality_bus_service_800m_dwellings_percent": 0.4, "Categorical_high_quality_bus_service_800m_dwellings_percent": "40\u201350%", "Binned_any_public_transport_400m_dwellings_percent": 0.9, "Categorical_any_public_transport_400m_dwellings_percent": "90\u2013100%", "Binned_high_quality_public_transport_800m_dwellings_percent": 0.5, "Categorical_high_quality_public_transport_800m_dwellings_percent": "50\u201360%", "area_km2": 5.62}}, {"type": "Feature", "geometry": {"type": "Polygon", "coordinates": [[[144.5195, -37.6352], [144.5193, -37.6372], [144.5205, -37.6378], [144.5194, -37.6389], [144.5195, -37.6402], [144.5187, -37.6422], [144.5168, -37.6429], [144.5178, -37.6438], [144.5177, -37.6453], [144.5165, -37.6457], [144.5167, -37.647], [144.5189, -37.6476], [144.5193, -37.6484], [144.5183, -37.6493], [144.5187, -37.6502], [144.5174, -37.6506], [144.5187, -37.6527], [144.5179, -37.6536], [144.5189, -37.655], [144.518, -37.6556], [144.5187, -37.657], [144.5184, -37.658], [144.5195, -37.6586], [144.5189, -37.6596], [144.5207, -37.6608], [144.5196, -37.6614], [144.5187, -37.6626], [144.5199, -37.6648], [144.5211, -37.6658], [144.5192, -37.6662], [144.5171, -37.6677], [144.5153, -37.6683], [144.516, -37.6698], [144.5172, -37.6695], [144.5186, -37.6703], [144.518, -37.6713], [144.5163, -37.6715], [144.5163, -37.6721], [144.5185, -37.6728], [144.5166, -37.6746], [144.5158, -37.673], [144.5128, -37.6752], [144.5125, -37.6762], [144.5139, -37.6767], [144.5135, -37.6794], [144.5138, -37.6838], [144.515, -37.6848], [144.5161, -37.6846], [144.5165, -37.6855], [144.5149, -37.6857], [144.5177, -37.6875], [144.5201, -37.6876], [144.5222, -37.6872], [144.5319, -37.6866], [144.549, -37.6884], [144.5538, -37.6888], [144.5671, -37.6902], [144.5689, -37.6803], [144.5704, -37.6729], [144.571, -37.6704], [144.5722, -37.664], [144.5745, -37.6516], [144.5659, -37.6504], [144.5565, -37.6493], [144.5565, -37.6487], [144.5551, -37.6428], [144.5397, -37.641], [144.538, -37.6406], [144.5388, -37.6385], [144.5377, -37.6374], [144.5195, -37.6352]]]}, "properties": {"SA2_CODE21": "213041358", "Area": "Melton West", "% dwellings within 400m of any bus service": 0.891185, "% dwellings with 800m of a high quality bus service": 0, "dwellings_2025": 7833, "population_2025": 22640, "SEIFA_Score": 920, "SEIFA_Decile": 2, "% dwellings within 400m of any public transport service": 0.891185, "% dwellings with 800m of a high quality public transport service": 0, "Binned_any_bus_service_400m_dwellings_percent": 0.8, "Categorical_any_bus_service_400m_dwellings_percent": "80\u201390%", "Binned_high_quality_bus_service_800m_dwellings_percent": 0, "Categorical_high_quality_bus_service_800m_dwellings_percent": "0\u201310%", "Binned_any_public_transport_400m_dwellings_percent": 0.8, "Categorical_any_public_transport_400m_dwellings_percent": "80\u201390%", "Binned_high_quality_public_transport_800m_dwellings_percent": 0, "Categorical_high_quality_public_transport_800m_dwellings_percent": "0\u201310%", "area_km2": 24.2021}}, {"type": "Feature", "geometry": {"type": "Polygon", "coordinates": [[[144.7572, -37.7634], [144.7484, -37.7594], [144.7442, -37.7577], [144.7237, -37.7507], [144.7241, -37.7444], [144.7258, -37.7375], [144.7275, -37.7348], [144.7263, -37.7342], [144.7266, -37.733], [144.7255, -37.7322], [144.7247, -37.7351], [144.7219, -37.7351], [144.72, -37.7343], [144.7186, -37.7349], [144.7156, -37.7348], [144.7144, -37.7337], [144.7099, -37.7349], [144.7047, -37.7346], [144.7029, -37.7328], [144.7015, -37.7321], [144.7002, -37.732], [144.6971, -37.7324], [144.6964, -37.7322], [144.6954, -37.7309], [144.6962, -37.73], [144.6955, -37.7287], [144.6943, -37.7275], [144.6945, -37.7247], [144.6938, -37.724], [144.6923, -37.7239], [144.6901, -37.7257], [144.6874, -37.7268], [144.6866, -37.7292], [144.6845, -37.7296], [144.6836, -37.7276], [144.6842, -37.725], [144.6858, -37.722], [144.684, -37.7197], [144.6817, -37.7187], [144.6807, -37.7173], [144.6791, -37.716], [144.6797, -37.7135], [144.6795, -37.7127], [144.6778, -37.7113], [144.6755, -37.7108], [144.6739, -37.7094], [144.6738, -37.7084], [144.6719, -37.7085], [144.67, -37.7076], [144.6674, -37.7052], [144.6653, -37.7043], [144.6654, -37.7036], [144.6637, -37.7018], [144.6596, -37.7016], [144.6588, -37.7007], [144.6575, -37.7001], [144.6555, -37.7001], [144.6549, -37.6992], [144.6529, -37.6987], [144.6503, -37.7], [144.6486, -37.7], [144.6476, -37.701], [144.6447, -37.7021], [144.6435, -37.7014], [144.642, -37.7015], [144.6411, -37.7007], [144.6417, -37.6998], [144.6404, -37.6988], [144.6372, -37.6974], [144.6364, -37.6965], [144.6387, -37.6939], [144.6396, -37.6921], [144.6395, -37.691], [144.6404, -37.69], [144.6409, -37.6872], [144.6399, -37.6873], [144.6387, -37.6847], [144.6376, -37.6836], [144.6349, -37.6833], [144.6245, -37.6823], [144.6231, -37.6889], [144.621, -37.7024], [144.6202, -37.7077], [144.6164, -37.7293], [144.6123, -37.7517], [144.5755, -37.7481], [144.5752, -37.7482], [144.5769, -37.7502], [144.5761, -37.7532], [144.5783, -37.7553], [144.5793, -37.7565], [144.5816, -37.7572], [144.5823, -37.7581], [144.5796, -37.7605], [144.5792, -37.7615], [144.58, -37.7644], [144.5797, -37.7656], [144.5781, -37.77], [144.5794, -37.7726], [144.5801, -37.7737], [144.583, -37.7756], [144.5844, -37.7793], [144.5871, -37.7808], [144.5891, -37.7815], [144.5904, -37.7837], [144.5903, -37.7848], [144.5878, -37.7865], [144.5884, -37.7876], [144.5907, -37.7885], [144.5907, -37.79], [144.5902, -37.7914], [144.5888, -37.7931], [144.5923, -37.7936], [144.6047, -37.7947], [144.623, -37.7968], [144.632, -37.7979], [144.6388, -37.7986], [144.6595, -37.8009], [144.6867, -37.804], [144.6959, -37.805], [144.7049, -37.806], [144.7085, -37.8068], [144.7089, -37.8068], [144.7508, -37.8104], [144.751, -37.8104], [144.7523, -37.7999], [144.7548, -37.7814], [144.7572, -37.7634]]]}, "properties": {"SA2_CODE21": "213041359", "Area": "Rockbank \u2013 Mount Cottrell", "% dwellings within 400m of any bus service": 0.229083, "% dwellings with 800m of a high quality bus service": 0, "dwellings_2025": 11745, "population_2025": 36757, "SEIFA_Score": 1029, "SEIFA_Decile": 7, "% dwellings within 400m of any public transport service": 0.229083, "% dwellings with 800m of a high quality public transport service": 0, "Binned_any_bus_service_400m_dwellings_percent": 0.2, "Categorical_any_bus_service_400m_dwellings_percent": "20\u201330%", "Binned_high_quality_bus_service_800m_dwellings_percent": 0, "Categorical_high_quality_bus_service_800m_dwellings_percent": "0\u201310%", "Binned_any_public_transport_400m_dwellings_percent": 0.2, "Categorical_any_public_transport_400m_dwellings_percent": "20\u201330%", "Binned_high_quality_public_transport_800m_dwellings_percent": 0, "Categorical_high_quality_public_transport_800m_dwellings_percent": "0\u201310%", "area_km2": 125.7609}}, {"type": "Feature", "geometry": {"type": "Polygon", "coordinates": [[[144.7682, -37.7097], [144.7606, -37.7088], [144.761, -37.7067], [144.752, -37.7056], [144.7326, -37.7033], [144.7326, -37.7062], [144.7325, -37.714], [144.7332, -37.7155], [144.7325, -37.7157], [144.7318, -37.7213], [144.732, -37.7216], [144.7483, -37.7238], [144.7506, -37.724], [144.7641, -37.7255], [144.7682, -37.7097]]]}, "properties": {"SA2_CODE21": "213041360", "Area": "Taylors Hill", "% dwellings within 400m of any bus service": 0.940274, "% dwellings with 800m of a high quality bus service": 0.230831, "dwellings_2025": 5973, "population_2025": 19917, "SEIFA_Score": 1023, "SEIFA_Decile": 7, "% dwellings within 400m of any public transport service": 0.940274, "% dwellings with 800m of a high quality public transport service": 0.230831, "Binned_any_bus_service_400m_dwellings_percent": 0.9, "Categorical_any_bus_service_400m_dwellings_percent": "90\u2013100%", "Binned_high_quality_bus_service_800m_dwellings_percent": 0.2, "Categorical_high_quality_bus_service_800m_dwellings_percent": "20\u201330%", "Binned_any_public_transport_400m_dwellings_percent": 0.9, "Categorical_any_public_transport_400m_dwellings_percent": "90\u2013100%", "Binned_high_quality_public_transport_800m_dwellings_percent": 0.2, "Categorical_high_quality_public_transport_800m_dwellings_percent": "20\u201330%", "area_km2": 5.9679}}, {"type": "Feature", "geometry": {"type": "Polygon", "coordinates": [[[144.7624, -37.7381], [144.7617, -37.737], [144.7565, -37.7387], [144.7548, -37.7386], [144.7527, -37.7404], [144.7522, -37.7416], [144.7478, -37.7417], [144.7472, -37.7416], [144.7462, -37.7466], [144.743, -37.7464], [144.742, -37.7514], [144.7495, -37.752], [144.7484, -37.7594], [144.7572, -37.7634], [144.7583, -37.7554], [144.7566, -37.7547], [144.7566, -37.7536], [144.7573, -37.752], [144.7569, -37.7505], [144.7572, -37.7482], [144.7592, -37.7476], [144.7594, -37.7448], [144.7605, -37.7437], [144.7608, -37.7416], [144.7629, -37.7398], [144.7624, -37.7381]]]}, "properties": {"SA2_CODE21": "213041461", "Area": "Burnside", "% dwellings within 400m of any bus service": 0.825996, "% dwellings with 800m of a high quality bus service": 0, "dwellings_2025": 2206, "population_2025": 6513, "SEIFA_Score": 982, "SEIFA_Decile": 5, "% dwellings within 400m of any public transport service": 0.825996, "% dwellings with 800m of a high quality public transport service": 0, "Binned_any_bus_service_400m_dwellings_percent": 0.8, "Categorical_any_bus_service_400m_dwellings_percent": "80\u201390%", "Binned_high_quality_bus_service_800m_dwellings_percent": 0, "Categorical_high_quality_bus_service_800m_dwellings_percent": "0\u201310%", "Binned_any_public_transport_400m_dwellings_percent": 0.8, "Categorical_any_public_transport_400m_dwellings_percent": "80\u201390%", "Binned_high_quality_public_transport_800m_dwellings_percent": 0, "Categorical_high_quality_public_transport_800m_dwellings_percent": "0\u201310%", "area_km2": 2.552}}, {"type": "Feature", "geometry": {"type": "Polygon", "coordinates": [[[144.7641, -37.7255], [144.7506, -37.724], [144.7496, -37.7299], [144.7478, -37.7417], [144.7522, -37.7416], [144.7527, -37.7404], [144.7548, -37.7386], [144.7565, -37.7387], [144.7617, -37.737], [144.7624, -37.7381], [144.7641, -37.7255]]]}, "properties": {"SA2_CODE21": "213041462", "Area": "Burnside Heights", "% dwellings within 400m of any bus service": 0.915761, "% dwellings with 800m of a high quality bus service": 0.372283, "dwellings_2025": 1868, "population_2025": 6532, "SEIFA_Score": 1007, "SEIFA_Decile": 6, "% dwellings within 400m of any public transport service": 0.915761, "% dwellings with 800m of a high quality public transport service": 0.372283, "Binned_any_bus_service_400m_dwellings_percent": 0.9, "Categorical_any_bus_service_400m_dwellings_percent": "90\u2013100%", "Binned_high_quality_bus_service_800m_dwellings_percent": 0.3, "Categorical_high_quality_bus_service_800m_dwellings_percent": "30\u201340%", "Binned_any_public_transport_400m_dwellings_percent": 0.9, "Categorical_any_public_transport_400m_dwellings_percent": "90\u2013100%", "Binned_high_quality_public_transport_800m_dwellings_percent": 0.3, "Categorical_high_quality_public_transport_800m_dwellings_percent": "30\u201340%", "area_km2": 1.9954}}, {"type": "Feature", "geometry": {"type": "Polygon", "coordinates": [[[144.7484, -37.7594], [144.7495, -37.752], [144.742, -37.7514], [144.743, -37.7464], [144.7462, -37.7466], [144.7472, -37.7416], [144.7478, -37.7417], [144.7496, -37.7299], [144.7506, -37.724], [144.7483, -37.7238], [144.732, -37.7216], [144.7291, -37.7212], [144.7274, -37.7309], [144.7275, -37.7348], [144.7258, -37.7375], [144.7241, -37.7444], [144.7237, -37.7507], [144.7442, -37.7577], [144.7484, -37.7594]]]}, "properties": {"SA2_CODE21": "213041463", "Area": "Caroline Springs", "% dwellings within 400m of any bus service": 0.934827, "% dwellings with 800m of a high quality bus service": 0.344196, "dwellings_2025": 6975, "population_2025": 20817, "SEIFA_Score": 1011, "SEIFA_Decile": 6, "% dwellings within 400m of any public transport service": 0.934827, "% dwellings with 800m of a high quality public transport service": 0.344196, "Binned_any_bus_service_400m_dwellings_percent": 0.9, "Categorical_any_bus_service_400m_dwellings_percent": "90\u2013100%", "Binned_high_quality_bus_service_800m_dwellings_percent": 0.3, "Categorical_high_quality_bus_service_800m_dwellings_percent": "30\u201340%", "Binned_any_public_transport_400m_dwellings_percent": 0.9, "Categorical_any_public_transport_400m_dwellings_percent": "90\u2013100%", "Binned_high_quality_public_transport_800m_dwellings_percent": 0.3, "Categorical_high_quality_public_transport_800m_dwellings_percent": "30\u201340%", "area_km2": 6.9526}}, {"type": "Feature", "geometry": {"type": "Polygon", "coordinates": [[[144.5149, -37.6857], [144.5146, -37.6863], [144.516, -37.6873], [144.517, -37.689], [144.5168, -37.6902], [144.5179, -37.6922], [144.5163, -37.6939], [144.516, -37.6958], [144.5146, -37.6972], [144.5148, -37.6982], [144.5166, -37.6987], [144.5173, -37.6994], [144.5193, -37.7041], [144.5195, -37.7054], [144.5191, -37.7067], [144.5179, -37.7073], [144.5151, -37.7079], [144.5164, -37.7088], [144.5181, -37.7091], [144.5207, -37.7091], [144.5219, -37.7098], [144.524, -37.7099], [144.5246, -37.7096], [144.5325, -37.7075], [144.5344, -37.7082], [144.5362, -37.71], [144.5369, -37.7114], [144.5365, -37.7122], [144.5366, -37.7138], [144.5396, -37.7163], [144.5398, -37.7169], [144.5476, -37.7159], [144.5486, -37.7146], [144.5496, -37.7123], [144.5515, -37.7111], [144.5524, -37.7101], [144.5537, -37.7098], [144.5562, -37.71], [144.5575, -37.7089], [144.5574, -37.7081], [144.5588, -37.707], [144.5612, -37.7062], [144.5625, -37.7053], [144.5647, -37.703], [144.5659, -37.6969], [144.5671, -37.6902], [144.5538, -37.6888], [144.549, -37.6884], [144.5319, -37.6866], [144.5222, -37.6872], [144.5201, -37.6876], [144.5177, -37.6875], [144.5149, -37.6857]]]}, "properties": {"SA2_CODE21": "213041571", "Area": "Brookfield", "% dwellings within 400m of any bus service": 0.645372, "% dwellings with 800m of a high quality bus service": 0, "dwellings_2025": 3470, "population_2025": 10289, "SEIFA_Score": 937, "SEIFA_Decile": 3, "% dwellings within 400m of any public transport service": 0.645372, "% dwellings with 800m of a high quality public transport service": 0, "Binned_any_bus_service_400m_dwellings_percent": 0.6, "Categorical_any_bus_service_400m_dwellings_percent": "60\u201370%", "Binned_high_quality_bus_service_800m_dwellings_percent": 0, "Categorical_high_quality_bus_service_800m_dwellings_percent": "0\u201310%", "Binned_any_public_transport_400m_dwellings_percent": 0.6, "Categorical_any_public_transport_400m_dwellings_percent": "60\u201370%", "Binned_high_quality_public_transport_800m_dwellings_percent": 0, "Categorical_high_quality_public_transport_800m_dwellings_percent": "0\u201310%", "area_km2": 10.6929}}, {"type": "Feature", "geometry": {"type": "Polygon", "coordinates": [[[144.621, -37.7024], [144.6147, -37.6977], [144.6131, -37.6969], [144.6096, -37.696], [144.6039, -37.6953], [144.59, -37.695], [144.5866, -37.6945], [144.5825, -37.6933], [144.5814, -37.6955], [144.5809, -37.698], [144.5793, -37.698], [144.579, -37.6994], [144.5805, -37.6995], [144.5807, -37.7003], [144.5779, -37.7028], [144.5779, -37.7041], [144.58, -37.7056], [144.5804, -37.7071], [144.5799, -37.7088], [144.5789, -37.7106], [144.5795, -37.7115], [144.5791, -37.7133], [144.5814, -37.7135], [144.5835, -37.7145], [144.5819, -37.7161], [144.5817, -37.7184], [144.5824, -37.7195], [144.5828, -37.7213], [144.5825, -37.7232], [144.5818, -37.7247], [144.5811, -37.7247], [144.5804, -37.7264], [144.5788, -37.728], [144.5794, -37.7291], [144.5774, -37.7302], [144.5787, -37.7319], [144.5772, -37.733], [144.5771, -37.7338], [144.579, -37.7348], [144.5789, -37.7375], [144.5796, -37.7377], [144.5812, -37.7365], [144.5836, -37.7382], [144.5834, -37.7392], [144.5803, -37.7406], [144.5791, -37.7421], [144.5803, -37.7435], [144.5791, -37.7452], [144.5792, -37.7461], [144.577, -37.7462], [144.5752, -37.7468], [144.5755, -37.7481], [144.6123, -37.7517], [144.6164, -37.7293], [144.6202, -37.7077], [144.621, -37.7024]]]}, "properties": {"SA2_CODE21": "213041572", "Area": "Cobblebank \u2013 Strathtulloh", "% dwellings within 400m of any bus service": 0.325427, "% dwellings with 800m of a high quality bus service": 0, "dwellings_2025": 4205, "population_2025": 12770, "SEIFA_Score": 1001, "SEIFA_Decile": 6, "% dwellings within 400m of any public transport service": 0.325427, "% dwellings with 800m of a high quality public transport service": 0, "Binned_any_bus_service_400m_dwellings_percent": 0.3, "Categorical_any_bus_service_400m_dwellings_percent": "30\u201340%", "Binned_high_quality_bus_service_800m_dwellings_percent": 0, "Categorical_high_quality_bus_service_800m_dwellings_percent": "0\u201310%", "Binned_any_public_transport_400m_dwellings_percent": 0.3, "Categorical_any_public_transport_400m_dwellings_percent": "30\u201340%", "Binned_high_quality_public_transport_800m_dwellings_percent": 0, "Categorical_high_quality_public_transport_800m_dwellings_percent": "0\u201310%", "area_km2": 19.7593}}, {"type": "Feature", "geometry": {"type": "Polygon", "coordinates": [[[144.6553, -37.6389], [144.6525, -37.6416], [144.6529, -37.6424], [144.6517, -37.6429], [144.6525, -37.6443], [144.651, -37.6448], [144.6488, -37.648], [144.6479, -37.6481], [144.647, -37.6471], [144.6438, -37.6484], [144.6424, -37.6483], [144.6423, -37.6494], [144.6436, -37.6511], [144.6439, -37.6521], [144.6433, -37.6536], [144.6436, -37.6544], [144.6454, -37.6557], [144.6459, -37.6576], [144.6466, -37.6587], [144.6478, -37.6592], [144.6466, -37.6615], [144.6449, -37.6624], [144.6453, -37.6639], [144.6449, -37.6662], [144.6459, -37.6671], [144.6443, -37.6682], [144.6459, -37.6698], [144.6458, -37.6705], [144.6469, -37.6712], [144.6464, -37.6718], [144.6429, -37.6725], [144.6416, -37.6751], [144.6423, -37.6759], [144.6433, -37.6757], [144.6438, -37.6769], [144.6433, -37.678], [144.6423, -37.6787], [144.64, -37.6793], [144.6374, -37.6812], [144.6362, -37.6826], [144.6349, -37.6833], [144.6376, -37.6836], [144.6387, -37.6847], [144.6399, -37.6873], [144.6409, -37.6872], [144.6404, -37.69], [144.6395, -37.691], [144.6396, -37.6921], [144.6387, -37.6939], [144.6364, -37.6965], [144.6372, -37.6974], [144.6404, -37.6988], [144.6417, -37.6998], [144.6411, -37.7007], [144.642, -37.7015], [144.6435, -37.7014], [144.6447, -37.7021], [144.6476, -37.701], [144.6486, -37.7], [144.6503, -37.7], [144.6529, -37.6987], [144.6549, -37.6992], [144.6555, -37.7001], [144.6575, -37.7001], [144.6588, -37.7007], [144.6596, -37.7016], [144.6637, -37.7018], [144.6654, -37.7036], [144.6653, -37.7043], [144.6674, -37.7052], [144.67, -37.7076], [144.6719, -37.7085], [144.6738, -37.7084], [144.6739, -37.7094], [144.6755, -37.7108], [144.6778, -37.7113], [144.6795, -37.7127], [144.6797, -37.7135], [144.6791, -37.716], [144.6807, -37.7173], [144.6817, -37.7187], [144.684, -37.7197], [144.6858, -37.722], [144.6842, -37.725], [144.6836, -37.7276], [144.6845, -37.7296], [144.6866, -37.7292], [144.6874, -37.7268], [144.6901, -37.7257], [144.6923, -37.7239], [144.6938, -37.724], [144.6945, -37.7247], [144.6943, -37.7275], [144.6955, -37.7287], [144.6962, -37.73], [144.6954, -37.7309], [144.6964, -37.7322], [144.6971, -37.7324], [144.7002, -37.732], [144.7015, -37.7321], [144.7029, -37.7328], [144.7047, -37.7346], [144.7099, -37.7349], [144.7144, -37.7337], [144.7156, -37.7348], [144.7186, -37.7349], [144.72, -37.7343], [144.7219, -37.7351], [144.7247, -37.7351], [144.7255, -37.7322], [144.7266, -37.733], [144.7263, -37.7342], [144.7275, -37.7348], [144.7274, -37.7309], [144.7291, -37.7212], [144.732, -37.7216], [144.7318, -37.7213], [144.7325, -37.7157], [144.7332, -37.7155], [144.7325, -37.714], [144.7326, -37.7062], [144.7297, -37.7066], [144.7273, -37.6934], [144.7271, -37.6928], [144.7247, -37.6903], [144.7277, -37.6755], [144.7368, -37.6761], [144.7544, -37.6784], [144.7549, -37.6765], [144.7513, -37.6718], [144.7444, -37.6631], [144.7391, -37.6625], [144.7253, -37.661], [144.7027, -37.6583], [144.6846, -37.6563], [144.6787, -37.6538], [144.6766, -37.6527], [144.6678, -37.6472], [144.6678, -37.647], [144.6565, -37.64], [144.6553, -37.6389]]]}, "properties": {"SA2_CODE21": "213041574", "Area": "Fraser Rise \u2013 Plumpton", "% dwellings within 400m of any bus service": 0.175355, "% dwellings with 800m of a high quality bus service": 0.002552, "dwellings_2025": 7727, "population_2025": 23004, "SEIFA_Score": 1035, "SEIFA_Decile": 7, "% dwellings within 400m of any public transport service": 0.175355, "% dwellings with 800m of a high quality public transport service": 0.002552, "Binned_any_bus_service_400m_dwellings_percent": 0.1, "Categorical_any_bus_service_400m_dwellings_percent": "10\u201320%", "Binned_high_quality_bus_service_800m_dwellings_percent": 0, "Categorical_high_quality_bus_service_800m_dwellings_percent": "0\u201310%", "Binned_any_public_transport_400m_dwellings_percent": 0.1, "Categorical_any_public_transport_400m_dwellings_percent": "10\u201320%", "Binned_high_quality_public_transport_800m_dwellings_percent": 0, "Categorical_high_quality_public_transport_800m_dwellings_percent": "0\u201310%", "area_km2": 58.7312}}, {"type": "Feature", "geometry": {"type": "Polygon", "coordinates": [[[144.7584, -37.6809], [144.7549, -37.6765], [144.7544, -37.6784], [144.7368, -37.6761], [144.7277, -37.6755], [144.7247, -37.6903], [144.7271, -37.6928], [144.7273, -37.6934], [144.7297, -37.7066], [144.7326, -37.7062], [144.7326, -37.7033], [144.752, -37.7056], [144.7522, -37.7036], [144.7541, -37.6931], [144.7564, -37.6934], [144.7572, -37.6882], [144.7576, -37.6848], [144.7584, -37.6809]]]}, "properties": {"SA2_CODE21": "213041575", "Area": "Hillside", "% dwellings within 400m of any bus service": 0.902527, "% dwellings with 800m of a high quality bus service": 0.373646, "dwellings_2025": 5354, "population_2025": 16468, "SEIFA_Score": 1013, "SEIFA_Decile": 6, "% dwellings within 400m of any public transport service": 0.902527, "% dwellings with 800m of a high quality public transport service": 0.373646, "Binned_any_bus_service_400m_dwellings_percent": 0.9, "Categorical_any_bus_service_400m_dwellings_percent": "90\u2013100%", "Binned_high_quality_bus_service_800m_dwellings_percent": 0.3, "Categorical_high_quality_bus_service_800m_dwellings_percent": "30\u201340%", "Binned_any_public_transport_400m_dwellings_percent": 0.9, "Categorical_any_public_transport_400m_dwellings_percent": "90\u2013100%", "Binned_high_quality_public_transport_800m_dwellings_percent": 0.3, "Categorical_high_quality_public_transport_800m_dwellings_percent": "30\u201340%", "area_km2": 7.8166}}, {"type": "Feature", "geometry": {"type": "Polygon", "coordinates": [[[144.6262, -37.5629], [144.6268, -37.56], [144.609, -37.5581], [144.5968, -37.5566], [144.5968, -37.5565], [144.5734, -37.5537], [144.573, -37.5538], [144.5612, -37.5524], [144.5609, -37.5534], [144.5593, -37.5553], [144.5577, -37.5564], [144.5559, -37.5568], [144.5562, -37.559], [144.5529, -37.5613], [144.5517, -37.561], [144.5509, -37.5618], [144.5506, -37.5637], [144.5489, -37.5643], [144.5477, -37.5671], [144.546, -37.5695], [144.5449, -37.5696], [144.5449, -37.5711], [144.5426, -37.5731], [144.5423, -37.5739], [144.5409, -37.5745], [144.5398, -37.5742], [144.5382, -37.5757], [144.5379, -37.5767], [144.5387, -37.5774], [144.5379, -37.5792], [144.5385, -37.5817], [144.5386, -37.5836], [144.5367, -37.5855], [144.5344, -37.5884], [144.536, -37.5882], [144.5364, -37.5894], [144.5352, -37.5903], [144.5334, -37.5905], [144.5342, -37.5916], [144.5334, -37.5931], [144.5317, -37.595], [144.5301, -37.5949], [144.5288, -37.5974], [144.5276, -37.5984], [144.5283, -37.5991], [144.5275, -37.6], [144.5284, -37.6013], [144.5269, -37.6018], [144.5256, -37.6011], [144.5247, -37.603], [144.5233, -37.6032], [144.5226, -37.6051], [144.5246, -37.6062], [144.5237, -37.6074], [144.5257, -37.6083], [144.524, -37.6094], [144.5262, -37.6109], [144.5259, -37.6124], [144.5269, -37.6142], [144.5277, -37.6144], [144.5275, -37.6161], [144.5265, -37.617], [144.5273, -37.6183], [144.5258, -37.6205], [144.5244, -37.6217], [144.5217, -37.6263], [144.5197, -37.6274], [144.5194, -37.6281], [144.5216, -37.6291], [144.5199, -37.6295], [144.5202, -37.6329], [144.5195, -37.6352], [144.5377, -37.6374], [144.5388, -37.6385], [144.538, -37.6406], [144.5397, -37.641], [144.5551, -37.6428], [144.5565, -37.6487], [144.5565, -37.6493], [144.5659, -37.6504], [144.5745, -37.6516], [144.5722, -37.664], [144.571, -37.6704], [144.5704, -37.6729], [144.5966, -37.6761], [144.6013, -37.6767], [144.6046, -37.6768], [144.6066, -37.6771], [144.6156, -37.6781], [144.6149, -37.6825], [144.6245, -37.6823], [144.6349, -37.6833], [144.6362, -37.6826], [144.6374, -37.6812], [144.64, -37.6793], [144.6423, -37.6787], [144.6433, -37.678], [144.6438, -37.6769], [144.6433, -37.6757], [144.6423, -37.6759], [144.6416, -37.6751], [144.6429, -37.6725], [144.6464, -37.6718], [144.6469, -37.6712], [144.6458, -37.6705], [144.6459, -37.6698], [144.6443, -37.6682], [144.6459, -37.6671], [144.6449, -37.6662], [144.6453, -37.6639], [144.6449, -37.6624], [144.6466, -37.6615], [144.6478, -37.6592], [144.6466, -37.6587], [144.6459, -37.6576], [144.6454, -37.6557], [144.6436, -37.6544], [144.6433, -37.6536], [144.6439, -37.6521], [144.6436, -37.6511], [144.6423, -37.6494], [144.6424, -37.6483], [144.6438, -37.6484], [144.647, -37.6471], [144.6479, -37.6481], [144.6488, -37.648], [144.651, -37.6448], [144.6525, -37.6443], [144.6517, -37.6429], [144.6529, -37.6424], [144.6525, -37.6416], [144.6553, -37.6389], [144.6541, -37.6377], [144.6556, -37.6368], [144.655, -37.6343], [144.6555, -37.6336], [144.6574, -37.6327], [144.6591, -37.6324], [144.6596, -37.6312], [144.6602, -37.6286], [144.6611, -37.6271], [144.6601, -37.6248], [144.6603, -37.6232], [144.6588, -37.6225], [144.6595, -37.6202], [144.6584, -37.6186], [144.658, -37.6162], [144.6568, -37.6154], [144.6565, -37.6145], [144.6546, -37.6137], [144.6541, -37.6116], [144.6551, -37.6096], [144.6554, -37.6078], [144.6565, -37.6063], [144.6562, -37.6028], [144.6573, -37.6015], [144.6552, -37.6001], [144.655, -37.5966], [144.6563, -37.5952], [144.6569, -37.5939], [144.6453, -37.5926], [144.6342, -37.5913], [144.6348, -37.5906], [144.6328, -37.5901], [144.6306, -37.5867], [144.632, -37.5858], [144.6313, -37.5842], [144.6319, -37.5831], [144.6312, -37.5817], [144.6316, -37.581], [144.6316, -37.5793], [144.6304, -37.5785], [144.6297, -37.5763], [144.6276, -37.5761], [144.6265, -37.5749], [144.6266, -37.574], [144.6252, -37.5721], [144.6243, -37.5706], [144.6244, -37.5682], [144.6237, -37.5682], [144.6248, -37.566], [144.6248, -37.5653], [144.6261, -37.5647], [144.6262, -37.5629]]]}, "properties": {"SA2_CODE21": "213041576", "Area": "Kurunjang \u2013 Toolern Vale", "% dwellings within 400m of any bus service": 0.677208, "% dwellings with 800m of a high quality bus service": 0, "dwellings_2025": 4530, "population_2025": 12300, "SEIFA_Score": 921, "SEIFA_Decile": 2, "% dwellings within 400m of any public transport service": 0.677208, "% dwellings with 800m of a high quality public transport service": 0, "Binned_any_bus_service_400m_dwellings_percent": 0.6, "Categorical_any_bus_service_400m_dwellings_percent": "60\u201370%", "Binned_high_quality_bus_service_800m_dwellings_percent": 0, "Categorical_high_quality_bus_service_800m_dwellings_percent": "0\u201310%", "Binned_any_public_transport_400m_dwellings_percent": 0.6, "Categorical_any_public_transport_400m_dwellings_percent": "60\u201370%", "Binned_high_quality_public_transport_800m_dwellings_percent": 0, "Categorical_high_quality_public_transport_800m_dwellings_percent": "0\u201310%", "area_km2": 120.8438}}, {"type": "Feature", "geometry": {"type": "Polygon", "coordinates": [[[144.5671, -37.6902], [144.5772, -37.6915], [144.5825, -37.6933], [144.5866, -37.6945], [144.59, -37.695], [144.6039, -37.6953], [144.6096, -37.696], [144.6131, -37.6969], [144.6147, -37.6977], [144.621, -37.7024], [144.6231, -37.6889], [144.6245, -37.6823], [144.6149, -37.6825], [144.6156, -37.6781], [144.6066, -37.6771], [144.6046, -37.6768], [144.6013, -37.6767], [144.5966, -37.6761], [144.5704, -37.6729], [144.5689, -37.6803], [144.5671, -37.6902]]]}, "properties": {"SA2_CODE21": "213041577", "Area": "Melton", "% dwellings within 400m of any bus service": 0.903805, "% dwellings with 800m of a high quality bus service": 0, "dwellings_2025": 3672, "population_2025": 8286, "SEIFA_Score": 843, "SEIFA_Decile": 1, "% dwellings within 400m of any public transport service": 0.903805, "% dwellings with 800m of a high quality public transport service": 0, "Binned_any_bus_service_400m_dwellings_percent": 0.9, "Categorical_any_bus_service_400m_dwellings_percent": "90\u2013100%", "Binned_high_quality_bus_service_800m_dwellings_percent": 0, "Categorical_high_quality_bus_service_800m_dwellings_percent": "0\u201310%", "Binned_any_public_transport_400m_dwellings_percent": 0.9, "Categorical_any_public_transport_400m_dwellings_percent": "90\u2013100%", "Binned_high_quality_public_transport_800m_dwellings_percent": 0, "Categorical_high_quality_public_transport_800m_dwellings_percent": "0\u201310%", "area_km2": 9.8614}}, {"type": "Feature", "geometry": {"type": "Polygon", "coordinates": [[[144.5755, -37.7481], [144.5752, -37.7468], [144.577, -37.7462], [144.5792, -37.7461], [144.5791, -37.7452], [144.5803, -37.7435], [144.5791, -37.7421], [144.5803, -37.7406], [144.5834, -37.7392], [144.5836, -37.7382], [144.5812, -37.7365], [144.5796, -37.7377], [144.5789, -37.7375], [144.579, -37.7348], [144.5771, -37.7338], [144.5772, -37.733], [144.5787, -37.7319], [144.5774, -37.7302], [144.5794, -37.7291], [144.5788, -37.728], [144.5804, -37.7264], [144.5811, -37.7247], [144.5818, -37.7247], [144.5825, -37.7232], [144.5828, -37.7213], [144.5824, -37.7195], [144.5817, -37.7184], [144.5819, -37.7161], [144.5835, -37.7145], [144.5814, -37.7135], [144.5791, -37.7133], [144.5795, -37.7115], [144.5789, -37.7106], [144.5799, -37.7088], [144.5804, -37.7071], [144.58, -37.7056], [144.5779, -37.7041], [144.5779, -37.7028], [144.5807, -37.7003], [144.5805, -37.6995], [144.579, -37.6994], [144.5793, -37.698], [144.5809, -37.698], [144.5814, -37.6955], [144.5825, -37.6933], [144.5772, -37.6915], [144.5671, -37.6902], [144.5659, -37.6969], [144.5647, -37.703], [144.5625, -37.7053], [144.5612, -37.7062], [144.5588, -37.707], [144.5574, -37.7081], [144.5575, -37.7089], [144.5562, -37.71], [144.5537, -37.7098], [144.5524, -37.7101], [144.5515, -37.7111], [144.5496, -37.7123], [144.5486, -37.7146], [144.5476, -37.7159], [144.5398, -37.7169], [144.5408, -37.7193], [144.5402, -37.7207], [144.5421, -37.72], [144.5429, -37.7211], [144.5448, -37.7214], [144.5466, -37.7208], [144.5484, -37.7207], [144.5508, -37.7219], [144.5513, -37.7228], [144.5547, -37.7232], [144.5558, -37.7223], [144.5573, -37.7235], [144.5592, -37.7244], [144.5608, -37.7262], [144.5613, -37.7274], [144.5612, -37.7291], [144.5624, -37.7312], [144.5638, -37.7319], [144.5648, -37.7333], [144.5644, -37.734], [144.5651, -37.7373], [144.567, -37.7401], [144.5659, -37.7407], [144.5675, -37.7414], [144.5684, -37.7423], [144.5683, -37.7437], [144.57, -37.7442], [144.572, -37.7457], [144.5733, -37.7471], [144.5752, -37.7482], [144.5755, -37.7481]]]}, "properties": {"SA2_CODE21": "213041578", "Area": "Melton South \u2013 Weir Views", "% dwellings within 400m of any bus service": 0.571125, "% dwellings with 800m of a high quality bus service": 0, "dwellings_2025": 8003, "population_2025": 22169, "SEIFA_Score": 881, "SEIFA_Decile": 1, "% dwellings within 400m of any public transport service": 0.571125, "% dwellings with 800m of a high quality public transport service": 0, "Binned_any_bus_service_400m_dwellings_percent": 0.5, "Categorical_any_bus_service_400m_dwellings_percent": "50\u201360%", "Binned_high_quality_bus_service_800m_dwellings_percent": 0, "Categorical_high_quality_bus_service_800m_dwellings_percent": "0\u201310%", "Binned_any_public_transport_400m_dwellings_percent": 0.5, "Categorical_any_public_transport_400m_dwellings_percent": "50\u201360%", "Binned_high_quality_public_transport_800m_dwellings_percent": 0, "Categorical_high_quality_public_transport_800m_dwellings_percent": "0\u201310%", "area_km2": 11.0206}}, {"type": "Feature", "geometry": {"type": "Polygon", "coordinates": [[[144.6695, -37.8464], [144.667, -37.8609], [144.6839, -37.8627], [144.6869, -37.8631], [144.7038, -37.8649], [144.7015, -37.8786], [144.7004, -37.8835], [144.7009, -37.8844], [144.7074, -37.8815], [144.7123, -37.8795], [144.7133, -37.8796], [144.715, -37.879], [144.719, -37.878], [144.7369, -37.8734], [144.7355, -37.8698], [144.7345, -37.8689], [144.7345, -37.8673], [144.7314, -37.8633], [144.7312, -37.8633], [144.7212, -37.8687], [144.7202, -37.8684], [144.7179, -37.8685], [144.7168, -37.8679], [144.7166, -37.867], [144.7181, -37.8646], [144.7209, -37.8635], [144.7207, -37.8617], [144.7173, -37.8582], [144.7157, -37.8581], [144.7145, -37.8571], [144.7134, -37.8544], [144.7119, -37.8527], [144.7122, -37.8519], [144.7133, -37.8512], [144.7121, -37.8512], [144.6881, -37.8484], [144.6695, -37.8464]]]}, "properties": {"SA2_CODE21": "213051361", "Area": "Hoppers Crossing \u2013 North", "% dwellings within 400m of any bus service": 0.96857, "% dwellings with 800m of a high quality bus service": 0.072482, "dwellings_2025": 6921, "population_2025": 18795, "SEIFA_Score": 955, "SEIFA_Decile": 4, "% dwellings within 400m of any public transport service": 0.96857, "% dwellings with 800m of a high quality public transport service": 0.074407, "Binned_any_bus_service_400m_dwellings_percent": 0.9, "Categorical_any_bus_service_400m_dwellings_percent": "90\u2013100%", "Binned_high_quality_bus_service_800m_dwellings_percent": 0, "Categorical_high_quality_bus_service_800m_dwellings_percent": "0\u201310%", "Binned_any_public_transport_400m_dwellings_percent": 0.9, "Categorical_any_public_transport_400m_dwellings_percent": "90\u2013100%", "Binned_high_quality_public_transport_800m_dwellings_percent": 0, "Categorical_high_quality_public_transport_800m_dwellings_percent": "0\u201310%", "area_km2": 10.9136}}, {"type": "Feature", "geometry": {"type": "Polygon", "coordinates": [[[144.667, -37.8609], [144.6651, -37.8718], [144.6645, -37.8756], [144.6827, -37.8776], [144.6829, -37.8776], [144.6805, -37.8915], [144.7004, -37.8835], [144.7015, -37.8786], [144.7038, -37.8649], [144.6869, -37.8631], [144.6839, -37.8627], [144.667, -37.8609]]]}, "properties": {"SA2_CODE21": "213051362", "Area": "Hoppers Crossing \u2013 South", "% dwellings within 400m of any bus service": 0.994075, "% dwellings with 800m of a high quality bus service": 0.142857, "dwellings_2025": 7228, "population_2025": 19128, "SEIFA_Score": 936, "SEIFA_Decile": 3, "% dwellings within 400m of any public transport service": 0.993417, "% dwellings with 800m of a high quality public transport service": 0.14944, "Binned_any_bus_service_400m_dwellings_percent": 0.9, "Categorical_any_bus_service_400m_dwellings_percent": "90\u2013100%", "Binned_high_quality_bus_service_800m_dwellings_percent": 0.1, "Categorical_high_quality_bus_service_800m_dwellings_percent": "10\u201320%", "Binned_any_public_transport_400m_dwellings_percent": 0.9, "Categorical_any_public_transport_400m_dwellings_percent": "90\u2013100%", "Binned_high_quality_public_transport_800m_dwellings_percent": 0.1, "Categorical_high_quality_public_transport_800m_dwellings_percent": "10\u201320%", "area_km2": 7.0114}}, {"type": "Feature", "geometry": {"type": "Polygon", "coordinates": [[[144.8072, -37.8152], [144.7982, -37.8145], [144.7691, -37.812], [144.7692, -37.8122], [144.7656, -37.8387], [144.7638, -37.8408], [144.761, -37.844], [144.744, -37.8557], [144.7383, -37.8589], [144.7351, -37.8606], [144.7349, -37.8613], [144.7318, -37.863], [144.7314, -37.8633], [144.7345, -37.8673], [144.7345, -37.8689], [144.7355, -37.8698], [144.7369, -37.8734], [144.7513, -37.8698], [144.7548, -37.8696], [144.76, -37.869], [144.7695, -37.8681], [144.7727, -37.8673], [144.7746, -37.8663], [144.7762, -37.8644], [144.7768, -37.8631], [144.778, -37.8575], [144.7778, -37.8575], [144.7805, -37.8462], [144.7814, -37.8456], [144.7819, -37.8442], [144.7856, -37.8445], [144.7894, -37.8428], [144.8115, -37.8325], [144.8155, -37.8299], [144.8168, -37.8286], [144.8196, -37.8277], [144.8207, -37.8269], [144.824, -37.824], [144.8274, -37.8228], [144.8265, -37.8218], [144.8253, -37.8196], [144.8252, -37.8183], [144.8266, -37.8169], [144.8072, -37.8152]]]}, "properties": {"SA2_CODE21": "213051363", "Area": "Laverton", "% dwellings within 400m of any bus service": 0.942007, "% dwellings with 800m of a high quality bus service": 0.079554, "dwellings_2025": 5001, "population_2025": 12366, "SEIFA_Score": 1015, "SEIFA_Decile": 6, "% dwellings within 400m of any public transport service": 0.942007, "% dwellings with 800m of a high quality public transport service": 0.141264, "Binned_any_bus_service_400m_dwellings_percent": 0.9, "Categorical_any_bus_service_400m_dwellings_percent": "90\u2013100%", "Binned_high_quality_bus_service_800m_dwellings_percent": 0, "Categorical_high_quality_bus_service_800m_dwellings_percent": "0\u201310%", "Binned_any_public_transport_400m_dwellings_percent": 0.9, "Categorical_any_public_transport_400m_dwellings_percent": "90\u2013100%", "Binned_high_quality_public_transport_800m_dwellings_percent": 0.1, "Categorical_high_quality_public_transport_800m_dwellings_percent": "10\u201320%", "area_km2": 22.2451}}, {"type": "Feature", "geometry": {"type": "Polygon", "coordinates": [[[144.7004, -37.8835], [144.6805, -37.8915], [144.6589, -37.9003], [144.6538, -37.9023], [144.6544, -37.9033], [144.651, -37.9041], [144.6498, -37.9049], [144.6492, -37.9067], [144.6517, -37.9075], [144.6518, -37.9096], [144.6522, -37.9121], [144.6532, -37.9128], [144.6549, -37.9152], [144.6563, -37.9166], [144.6575, -37.9199], [144.6281, -37.93], [144.6263, -37.9308], [144.6212, -37.9339], [144.5636, -37.9654], [144.5593, -37.9679], [144.5505, -37.9732], [144.5484, -37.9743], [144.5505, -37.9759], [144.5496, -37.9788], [144.551, -37.9795], [144.5522, -37.9823], [144.5535, -37.983], [144.5547, -37.9848], [144.5559, -37.9853], [144.5568, -37.9848], [144.5608, -37.9847], [144.562, -37.9857], [144.5638, -37.9865], [144.5658, -37.9867], [144.5667, -37.9863], [144.5662, -37.9847], [144.5669, -37.984], [144.5684, -37.9853], [144.5684, -37.9885], [144.5694, -37.989], [144.5709, -37.9914], [144.5721, -37.9922], [144.5723, -37.9935], [144.5734, -37.9943], [144.5732, -37.996], [144.572, -37.9964], [144.572, -37.9979], [144.5734, -37.9992], [144.5773, -38.0016], [144.5802, -38.0025], [144.5835, -38.0026], [144.5897, -38.0041], [144.5925, -38.0046], [144.5978, -38.004], [144.5992, -38.0037], [144.6027, -38.0024], [144.6063, -38.0018], [144.6125, -38.0015], [144.6156, -38.0009], [144.6175, -38.0009], [144.6231, -38.0001], [144.6263, -38.0003], [144.6302, -38.0009], [144.6327, -38.0018], [144.6345, -38.0013], [144.6372, -38.0018], [144.6399, -38.0021], [144.645, -38.0018], [144.6502, -38.002], [144.6526, -38.0009], [144.6548, -37.9983], [144.6565, -37.9973], [144.659, -37.9949], [144.6639, -37.9916], [144.6664, -37.9897], [144.6698, -37.9876], [144.6716, -37.9861], [144.6737, -37.985], [144.6755, -37.9833], [144.6786, -37.9815], [144.6799, -37.9798], [144.6819, -37.9786], [144.6824, -37.9778], [144.6847, -37.9761], [144.6879, -37.9743], [144.6883, -37.9736], [144.6917, -37.9747], [144.6942, -37.9745], [144.6969, -37.9735], [144.6992, -37.9731], [144.7004, -37.9718], [144.7016, -37.9716], [144.7045, -37.9694], [144.7059, -37.968], [144.7079, -37.9651], [144.712, -37.9624], [144.7135, -37.9618], [144.7165, -37.9591], [144.7169, -37.9584], [144.7186, -37.9573], [144.7197, -37.9558], [144.7216, -37.9548], [144.7212, -37.9539], [144.7218, -37.9529], [144.7234, -37.9514], [144.726, -37.9498], [144.7289, -37.9489], [144.7299, -37.9479], [144.732, -37.9468], [144.7337, -37.945], [144.7338, -37.9443], [144.7376, -37.9421], [144.7405, -37.9413], [144.7428, -37.9288], [144.7425, -37.9287], [144.7283, -37.9271], [144.7282, -37.9267], [144.7253, -37.9238], [144.7178, -37.9194], [144.7156, -37.9169], [144.7149, -37.915], [144.7135, -37.9149], [144.7169, -37.8961], [144.718, -37.8888], [144.7193, -37.8815], [144.719, -37.878], [144.715, -37.879], [144.7133, -37.8796], [144.7123, -37.8795], [144.7074, -37.8815], [144.7009, -37.8844], [144.7004, -37.8835]]]}, "properties": {"SA2_CODE21": "213051368", "Area": "Werribee \u2013 South", "% dwellings within 400m of any bus service": 0.834467, "% dwellings with 800m of a high quality bus service": 0.013605, "dwellings_2025": 7215, "population_2025": 17930, "SEIFA_Score": 1001, "SEIFA_Decile": 6, "% dwellings within 400m of any public transport service": 0.834467, "% dwellings with 800m of a high quality public transport service": 0.019274, "Binned_any_bus_service_400m_dwellings_percent": 0.8, "Categorical_any_bus_service_400m_dwellings_percent": "80\u201390%", "Binned_high_quality_bus_service_800m_dwellings_percent": 0, "Categorical_high_quality_bus_service_800m_dwellings_percent": "0\u201310%", "Binned_any_public_transport_400m_dwellings_percent": 0.8, "Categorical_any_public_transport_400m_dwellings_percent": "80\u201390%", "Binned_high_quality_public_transport_800m_dwellings_percent": 0, "Categorical_high_quality_public_transport_800m_dwellings_percent": "0\u201310%", "area_km2": 114.0332}}, {"type": "Feature", "geometry": {"type": "Polygon", "coordinates": [[[144.7667, -37.8839], [144.7633, -37.8836], [144.7624, -37.8887], [144.7559, -37.888], [144.7536, -37.9002], [144.751, -37.9147], [144.7495, -37.9232], [144.7455, -37.9227], [144.7441, -37.9231], [144.7434, -37.924], [144.7425, -37.9287], [144.7428, -37.9288], [144.7405, -37.9413], [144.7422, -37.94], [144.744, -37.9393], [144.7505, -37.9389], [144.7525, -37.9392], [144.7578, -37.9381], [144.761, -37.9373], [144.7645, -37.9345], [144.7702, -37.9308], [144.7746, -37.9289], [144.7782, -37.928], [144.7814, -37.9276], [144.7846, -37.9275], [144.7875, -37.9278], [144.7916, -37.9276], [144.7938, -37.9268], [144.7956, -37.9242], [144.7992, -37.9228], [144.7982, -37.9202], [144.7972, -37.919], [144.7973, -37.9162], [144.7967, -37.913], [144.7975, -37.9086], [144.7976, -37.9065], [144.7981, -37.9051], [144.7994, -37.9032], [144.7999, -37.9011], [144.8011, -37.8997], [144.8013, -37.8986], [144.8031, -37.8958], [144.8045, -37.8943], [144.8016, -37.8947], [144.8, -37.8966], [144.7998, -37.8988], [144.7974, -37.8996], [144.7921, -37.8986], [144.7891, -37.8987], [144.7865, -37.9], [144.7827, -37.8999], [144.7804, -37.8988], [144.7809, -37.8945], [144.7793, -37.8929], [144.778, -37.8925], [144.7766, -37.8904], [144.7753, -37.8877], [144.7733, -37.8853], [144.7709, -37.8842], [144.7697, -37.8842], [144.7686, -37.8849], [144.7672, -37.8847], [144.7667, -37.8839]]]}, "properties": {"SA2_CODE21": "213051464", "Area": "Point Cook \u2013 East", "% dwellings within 400m of any bus service": 0.949071, "% dwellings with 800m of a high quality bus service": 0, "dwellings_2025": 6934, "population_2025": 20297, "SEIFA_Score": 1072, "SEIFA_Decile": 8, "% dwellings within 400m of any public transport service": 0.949071, "% dwellings with 800m of a high quality public transport service": 0, "Binned_any_bus_service_400m_dwellings_percent": 0.9, "Categorical_any_bus_service_400m_dwellings_percent": "90\u2013100%", "Binned_high_quality_bus_service_800m_dwellings_percent": 0, "Categorical_high_quality_bus_service_800m_dwellings_percent": "0\u201310%", "Binned_any_public_transport_400m_dwellings_percent": 0.9, "Categorical_any_public_transport_400m_dwellings_percent": "90\u2013100%", "Binned_high_quality_public_transport_800m_dwellings_percent": 0, "Categorical_high_quality_public_transport_800m_dwellings_percent": "0\u201310%", "area_km2": 19.0354}}, {"type": "Feature", "geometry": {"type": "Polygon", "coordinates": [[[144.7425, -37.9287], [144.7434, -37.924], [144.7441, -37.9231], [144.7455, -37.9227], [144.7495, -37.9232], [144.751, -37.9147], [144.7536, -37.9002], [144.7281, -37.8973], [144.7169, -37.8961], [144.7135, -37.9149], [144.7149, -37.915], [144.7156, -37.9169], [144.7178, -37.9194], [144.7253, -37.9238], [144.7282, -37.9267], [144.7283, -37.9271], [144.7425, -37.9287]]]}, "properties": {"SA2_CODE21": "213051466", "Area": "Point Cook \u2013 South", "% dwellings within 400m of any bus service": 0.835165, "% dwellings with 800m of a high quality bus service": 0.217582, "dwellings_2025": 6253, "population_2025": 19853, "SEIFA_Score": 1087, "SEIFA_Decile": 9, "% dwellings within 400m of any public transport service": 0.835165, "% dwellings with 800m of a high quality public transport service": 0.217582, "Binned_any_bus_service_400m_dwellings_percent": 0.8, "Categorical_any_bus_service_400m_dwellings_percent": "80\u201390%", "Binned_high_quality_bus_service_800m_dwellings_percent": 0.2, "Categorical_high_quality_bus_service_800m_dwellings_percent": "20\u201330%", "Binned_any_public_transport_400m_dwellings_percent": 0.8, "Categorical_any_public_transport_400m_dwellings_percent": "80\u201390%", "Binned_high_quality_public_transport_800m_dwellings_percent": 0.2, "Categorical_high_quality_public_transport_800m_dwellings_percent": "20\u201330%", "area_km2": 9.4219}}, {"type": "Feature", "geometry": {"type": "Polygon", "coordinates": [[[144.6651, -37.8718], [144.6627, -37.8716], [144.6628, -37.871], [144.6578, -37.8706], [144.6575, -37.871], [144.6509, -37.8703], [144.6507, -37.8711], [144.652, -37.8736], [144.6514, -37.8748], [144.6525, -37.8763], [144.6519, -37.8773], [144.6488, -37.8799], [144.6471, -37.8799], [144.6449, -37.8789], [144.6423, -37.8788], [144.6425, -37.8801], [144.6413, -37.8813], [144.6404, -37.8832], [144.6414, -37.886], [144.6426, -37.8879], [144.6441, -37.8913], [144.6446, -37.8916], [144.6479, -37.8919], [144.6496, -37.8918], [144.6515, -37.8929], [144.6504, -37.8949], [144.6525, -37.8975], [144.6542, -37.8977], [144.6561, -37.8985], [144.6589, -37.9003], [144.6805, -37.8915], [144.6829, -37.8776], [144.6827, -37.8776], [144.6645, -37.8756], [144.6651, -37.8718]]]}, "properties": {"SA2_CODE21": "213051467", "Area": "Werribee \u2013 East", "% dwellings within 400m of any bus service": 0.992732, "% dwellings with 800m of a high quality bus service": 0.213204, "dwellings_2025": 7847, "population_2025": 19421, "SEIFA_Score": 897, "SEIFA_Decile": 2, "% dwellings within 400m of any public transport service": 0.992732, "% dwellings with 800m of a high quality public transport service": 0.213204, "Binned_any_bus_service_400m_dwellings_percent": 0.9, "Categorical_any_bus_service_400m_dwellings_percent": "90\u2013100%", "Binned_high_quality_bus_service_800m_dwellings_percent": 0.2, "Categorical_high_quality_bus_service_800m_dwellings_percent": "20\u201330%", "Binned_any_public_transport_400m_dwellings_percent": 0.9, "Categorical_any_public_transport_400m_dwellings_percent": "90\u2013100%", "Binned_high_quality_public_transport_800m_dwellings_percent": 0.2, "Categorical_high_quality_public_transport_800m_dwellings_percent": "20\u201330%", "area_km2": 7.7569}}, {"type": "Feature", "geometry": {"type": "Polygon", "coordinates": [[[144.6589, -37.9003], [144.6561, -37.8985], [144.6542, -37.8977], [144.6525, -37.8975], [144.6504, -37.8949], [144.6515, -37.8929], [144.6496, -37.8918], [144.6479, -37.8919], [144.6446, -37.8916], [144.6441, -37.8913], [144.6426, -37.8879], [144.6336, -37.8869], [144.6315, -37.8927], [144.6312, -37.8929], [144.6312, -37.8967], [144.6315, -37.8983], [144.6311, -37.9001], [144.6288, -37.9018], [144.6225, -37.901], [144.6051, -37.899], [144.6068, -37.8869], [144.6067, -37.8866], [144.6021, -37.8858], [144.6005, -37.8854], [144.5987, -37.8842], [144.5973, -37.8826], [144.5889, -37.8816], [144.5715, -37.8804], [144.5532, -37.8783], [144.5532, -37.8781], [144.5165, -37.8741], [144.4543, -37.8672], [144.4537, -37.8672], [144.455, -37.868], [144.4544, -37.8689], [144.4562, -37.8709], [144.456, -37.872], [144.4574, -37.8727], [144.4583, -37.874], [144.4606, -37.8737], [144.4629, -37.8751], [144.4635, -37.877], [144.4647, -37.8778], [144.465, -37.8787], [144.4664, -37.8803], [144.4677, -37.8824], [144.4693, -37.8842], [144.4712, -37.8832], [144.4729, -37.8832], [144.4724, -37.8853], [144.4715, -37.8867], [144.472, -37.8878], [144.4731, -37.8881], [144.4746, -37.8867], [144.4764, -37.8872], [144.48, -37.8888], [144.4808, -37.8903], [144.4802, -37.8915], [144.48, -37.8937], [144.4796, -37.895], [144.4814, -37.897], [144.4816, -37.8984], [144.4811, -37.8994], [144.4826, -37.9014], [144.4827, -37.9021], [144.4841, -37.9024], [144.4845, -37.9064], [144.4843, -37.9075], [144.4847, -37.9091], [144.4824, -37.9094], [144.4814, -37.909], [144.4781, -37.9108], [144.4787, -37.9124], [144.4785, -37.9149], [144.4776, -37.916], [144.4764, -37.9164], [144.4775, -37.918], [144.4767, -37.9201], [144.4772, -37.9207], [144.4769, -37.9221], [144.4784, -37.9224], [144.4798, -37.9216], [144.4809, -37.9214], [144.4825, -37.9227], [144.4821, -37.9237], [144.4807, -37.9236], [144.4807, -37.9251], [144.4799, -37.9268], [144.479, -37.9276], [144.4756, -37.9278], [144.4751, -37.9285], [144.4765, -37.9295], [144.477, -37.9306], [144.4768, -37.9331], [144.4749, -37.9336], [144.4742, -37.9341], [144.4741, -37.9358], [144.4746, -37.9365], [144.4768, -37.9365], [144.4789, -37.9388], [144.4768, -37.9398], [144.4765, -37.9415], [144.4769, -37.942], [144.4796, -37.9423], [144.4796, -37.9433], [144.4814, -37.9442], [144.4807, -37.9449], [144.4796, -37.9444], [144.4773, -37.945], [144.4771, -37.946], [144.48, -37.9491], [144.4799, -37.9499], [144.4822, -37.952], [144.4844, -37.9533], [144.4852, -37.9549], [144.4862, -37.9551], [144.4869, -37.9562], [144.4883, -37.9571], [144.4887, -37.9583], [144.4887, -37.9604], [144.4895, -37.9613], [144.4907, -37.9609], [144.4919, -37.9618], [144.4939, -37.9624], [144.4945, -37.9633], [144.4964, -37.9643], [144.4953, -37.9655], [144.4948, -37.9678], [144.4946, -37.9705], [144.4954, -37.9718], [144.4954, -37.9737], [144.4959, -37.9744], [144.4973, -37.974], [144.5019, -37.9757], [144.506, -37.9739], [144.5071, -37.9738], [144.5085, -37.9746], [144.5087, -37.9757], [144.5084, -37.9773], [144.5092, -37.9785], [144.5105, -37.9776], [144.5117, -37.9778], [144.5133, -37.9795], [144.5146, -37.9798], [144.5161, -37.9795], [144.5175, -37.981], [144.5194, -37.9808], [144.5205, -37.9802], [144.5221, -37.9804], [144.523, -37.9798], [144.5232, -37.9785], [144.5227, -37.9767], [144.5235, -37.9756], [144.524, -37.9734], [144.5254, -37.9734], [144.5264, -37.974], [144.5277, -37.9731], [144.5289, -37.9729], [144.5315, -37.9713], [144.5334, -37.9712], [144.5365, -37.9725], [144.5399, -37.9714], [144.5416, -37.9713], [144.5452, -37.9723], [144.5476, -37.9719], [144.5481, -37.9725], [144.5477, -37.9735], [144.5484, -37.9743], [144.5505, -37.9732], [144.5593, -37.9679], [144.5636, -37.9654], [144.6212, -37.9339], [144.6263, -37.9308], [144.6281, -37.93], [144.6575, -37.9199], [144.6563, -37.9166], [144.6549, -37.9152], [144.6532, -37.9128], [144.6522, -37.9121], [144.6518, -37.9096], [144.6517, -37.9075], [144.6492, -37.9067], [144.6498, -37.9049], [144.651, -37.9041], [144.6544, -37.9033], [144.6538, -37.9023], [144.6589, -37.9003]]]}, "properties": {"SA2_CODE21": "213051468", "Area": "Werribee \u2013 West", "% dwellings within 400m of any bus service": 0.485244, "% dwellings with 800m of a high quality bus service": 0.067948, "dwellings_2025": 12282, "population_2025": 33979, "SEIFA_Score": 992, "SEIFA_Decile": 5, "% dwellings within 400m of any public transport service": 0.485244, "% dwellings with 800m of a high quality public transport service": 0.067948, "Binned_any_bus_service_400m_dwellings_percent": 0.4, "Categorical_any_bus_service_400m_dwellings_percent": "40\u201350%", "Binned_high_quality_bus_service_800m_dwellings_percent": 0, "Categorical_high_quality_bus_service_800m_dwellings_percent": "0\u201310%", "Binned_any_public_transport_400m_dwellings_percent": 0.4, "Categorical_any_public_transport_400m_dwellings_percent": "40\u201350%", "Binned_high_quality_public_transport_800m_dwellings_percent": 0, "Categorical_high_quality_public_transport_800m_dwellings_percent": "0\u201310%", "area_km2": 127.6631}}, {"type": "Feature", "geometry": {"type": "Polygon", "coordinates": [[[144.6067, -37.8866], [144.6076, -37.8816], [144.6082, -37.8763], [144.6075, -37.8762], [144.6087, -37.8693], [144.6097, -37.8692], [144.6085, -37.8682], [144.5966, -37.8602], [144.5951, -37.8594], [144.5747, -37.8456], [144.5594, -37.8409], [144.5456, -37.8341], [144.5295, -37.8206], [144.5159, -37.8145], [144.4799, -37.795], [144.4755, -37.7928], [144.4698, -37.8234], [144.4669, -37.8391], [144.449, -37.837], [144.4441, -37.864], [144.4462, -37.864], [144.4472, -37.8649], [144.4473, -37.8677], [144.4492, -37.8686], [144.4503, -37.8675], [144.4515, -37.8672], [144.4537, -37.8672], [144.4543, -37.8672], [144.5165, -37.8741], [144.5532, -37.8781], [144.5532, -37.8783], [144.5715, -37.8804], [144.5889, -37.8816], [144.5973, -37.8826], [144.5987, -37.8842], [144.6005, -37.8854], [144.6021, -37.8858], [144.6067, -37.8866]]]}, "properties": {"SA2_CODE21": "213051579", "Area": "Manor Lakes \u2013 Quandong", "% dwellings within 400m of any bus service": 0.519358, "% dwellings with 800m of a high quality bus service": 0, "dwellings_2025": 4355, "population_2025": 13613, "SEIFA_Score": 1037, "SEIFA_Decile": 7, "% dwellings within 400m of any public transport service": 0.519358, "% dwellings with 800m of a high quality public transport service": 0, "Binned_any_bus_service_400m_dwellings_percent": 0.5, "Categorical_any_bus_service_400m_dwellings_percent": "50\u201360%", "Binned_high_quality_bus_service_800m_dwellings_percent": 0, "Categorical_high_quality_bus_service_800m_dwellings_percent": "0\u201310%", "Binned_any_public_transport_400m_dwellings_percent": 0.5, "Categorical_any_public_transport_400m_dwellings_percent": "50\u201360%", "Binned_high_quality_public_transport_800m_dwellings_percent": 0, "Categorical_high_quality_public_transport_800m_dwellings_percent": "0\u201310%", "area_km2": 72.0339}}, {"type": "Feature", "geometry": {"type": "Polygon", "coordinates": [[[144.7548, -37.8696], [144.7513, -37.8698], [144.7369, -37.8734], [144.7374, -37.8752], [144.7366, -37.8783], [144.7342, -37.8809], [144.7331, -37.8833], [144.7324, -37.8873], [144.7327, -37.8896], [144.7316, -37.8909], [144.7294, -37.8921], [144.7289, -37.8927], [144.7281, -37.8973], [144.7536, -37.9002], [144.7559, -37.888], [144.756, -37.8871], [144.7517, -37.8867], [144.7525, -37.8825], [144.7514, -37.8824], [144.7524, -37.8765], [144.7536, -37.876], [144.7548, -37.8696]]]}, "properties": {"SA2_CODE21": "213051580", "Area": "Point Cook \u2013 North East", "% dwellings within 400m of any bus service": 0.942518, "% dwellings with 800m of a high quality bus service": 0.159672, "dwellings_2025": 4992, "population_2025": 14375, "SEIFA_Score": 1033, "SEIFA_Decile": 7, "% dwellings within 400m of any public transport service": 0.942518, "% dwellings with 800m of a high quality public transport service": 0.162409, "Binned_any_bus_service_400m_dwellings_percent": 0.9, "Categorical_any_bus_service_400m_dwellings_percent": "90\u2013100%", "Binned_high_quality_bus_service_800m_dwellings_percent": 0.1, "Categorical_high_quality_bus_service_800m_dwellings_percent": "10\u201320%", "Binned_any_public_transport_400m_dwellings_percent": 0.9, "Categorical_any_public_transport_400m_dwellings_percent": "90\u2013100%", "Binned_high_quality_public_transport_800m_dwellings_percent": 0.1, "Categorical_high_quality_public_transport_800m_dwellings_percent": "10\u201320%", "area_km2": 5.5527}}, {"type": "Feature", "geometry": {"type": "Polygon", "coordinates": [[[144.719, -37.878], [144.7193, -37.8815], [144.718, -37.8888], [144.7169, -37.8961], [144.7281, -37.8973], [144.7289, -37.8927], [144.7294, -37.8921], [144.7316, -37.8909], [144.7327, -37.8896], [144.7324, -37.8873], [144.7331, -37.8833], [144.7342, -37.8809], [144.7366, -37.8783], [144.7374, -37.8752], [144.7369, -37.8734], [144.719, -37.878]]]}, "properties": {"SA2_CODE21": "213051581", "Area": "Point Cook \u2013 North West", "% dwellings within 400m of any bus service": 0.882014, "% dwellings with 800m of a high quality bus service": 0.172662, "dwellings_2025": 3278, "population_2025": 10036, "SEIFA_Score": 1057, "SEIFA_Decile": 8, "% dwellings within 400m of any public transport service": 0.882014, "% dwellings with 800m of a high quality public transport service": 0.172662, "Binned_any_bus_service_400m_dwellings_percent": 0.8, "Categorical_any_bus_service_400m_dwellings_percent": "80\u201390%", "Binned_high_quality_bus_service_800m_dwellings_percent": 0.1, "Categorical_high_quality_bus_service_800m_dwellings_percent": "10\u201320%", "Binned_any_public_transport_400m_dwellings_percent": 0.8, "Categorical_any_public_transport_400m_dwellings_percent": "80\u201390%", "Binned_high_quality_public_transport_800m_dwellings_percent": 0.1, "Categorical_high_quality_public_transport_800m_dwellings_percent": "10\u201320%", "area_km2": 2.938}}, {"type": "Feature", "geometry": {"type": "Polygon", "coordinates": [[[144.5888, -37.7931], [144.5882, -37.7943], [144.5869, -37.7947], [144.5848, -37.7947], [144.5832, -37.7954], [144.5816, -37.797], [144.5803, -37.7977], [144.5782, -37.7994], [144.5784, -37.8], [144.5801, -37.8008], [144.5824, -37.8013], [144.5816, -37.803], [144.58, -37.8044], [144.5792, -37.8041], [144.5777, -37.8058], [144.5774, -37.8069], [144.5767, -37.8108], [144.5767, -37.812], [144.5774, -37.8124], [144.5775, -37.8137], [144.5784, -37.815], [144.5782, -37.8158], [144.5769, -37.8166], [144.5733, -37.8168], [144.5727, -37.8185], [144.5752, -37.8196], [144.5799, -37.8203], [144.5828, -37.8205], [144.5838, -37.8202], [144.585, -37.8188], [144.5866, -37.8187], [144.587, -37.8167], [144.5883, -37.8161], [144.5903, -37.8193], [144.5915, -37.8225], [144.5904, -37.8241], [144.5893, -37.824], [144.5888, -37.8248], [144.591, -37.8256], [144.5938, -37.8253], [144.5954, -37.8242], [144.5981, -37.8248], [144.5993, -37.8259], [144.6019, -37.8267], [144.6038, -37.8275], [144.6044, -37.8286], [144.6028, -37.8304], [144.6031, -37.8324], [144.6057, -37.8334], [144.6081, -37.8355], [144.6101, -37.8354], [144.6107, -37.8364], [144.609, -37.8391], [144.6105, -37.8403], [144.6137, -37.8413], [144.6145, -37.842], [144.6165, -37.8428], [144.6179, -37.843], [144.618, -37.8437], [144.6171, -37.8456], [144.6169, -37.8468], [144.6174, -37.8479], [144.6187, -37.8487], [144.6191, -37.8515], [144.6202, -37.852], [144.6218, -37.8513], [144.6236, -37.8523], [144.6241, -37.8532], [144.6243, -37.8553], [144.6254, -37.8556], [144.6252, -37.8574], [144.6228, -37.8588], [144.6236, -37.8601], [144.6268, -37.8612], [144.6296, -37.861], [144.6321, -37.8635], [144.6337, -37.8646], [144.6346, -37.8668], [144.6351, -37.8675], [144.6365, -37.8677], [144.6381, -37.8657], [144.6395, -37.8656], [144.6438, -37.8667], [144.6469, -37.8663], [144.6472, -37.8674], [144.6463, -37.8698], [144.6477, -37.8705], [144.6522, -37.8675], [144.6531, -37.8676], [144.6521, -37.8658], [144.6524, -37.8644], [144.6534, -37.864], [144.6551, -37.8639], [144.6569, -37.8601], [144.6568, -37.8578], [144.6573, -37.8547], [144.6582, -37.8534], [144.6567, -37.8515], [144.6541, -37.851], [144.6537, -37.8504], [144.6538, -37.8487], [144.6525, -37.8466], [144.6513, -37.8455], [144.6514, -37.8448], [144.654, -37.8298], [144.6569, -37.8154], [144.6595, -37.8009], [144.6388, -37.7986], [144.632, -37.7979], [144.623, -37.7968], [144.6047, -37.7947], [144.5923, -37.7936], [144.5888, -37.7931]]]}, "properties": {"SA2_CODE21": "213051582", "Area": "Tarneit (West) \u2013 Mount Cottrell", "% dwellings within 400m of any bus service": 0.486747, "% dwellings with 800m of a high quality bus service": 0, "dwellings_2025": 6656, "population_2025": 20381, "SEIFA_Score": 1021, "SEIFA_Decile": 6, "% dwellings within 400m of any public transport service": 0.486747, "% dwellings with 800m of a high quality public transport service": 0, "Binned_any_bus_service_400m_dwellings_percent": 0.4, "Categorical_any_bus_service_400m_dwellings_percent": "40\u201350%", "Binned_high_quality_bus_service_800m_dwellings_percent": 0, "Categorical_high_quality_bus_service_800m_dwellings_percent": "0\u201310%", "Binned_any_public_transport_400m_dwellings_percent": 0.4, "Categorical_any_public_transport_400m_dwellings_percent": "40\u201350%", "Binned_high_quality_public_transport_800m_dwellings_percent": 0, "Categorical_high_quality_public_transport_800m_dwellings_percent": "0\u201310%", "area_km2": 36.7062}}, {"type": "Feature", "geometry": {"type": "Polygon", "coordinates": [[[144.7133, -37.8512], [144.7132, -37.8489], [144.714, -37.8474], [144.7136, -37.8466], [144.7115, -37.8448], [144.7102, -37.845], [144.7067, -37.8449], [144.7058, -37.844], [144.7059, -37.8426], [144.7069, -37.8414], [144.7067, -37.8404], [144.7047, -37.8399], [144.7042, -37.8379], [144.703, -37.8357], [144.7004, -37.8356], [144.6911, -37.8344], [144.6729, -37.832], [144.654, -37.8298], [144.6514, -37.8448], [144.6606, -37.8454], [144.6695, -37.8464], [144.6881, -37.8484], [144.7121, -37.8512], [144.7133, -37.8512]]]}, "properties": {"SA2_CODE21": "213051583", "Area": "Tarneit \u2013 Central", "% dwellings within 400m of any bus service": 0.996687, "% dwellings with 800m of a high quality bus service": 0.176146, "dwellings_2025": 8592, "population_2025": 29100, "SEIFA_Score": 1011, "SEIFA_Decile": 6, "% dwellings within 400m of any public transport service": 0.996687, "% dwellings with 800m of a high quality public transport service": 0.176146, "Binned_any_bus_service_400m_dwellings_percent": 0.9, "Categorical_any_bus_service_400m_dwellings_percent": "90\u2013100%", "Binned_high_quality_bus_service_800m_dwellings_percent": 0.1, "Categorical_high_quality_bus_service_800m_dwellings_percent": "10\u201320%", "Binned_any_public_transport_400m_dwellings_percent": 0.9, "Categorical_any_public_transport_400m_dwellings_percent": "90\u2013100%", "Binned_high_quality_public_transport_800m_dwellings_percent": 0.1, "Categorical_high_quality_public_transport_800m_dwellings_percent": "10\u201320%", "area_km2": 7.9607}}, {"type": "Feature", "geometry": {"type": "Polygon", "coordinates": [[[144.6595, -37.8009], [144.6569, -37.8154], [144.654, -37.8298], [144.6729, -37.832], [144.6911, -37.8344], [144.7004, -37.8356], [144.703, -37.8357], [144.7027, -37.8345], [144.7038, -37.8331], [144.7046, -37.8288], [144.7033, -37.8273], [144.7034, -37.8262], [144.7046, -37.8248], [144.7049, -37.8236], [144.7041, -37.8212], [144.7046, -37.8199], [144.7067, -37.8189], [144.706, -37.8167], [144.7092, -37.8129], [144.7104, -37.8129], [144.7123, -37.8116], [144.7108, -37.8091], [144.7092, -37.8081], [144.7085, -37.8068], [144.7049, -37.806], [144.6959, -37.805], [144.6867, -37.804], [144.6595, -37.8009]]]}, "properties": {"SA2_CODE21": "213051584", "Area": "Tarneit \u2013 North", "% dwellings within 400m of any bus service": 0.092421, "% dwellings with 800m of a high quality bus service": 0.001232, "dwellings_2025": 5575, "population_2025": 17224, "SEIFA_Score": 1031, "SEIFA_Decile": 7, "% dwellings within 400m of any public transport service": 0.092421, "% dwellings with 800m of a high quality public transport service": 0.001232, "Binned_any_bus_service_400m_dwellings_percent": 0, "Categorical_any_bus_service_400m_dwellings_percent": "0\u201310%", "Binned_high_quality_bus_service_800m_dwellings_percent": 0, "Categorical_high_quality_bus_service_800m_dwellings_percent": "0\u201310%", "Binned_any_public_transport_400m_dwellings_percent": 0, "Categorical_any_public_transport_400m_dwellings_percent": "0\u201310%", "Binned_high_quality_public_transport_800m_dwellings_percent": 0, "Categorical_high_quality_public_transport_800m_dwellings_percent": "0\u201310%", "area_km2": 14.3452}}, {"type": "Feature", "geometry": {"type": "Polygon", "coordinates": [[[144.6695, -37.8464], [144.6606, -37.8454], [144.6514, -37.8448], [144.6513, -37.8455], [144.6525, -37.8466], [144.6538, -37.8487], [144.6537, -37.8504], [144.6541, -37.851], [144.6567, -37.8515], [144.6582, -37.8534], [144.6573, -37.8547], [144.6568, -37.8578], [144.6569, -37.8601], [144.6551, -37.8639], [144.6534, -37.864], [144.6524, -37.8644], [144.6521, -37.8658], [144.6531, -37.8676], [144.6534, -37.869], [144.6509, -37.8703], [144.6575, -37.871], [144.6578, -37.8706], [144.6628, -37.871], [144.6627, -37.8716], [144.6651, -37.8718], [144.667, -37.8609], [144.6695, -37.8464]]]}, "properties": {"SA2_CODE21": "213051585", "Area": "Tarneit \u2013 South", "% dwellings within 400m of any bus service": 0.997283, "% dwellings with 800m of a high quality bus service": 0.134511, "dwellings_2025": 3623, "population_2025": 11659, "SEIFA_Score": 981, "SEIFA_Decile": 5, "% dwellings within 400m of any public transport service": 0.997283, "% dwellings with 800m of a high quality public transport service": 0.134511, "Binned_any_bus_service_400m_dwellings_percent": 0.9, "Categorical_any_bus_service_400m_dwellings_percent": "90\u2013100%", "Binned_high_quality_bus_service_800m_dwellings_percent": 0.1, "Categorical_high_quality_bus_service_800m_dwellings_percent": "10\u201320%", "Binned_any_public_transport_400m_dwellings_percent": 0.9, "Categorical_any_public_transport_400m_dwellings_percent": "90\u2013100%", "Binned_high_quality_public_transport_800m_dwellings_percent": 0.1, "Categorical_high_quality_public_transport_800m_dwellings_percent": "10\u201320%", "area_km2": 3.1301}}, {"type": "Feature", "geometry": {"type": "Polygon", "coordinates": [[[144.751, -37.8104], [144.7508, -37.8104], [144.7089, -37.8068], [144.7085, -37.8068], [144.7092, -37.8081], [144.7108, -37.8091], [144.7123, -37.8116], [144.7104, -37.8129], [144.7092, -37.8129], [144.706, -37.8167], [144.7067, -37.8189], [144.7046, -37.8199], [144.7041, -37.8212], [144.7049, -37.8236], [144.7046, -37.8248], [144.7034, -37.8262], [144.7033, -37.8273], [144.7046, -37.8288], [144.7038, -37.8331], [144.7027, -37.8345], [144.703, -37.8357], [144.7315, -37.8381], [144.7638, -37.8408], [144.7656, -37.8387], [144.7692, -37.8122], [144.7691, -37.812], [144.751, -37.8104]]]}, "properties": {"SA2_CODE21": "213051586", "Area": "Truganina \u2013 North", "% dwellings within 400m of any bus service": 0.291796, "% dwellings with 800m of a high quality bus service": 0, "dwellings_2025": 4527, "population_2025": 15093, "SEIFA_Score": 1046, "SEIFA_Decile": 7, "% dwellings within 400m of any public transport service": 0.291796, "% dwellings with 800m of a high quality public transport service": 0, "Binned_any_bus_service_400m_dwellings_percent": 0.2, "Categorical_any_bus_service_400m_dwellings_percent": "20\u201330%", "Binned_high_quality_bus_service_800m_dwellings_percent": 0, "Categorical_high_quality_bus_service_800m_dwellings_percent": "0\u201310%", "Binned_any_public_transport_400m_dwellings_percent": 0.2, "Categorical_any_public_transport_400m_dwellings_percent": "20\u201330%", "Binned_high_quality_public_transport_800m_dwellings_percent": 0, "Categorical_high_quality_public_transport_800m_dwellings_percent": "0\u201310%", "area_km2": 17.5191}}, {"type": "Feature", "geometry": {"type": "Polygon", "coordinates": [[[144.7638, -37.8408], [144.7315, -37.8381], [144.7318, -37.8414], [144.7314, -37.8478], [144.7315, -37.8507], [144.7306, -37.858], [144.7318, -37.863], [144.7349, -37.8613], [144.7351, -37.8606], [144.7383, -37.8589], [144.744, -37.8557], [144.761, -37.844], [144.7638, -37.8408]]]}, "properties": {"SA2_CODE21": "213051587", "Area": "Truganina \u2013 South East", "% dwellings within 400m of any bus service": 0.941586, "% dwellings with 800m of a high quality bus service": 0, "dwellings_2025": 3285, "population_2025": 10456, "SEIFA_Score": 1053, "SEIFA_Decile": 8, "% dwellings within 400m of any public transport service": 0.941586, "% dwellings with 800m of a high quality public transport service": 0, "Binned_any_bus_service_400m_dwellings_percent": 0.9, "Categorical_any_bus_service_400m_dwellings_percent": "90\u2013100%", "Binned_high_quality_bus_service_800m_dwellings_percent": 0, "Categorical_high_quality_bus_service_800m_dwellings_percent": "0\u201310%", "Binned_any_public_transport_400m_dwellings_percent": 0.9, "Categorical_any_public_transport_400m_dwellings_percent": "90\u2013100%", "Binned_high_quality_public_transport_800m_dwellings_percent": 0, "Categorical_high_quality_public_transport_800m_dwellings_percent": "0\u201310%", "area_km2": 4.2675}}, {"type": "Feature", "geometry": {"type": "Polygon", "coordinates": [[[144.7314, -37.8633], [144.7318, -37.863], [144.7306, -37.858], [144.7315, -37.8507], [144.7314, -37.8478], [144.7318, -37.8414], [144.7315, -37.8381], [144.703, -37.8357], [144.7042, -37.8379], [144.7047, -37.8399], [144.7067, -37.8404], [144.7069, -37.8414], [144.7059, -37.8426], [144.7058, -37.844], [144.7067, -37.8449], [144.7102, -37.845], [144.7115, -37.8448], [144.7136, -37.8466], [144.714, -37.8474], [144.7132, -37.8489], [144.7133, -37.8512], [144.7122, -37.8519], [144.7119, -37.8527], [144.7134, -37.8544], [144.7145, -37.8571], [144.7157, -37.8581], [144.7173, -37.8582], [144.7207, -37.8617], [144.7209, -37.8635], [144.7181, -37.8646], [144.7166, -37.867], [144.7168, -37.8679], [144.7179, -37.8685], [144.7202, -37.8684], [144.7212, -37.8687], [144.7312, -37.8633], [144.7314, -37.8633]]]}, "properties": {"SA2_CODE21": "213051588", "Area": "Truganina \u2013 South West", "% dwellings within 400m of any bus service": 0.824066, "% dwellings with 800m of a high quality bus service": 0, "dwellings_2025": 5790, "population_2025": 19736, "SEIFA_Score": 995, "SEIFA_Decile": 5, "% dwellings within 400m of any public transport service": 0.824066, "% dwellings with 800m of a high quality public transport service": 0, "Binned_any_bus_service_400m_dwellings_percent": 0.8, "Categorical_any_bus_service_400m_dwellings_percent": "80\u201390%", "Binned_high_quality_bus_service_800m_dwellings_percent": 0, "Categorical_high_quality_bus_service_800m_dwellings_percent": "0\u201310%", "Binned_any_public_transport_400m_dwellings_percent": 0.8, "Categorical_any_public_transport_400m_dwellings_percent": "80\u201390%", "Binned_high_quality_public_transport_800m_dwellings_percent": 0, "Categorical_high_quality_public_transport_800m_dwellings_percent": "0\u201310%", "area_km2": 5.3778}}, {"type": "Feature", "geometry": {"type": "Polygon", "coordinates": [[[144.6509, -37.8703], [144.6534, -37.869], [144.6531, -37.8676], [144.6522, -37.8675], [144.6477, -37.8705], [144.6463, -37.8698], [144.6472, -37.8674], [144.6469, -37.8663], [144.6438, -37.8667], [144.6395, -37.8656], [144.6381, -37.8657], [144.6365, -37.8677], [144.6351, -37.8675], [144.6346, -37.8668], [144.6337, -37.8646], [144.6321, -37.8635], [144.6296, -37.861], [144.6268, -37.8612], [144.6236, -37.8601], [144.6228, -37.8588], [144.6252, -37.8574], [144.6254, -37.8556], [144.6243, -37.8553], [144.6241, -37.8532], [144.6236, -37.8523], [144.6218, -37.8513], [144.6202, -37.852], [144.6191, -37.8515], [144.6187, -37.8487], [144.6174, -37.8479], [144.6169, -37.8468], [144.6171, -37.8456], [144.618, -37.8437], [144.6179, -37.843], [144.6165, -37.8428], [144.6145, -37.842], [144.6137, -37.8413], [144.6105, -37.8403], [144.609, -37.8391], [144.6107, -37.8364], [144.6101, -37.8354], [144.6081, -37.8355], [144.6057, -37.8334], [144.6031, -37.8324], [144.6028, -37.8304], [144.6044, -37.8286], [144.6038, -37.8275], [144.6019, -37.8267], [144.5993, -37.8259], [144.5981, -37.8248], [144.5954, -37.8242], [144.5938, -37.8253], [144.591, -37.8256], [144.5888, -37.8248], [144.5893, -37.824], [144.5904, -37.8241], [144.5915, -37.8225], [144.5903, -37.8193], [144.5883, -37.8161], [144.587, -37.8167], [144.5866, -37.8187], [144.585, -37.8188], [144.5838, -37.8202], [144.5828, -37.8205], [144.5799, -37.8203], [144.5752, -37.8196], [144.5727, -37.8185], [144.5733, -37.8168], [144.5769, -37.8166], [144.5782, -37.8158], [144.5784, -37.815], [144.5775, -37.8137], [144.5774, -37.8124], [144.5767, -37.812], [144.5767, -37.8108], [144.5774, -37.8069], [144.577, -37.8068], [144.5776, -37.8041], [144.5676, -37.7989], [144.5488, -37.7971], [144.5327, -37.7873], [144.4959, -37.7831], [144.49, -37.7823], [144.4777, -37.781], [144.4777, -37.7814], [144.4755, -37.7928], [144.4799, -37.795], [144.5159, -37.8145], [144.5295, -37.8206], [144.5456, -37.8341], [144.5594, -37.8409], [144.5747, -37.8456], [144.5951, -37.8594], [144.5966, -37.8602], [144.6085, -37.8682], [144.6097, -37.8692], [144.6255, -37.8858], [144.6291, -37.8915], [144.6312, -37.8929], [144.6315, -37.8927], [144.6336, -37.8869], [144.6426, -37.8879], [144.6414, -37.886], [144.6404, -37.8832], [144.6413, -37.8813], [144.6425, -37.8801], [144.6423, -37.8788], [144.6449, -37.8789], [144.6471, -37.8799], [144.6488, -37.8799], [144.6519, -37.8773], [144.6525, -37.8763], [144.6514, -37.8748], [144.652, -37.8736], [144.6507, -37.8711], [144.6509, -37.8703]]]}, "properties": {"SA2_CODE21": "213051589", "Area": "Wyndham Vale \u2013 North", "% dwellings within 400m of any bus service": 0.564863, "% dwellings with 800m of a high quality bus service": 0.037806, "dwellings_2025": 5305, "population_2025": 15316, "SEIFA_Score": 976, "SEIFA_Decile": 5, "% dwellings within 400m of any public transport service": 0.564863, "% dwellings with 800m of a high quality public transport service": 0.037806, "Binned_any_bus_service_400m_dwellings_percent": 0.5, "Categorical_any_bus_service_400m_dwellings_percent": "50\u201360%", "Binned_high_quality_bus_service_800m_dwellings_percent": 0, "Categorical_high_quality_bus_service_800m_dwellings_percent": "0\u201310%", "Binned_any_public_transport_400m_dwellings_percent": 0.5, "Categorical_any_public_transport_400m_dwellings_percent": "50\u201360%", "Binned_high_quality_public_transport_800m_dwellings_percent": 0, "Categorical_high_quality_public_transport_800m_dwellings_percent": "0\u201310%", "area_km2": 51.2497}}, {"type": "Feature", "geometry": {"type": "Polygon", "coordinates": [[[144.6312, -37.8929], [144.6291, -37.8915], [144.6255, -37.8858], [144.6097, -37.8692], [144.6087, -37.8693], [144.6075, -37.8762], [144.6082, -37.8763], [144.6076, -37.8816], [144.6067, -37.8866], [144.6068, -37.8869], [144.6051, -37.899], [144.6225, -37.901], [144.6288, -37.9018], [144.6311, -37.9001], [144.6315, -37.8983], [144.6312, -37.8967], [144.6312, -37.8929]]]}, "properties": {"SA2_CODE21": "213051590", "Area": "Wyndham Vale \u2013 South", "% dwellings within 400m of any bus service": 0.994861, "% dwellings with 800m of a high quality bus service": 0.080164, "dwellings_2025": 4779, "population_2025": 13828, "SEIFA_Score": 947, "SEIFA_Decile": 3, "% dwellings within 400m of any public transport service": 0.994861, "% dwellings with 800m of a high quality public transport service": 0.080164, "Binned_any_bus_service_400m_dwellings_percent": 0.9, "Categorical_any_bus_service_400m_dwellings_percent": "90\u2013100%", "Binned_high_quality_bus_service_800m_dwellings_percent": 0, "Categorical_high_quality_bus_service_800m_dwellings_percent": "0\u201310%", "Binned_any_public_transport_400m_dwellings_percent": 0.9, "Categorical_any_public_transport_400m_dwellings_percent": "90\u2013100%", "Binned_high_quality_public_transport_800m_dwellings_percent": 0, "Categorical_high_quality_public_transport_800m_dwellings_percent": "0\u201310%", "area_km2": 4.9575}}, {"type": "Feature", "geometry": {"type": "Polygon", "coordinates": [[[145.1487, -38.0834], [145.1493, -38.0893], [145.1492, -38.0904], [145.1483, -38.0926], [145.146, -38.0954], [145.1468, -38.0956], [145.1529, -38.0921], [145.1548, -38.0912], [145.1537, -38.0963], [145.1552, -38.0989], [145.1577, -38.1019], [145.1606, -38.1068], [145.1621, -38.1089], [145.1606, -38.11], [145.1574, -38.1127], [145.1606, -38.1131], [145.1753, -38.1149], [145.1738, -38.1219], [145.182, -38.1268], [145.1831, -38.1253], [145.1875, -38.1236], [145.1872, -38.1219], [145.1882, -38.1165], [145.194, -38.1172], [145.1954, -38.11], [145.1983, -38.0956], [145.2, -38.088], [145.1926, -38.0871], [145.1938, -38.0808], [145.2013, -38.0817], [145.2031, -38.0732], [145.1576, -38.0676], [145.1563, -38.0674], [145.1546, -38.0756], [145.1498, -38.075], [145.1488, -38.0803], [145.1487, -38.0834]]]}, "properties": {"SA2_CODE21": "214011370", "Area": "Carrum Downs", "% dwellings within 400m of any bus service": 0.887137, "% dwellings with 800m of a high quality bus service": 0.089212, "dwellings_2025": 9471, "population_2025": 23258, "SEIFA_Score": 950, "SEIFA_Decile": 3, "% dwellings within 400m of any public transport service": 0.887137, "% dwellings with 800m of a high quality public transport service": 0.089212, "Binned_any_bus_service_400m_dwellings_percent": 0.8, "Categorical_any_bus_service_400m_dwellings_percent": "80\u201390%", "Binned_high_quality_bus_service_800m_dwellings_percent": 0, "Categorical_high_quality_bus_service_800m_dwellings_percent": "0\u201310%", "Binned_any_public_transport_400m_dwellings_percent": 0.8, "Categorical_any_public_transport_400m_dwellings_percent": "80\u201390%", "Binned_high_quality_public_transport_800m_dwellings_percent": 0, "Categorical_high_quality_public_transport_800m_dwellings_percent": "0\u201310%", "area_km2": 20.308}}, {"type": "Feature", "geometry": {"type": "Polygon", "coordinates": [[[145.1223, -38.1293], [145.1213, -38.1334], [145.1194, -38.1398], [145.1178, -38.1439], [145.1162, -38.1458], [145.1141, -38.1496], [145.1123, -38.1521], [145.1095, -38.1534], [145.1176, -38.1556], [145.1191, -38.1553], [145.1198, -38.1565], [145.1232, -38.1574], [145.1229, -38.158], [145.124, -38.16], [145.1364, -38.1634], [145.1454, -38.1704], [145.147, -38.1715], [145.1497, -38.1744], [145.1507, -38.1752], [145.1613, -38.1769], [145.1621, -38.1751], [145.1664, -38.1592], [145.1683, -38.1558], [145.1537, -38.1518], [145.1471, -38.1489], [145.139, -38.1467], [145.1375, -38.1464], [145.1357, -38.1467], [145.1364, -38.1449], [145.1367, -38.1354], [145.1366, -38.1339], [145.1359, -38.1324], [145.1346, -38.1309], [145.1256, -38.1285], [145.1248, -38.1301], [145.1223, -38.1293]]]}, "properties": {"SA2_CODE21": "214011371", "Area": "Frankston", "% dwellings within 400m of any bus service": 0.954215, "% dwellings with 800m of a high quality bus service": 0.145349, "dwellings_2025": 11822, "population_2025": 24791, "SEIFA_Score": 962, "SEIFA_Decile": 4, "% dwellings within 400m of any public transport service": 0.959666, "% dwellings with 800m of a high quality public transport service": 0.153343, "Binned_any_bus_service_400m_dwellings_percent": 0.9, "Categorical_any_bus_service_400m_dwellings_percent": "90\u2013100%", "Binned_high_quality_bus_service_800m_dwellings_percent": 0.1, "Categorical_high_quality_bus_service_800m_dwellings_percent": "10\u201320%", "Binned_any_public_transport_400m_dwellings_percent": 0.9, "Categorical_any_public_transport_400m_dwellings_percent": "90\u2013100%", "Binned_high_quality_public_transport_800m_dwellings_percent": 0.1, "Categorical_high_quality_public_transport_800m_dwellings_percent": "10\u201320%", "area_km2": 11.6244}}, {"type": "Feature", "geometry": {"type": "Polygon", "coordinates": [[[145.1574, -38.1127], [145.1436, -38.1221], [145.134, -38.1285], [145.1334, -38.1286], [145.1346, -38.1309], [145.1359, -38.1324], [145.1366, -38.1339], [145.1367, -38.1354], [145.1364, -38.1449], [145.1357, -38.1467], [145.1375, -38.1464], [145.139, -38.1467], [145.1471, -38.1489], [145.1537, -38.1518], [145.1683, -38.1558], [145.1711, -38.1516], [145.1723, -38.149], [145.1732, -38.1454], [145.1734, -38.1418], [145.1732, -38.1395], [145.1769, -38.1405], [145.1782, -38.1317], [145.182, -38.1268], [145.1738, -38.1219], [145.1753, -38.1149], [145.1606, -38.1131], [145.1574, -38.1127]]]}, "properties": {"SA2_CODE21": "214011372", "Area": "Frankston North", "% dwellings within 400m of any bus service": 0.985991, "% dwellings with 800m of a high quality bus service": 0.089978, "dwellings_2025": 8834, "population_2025": 19944, "SEIFA_Score": 909, "SEIFA_Decile": 2, "% dwellings within 400m of any public transport service": 0.985991, "% dwellings with 800m of a high quality public transport service": 0.089978, "Binned_any_bus_service_400m_dwellings_percent": 0.9, "Categorical_any_bus_service_400m_dwellings_percent": "90\u2013100%", "Binned_high_quality_bus_service_800m_dwellings_percent": 0, "Categorical_high_quality_bus_service_800m_dwellings_percent": "0\u201310%", "Binned_any_public_transport_400m_dwellings_percent": 0.9, "Categorical_any_public_transport_400m_dwellings_percent": "90\u2013100%", "Binned_high_quality_public_transport_800m_dwellings_percent": 0, "Categorical_high_quality_public_transport_800m_dwellings_percent": "0\u201310%", "area_km2": 13.2382}}, {"type": "Feature", "geometry": {"type": "Polygon", "coordinates": [[[145.1095, -38.1534], [145.107, -38.1542], [145.1033, -38.1564], [145.1022, -38.1581], [145.1012, -38.1588], [145.0999, -38.1607], [145.0979, -38.1624], [145.0988, -38.1638], [145.0999, -38.1644], [145.1004, -38.1666], [145.1021, -38.1659], [145.1288, -38.2001], [145.1335, -38.1957], [145.1397, -38.1973], [145.148, -38.1941], [145.1524, -38.1945], [145.1543, -38.1917], [145.1576, -38.1839], [145.1593, -38.1817], [145.1613, -38.1769], [145.1507, -38.1752], [145.1497, -38.1744], [145.147, -38.1715], [145.1454, -38.1704], [145.1364, -38.1634], [145.124, -38.16], [145.1229, -38.158], [145.1232, -38.1574], [145.1198, -38.1565], [145.1191, -38.1553], [145.1176, -38.1556], [145.1095, -38.1534]]]}, "properties": {"SA2_CODE21": "214011373", "Area": "Frankston South", "% dwellings within 400m of any bus service": 0.908003, "% dwellings with 800m of a high quality bus service": 0, "dwellings_2025": 7513, "population_2025": 19192, "SEIFA_Score": 1062, "SEIFA_Decile": 8, "% dwellings within 400m of any public transport service": 0.908003, "% dwellings with 800m of a high quality public transport service": 0, "Binned_any_bus_service_400m_dwellings_percent": 0.9, "Categorical_any_bus_service_400m_dwellings_percent": "90\u2013100%", "Binned_high_quality_bus_service_800m_dwellings_percent": 0, "Categorical_high_quality_bus_service_800m_dwellings_percent": "0\u201310%", "Binned_any_public_transport_400m_dwellings_percent": 0.9, "Categorical_any_public_transport_400m_dwellings_percent": "90\u2013100%", "Binned_high_quality_public_transport_800m_dwellings_percent": 0, "Categorical_high_quality_public_transport_800m_dwellings_percent": "0\u201310%", "area_km2": 14.5603}}, {"type": "Feature", "geometry": {"type": "Polygon", "coordinates": [[[145.2283, -38.1339], [145.2297, -38.1269], [145.2257, -38.1265], [145.2257, -38.1268], [145.2212, -38.1262], [145.2198, -38.1334], [145.2135, -38.1327], [145.2146, -38.127], [145.2017, -38.1255], [145.1902, -38.124], [145.1875, -38.1236], [145.1831, -38.1253], [145.182, -38.1268], [145.1782, -38.1317], [145.1769, -38.1405], [145.1732, -38.1395], [145.1734, -38.1418], [145.1732, -38.1454], [145.1723, -38.149], [145.1711, -38.1516], [145.1683, -38.1558], [145.1664, -38.1592], [145.1621, -38.1751], [145.1613, -38.1769], [145.1593, -38.1817], [145.1618, -38.1836], [145.1635, -38.1852], [145.1808, -38.1983], [145.182, -38.1991], [145.2096, -38.1999], [145.2158, -38.2006], [145.2217, -38.169], [145.228, -38.1365], [145.2283, -38.1339]]]}, "properties": {"SA2_CODE21": "214011374", "Area": "Langwarrin", "% dwellings within 400m of any bus service": 0.739806, "% dwellings with 800m of a high quality bus service": 0.142233, "dwellings_2025": 9800, "population_2025": 25894, "SEIFA_Score": 1005, "SEIFA_Decile": 6, "% dwellings within 400m of any public transport service": 0.739806, "% dwellings with 800m of a high quality public transport service": 0.142233, "Binned_any_bus_service_400m_dwellings_percent": 0.7, "Categorical_any_bus_service_400m_dwellings_percent": "70\u201380%", "Binned_high_quality_bus_service_800m_dwellings_percent": 0.1, "Categorical_high_quality_bus_service_800m_dwellings_percent": "10\u201320%", "Binned_any_public_transport_400m_dwellings_percent": 0.7, "Categorical_any_public_transport_400m_dwellings_percent": "70\u201380%", "Binned_high_quality_public_transport_800m_dwellings_percent": 0.1, "Categorical_high_quality_public_transport_800m_dwellings_percent": "10\u201320%", "area_km2": 37.6199}}, {"type": "Feature", "geometry": {"type": "Polygon", "coordinates": [[[145.1228, -38.085], [145.1231, -38.0878], [145.1239, -38.092], [145.1244, -38.0989], [145.1245, -38.1048], [145.1244, -38.1114], [145.1238, -38.1184], [145.1232, -38.1241], [145.1223, -38.1293], [145.1248, -38.1301], [145.1256, -38.1285], [145.1346, -38.1309], [145.1334, -38.1286], [145.134, -38.1285], [145.1436, -38.1221], [145.1574, -38.1127], [145.1606, -38.11], [145.1621, -38.1089], [145.1606, -38.1068], [145.1577, -38.1019], [145.1552, -38.0989], [145.1537, -38.0963], [145.1548, -38.0912], [145.1529, -38.0921], [145.1468, -38.0956], [145.146, -38.0954], [145.1483, -38.0926], [145.1492, -38.0904], [145.1493, -38.0893], [145.1487, -38.0834], [145.1415, -38.0825], [145.1386, -38.0831], [145.1363, -38.0824], [145.1322, -38.0837], [145.1314, -38.0837], [145.128, -38.0818], [145.127, -38.0817], [145.1238, -38.0822], [145.1245, -38.0847], [145.1228, -38.085]]]}, "properties": {"SA2_CODE21": "214011375", "Area": "Seaford", "% dwellings within 400m of any bus service": 0.933463, "% dwellings with 800m of a high quality bus service": 0.084021, "dwellings_2025": 8495, "population_2025": 18040, "SEIFA_Score": 979, "SEIFA_Decile": 5, "% dwellings within 400m of any public transport service": 0.933463, "% dwellings with 800m of a high quality public transport service": 0.106848, "Binned_any_bus_service_400m_dwellings_percent": 0.9, "Categorical_any_bus_service_400m_dwellings_percent": "90\u2013100%", "Binned_high_quality_bus_service_800m_dwellings_percent": 0, "Categorical_high_quality_bus_service_800m_dwellings_percent": "0\u201310%", "Binned_any_public_transport_400m_dwellings_percent": 0.9, "Categorical_any_public_transport_400m_dwellings_percent": "90\u2013100%", "Binned_high_quality_public_transport_800m_dwellings_percent": 0.1, "Categorical_high_quality_public_transport_800m_dwellings_percent": "10\u201320%", "area_km2": 12.4321}}, {"type": "Feature", "geometry": {"type": "Polygon", "coordinates": [[[145.2396, -38.0777], [145.2313, -38.0767], [145.2031, -38.0732], [145.2013, -38.0817], [145.1938, -38.0808], [145.1926, -38.0871], [145.2, -38.088], [145.1983, -38.0956], [145.1954, -38.11], [145.194, -38.1172], [145.1882, -38.1165], [145.1872, -38.1219], [145.1875, -38.1236], [145.1902, -38.124], [145.2017, -38.1255], [145.2146, -38.127], [145.2135, -38.1327], [145.2198, -38.1334], [145.2212, -38.1262], [145.2257, -38.1268], [145.2257, -38.1265], [145.2297, -38.1269], [145.2337, -38.107], [145.2371, -38.0904], [145.2396, -38.0777]]]}, "properties": {"SA2_CODE21": "214011376", "Area": "Skye \u2013 Sandhurst", "% dwellings within 400m of any bus service": 0.626866, "% dwellings with 800m of a high quality bus service": 0, "dwellings_2025": 4765, "population_2025": 13608, "SEIFA_Score": 1028, "SEIFA_Decile": 7, "% dwellings within 400m of any public transport service": 0.626866, "% dwellings with 800m of a high quality public transport service": 0, "Binned_any_bus_service_400m_dwellings_percent": 0.6, "Categorical_any_bus_service_400m_dwellings_percent": "60\u201370%", "Binned_high_quality_bus_service_800m_dwellings_percent": 0, "Categorical_high_quality_bus_service_800m_dwellings_percent": "0\u201310%", "Binned_any_public_transport_400m_dwellings_percent": 0.6, "Categorical_any_public_transport_400m_dwellings_percent": "60\u201370%", "Binned_high_quality_public_transport_800m_dwellings_percent": 0, "Categorical_high_quality_public_transport_800m_dwellings_percent": "0\u201310%", "area_km2": 19.8152}}, {"type": "Feature", "geometry": {"type": "Polygon", "coordinates": [[[144.9943, -38.3047], [144.9944, -38.3056], [144.9938, -38.3083], [144.9932, -38.31], [144.9915, -38.313], [144.9884, -38.3167], [144.9866, -38.3184], [144.9821, -38.3221], [144.9798, -38.3239], [144.975, -38.327], [144.9708, -38.329], [144.9685, -38.3303], [144.9658, -38.3315], [144.9617, -38.3336], [144.9571, -38.3357], [144.9493, -38.3391], [144.9466, -38.3401], [144.9453, -38.3409], [144.9405, -38.3423], [144.938, -38.3435], [144.9399, -38.3458], [144.9425, -38.3466], [144.9479, -38.3446], [144.9489, -38.3453], [144.9446, -38.3473], [144.9425, -38.3732], [144.9572, -38.3735], [144.9584, -38.3752], [144.9579, -38.3775], [144.9584, -38.3794], [144.9629, -38.3795], [144.9757, -38.3798], [144.976, -38.3798], [144.977, -38.3743], [144.9775, -38.3739], [144.9785, -38.3693], [144.9769, -38.3672], [144.9773, -38.3634], [144.9764, -38.3632], [144.9756, -38.3583], [144.9845, -38.3594], [144.9848, -38.358], [144.9953, -38.3593], [144.9957, -38.358], [144.997, -38.3572], [144.9972, -38.3553], [144.9995, -38.3543], [144.9992, -38.351], [145.0014, -38.35], [145.0039, -38.3503], [145.0039, -38.3493], [145.0073, -38.3484], [145.0062, -38.3465], [145.0068, -38.3454], [145.0132, -38.3461], [145.0138, -38.3445], [145.0167, -38.345], [145.0255, -38.346], [145.0279, -38.3343], [145.0589, -38.3378], [145.0592, -38.3376], [145.0618, -38.324], [145.0647, -38.3087], [145.0396, -38.3057], [145.0282, -38.3044], [145.0261, -38.3041], [145.0088, -38.3021], [145.0071, -38.3032], [145.0027, -38.3045], [145.0003, -38.3044], [144.9993, -38.3047], [144.9943, -38.3047]]]}, "properties": {"SA2_CODE21": "214021377", "Area": "Dromana", "% dwellings within 400m of any bus service": 0.483595, "% dwellings with 800m of a high quality bus service": 0, "dwellings_2025": 9343, "population_2025": 13994, "SEIFA_Score": 998, "SEIFA_Decile": 6, "% dwellings within 400m of any public transport service": 0.483595, "% dwellings with 800m of a high quality public transport service": 0, "Binned_any_bus_service_400m_dwellings_percent": 0.4, "Categorical_any_bus_service_400m_dwellings_percent": "40\u201350%", "Binned_high_quality_bus_service_800m_dwellings_percent": 0, "Categorical_high_quality_bus_service_800m_dwellings_percent": "0\u201310%", "Binned_any_public_transport_400m_dwellings_percent": 0.4, "Categorical_any_public_transport_400m_dwellings_percent": "40\u201350%", "Binned_high_quality_public_transport_800m_dwellings_percent": 0, "Categorical_high_quality_public_transport_800m_dwellings_percent": "0\u201310%", "area_km2": 45.0575}}, {"type": "Feature", "geometry": {"type": "Polygon", "coordinates": [[[144.9425, -38.3732], [144.9423, -38.3763], [144.9367, -38.3772], [144.9347, -38.3782], [144.9322, -38.3782], [144.932, -38.3833], [144.9315, -38.3915], [144.9303, -38.3912], [144.9281, -38.3918], [144.9272, -38.391], [144.9259, -38.3905], [144.9231, -38.3903], [144.9195, -38.3884], [144.9174, -38.3868], [144.9136, -38.382], [144.9085, -38.3819], [144.9081, -38.3844], [144.9061, -38.3836], [144.9048, -38.3847], [144.9028, -38.3891], [144.8968, -38.3873], [144.8926, -38.3867], [144.8928, -38.3824], [144.8889, -38.3822], [144.8886, -38.3865], [144.8792, -38.3862], [144.8794, -38.3821], [144.8609, -38.3816], [144.8579, -38.3806], [144.8578, -38.383], [144.8566, -38.386], [144.8561, -38.3939], [144.8587, -38.3984], [144.8615, -38.4022], [144.8662, -38.4048], [144.8682, -38.4121], [144.8713, -38.4116], [144.8767, -38.4123], [144.8807, -38.4124], [144.8804, -38.4202], [144.8815, -38.4203], [144.882, -38.4227], [144.8817, -38.4252], [144.8832, -38.4273], [144.8839, -38.429], [144.8771, -38.4305], [144.8742, -38.4344], [144.8743, -38.4375], [144.8723, -38.4374], [144.8661, -38.4375], [144.8657, -38.4415], [144.8672, -38.4416], [144.867, -38.4456], [144.8673, -38.4473], [144.8632, -38.4521], [144.8652, -38.4535], [144.8657, -38.4542], [144.8672, -38.4551], [144.868, -38.4561], [144.8719, -38.4597], [144.8736, -38.4625], [144.8738, -38.4633], [144.8758, -38.465], [144.8767, -38.4677], [144.8781, -38.4686], [144.879, -38.47], [144.8808, -38.4717], [144.882, -38.4723], [144.8824, -38.4733], [144.8837, -38.4743], [144.8835, -38.4751], [144.8847, -38.4763], [144.8867, -38.4772], [144.886, -38.4793], [144.8849, -38.4812], [144.8852, -38.4825], [144.8842, -38.4838], [144.8846, -38.4851], [144.8844, -38.4869], [144.8851, -38.4871], [144.8845, -38.4905], [144.8838, -38.491], [144.8854, -38.4935], [144.8869, -38.4939], [144.8868, -38.4955], [144.8873, -38.4988], [144.8884, -38.4993], [144.8893, -38.4979], [144.8884, -38.4969], [144.8912, -38.4942], [144.8922, -38.4929], [144.8933, -38.4926], [144.8945, -38.4915], [144.8962, -38.4917], [144.8983, -38.4913], [144.9017, -38.4915], [144.9027, -38.4903], [144.9045, -38.4904], [144.9064, -38.4911], [144.9079, -38.4906], [144.9084, -38.4899], [144.91, -38.4901], [144.9112, -38.4892], [144.9131, -38.4895], [144.9146, -38.4903], [144.9152, -38.4915], [144.9149, -38.4928], [144.9169, -38.494], [144.9182, -38.494], [144.9195, -38.4947], [144.9186, -38.497], [144.9208, -38.4974], [144.9244, -38.4974], [144.9248, -38.4962], [144.9279, -38.4954], [144.9291, -38.4962], [144.9318, -38.4957], [144.9333, -38.495], [144.9343, -38.496], [144.9361, -38.497], [144.9374, -38.4971], [144.938, -38.4964], [144.937, -38.4955], [144.9385, -38.4951], [144.9433, -38.4952], [144.9433, -38.4937], [144.9425, -38.492], [144.9427, -38.4913], [144.9451, -38.4897], [144.9465, -38.4901], [144.9481, -38.4896], [144.9488, -38.4885], [144.9512, -38.4881], [144.9527, -38.4892], [144.9547, -38.4888], [144.9559, -38.4876], [144.9571, -38.4877], [144.9596, -38.4868], [144.9605, -38.4873], [144.9642, -38.4865], [144.9679, -38.4874], [144.9695, -38.4871], [144.9711, -38.4877], [144.9713, -38.4886], [144.9736, -38.4895], [144.9736, -38.4904], [144.9756, -38.4904], [144.9788, -38.4896], [144.9799, -38.4872], [144.9844, -38.4853], [144.9874, -38.4858], [144.9892, -38.4841], [144.9925, -38.485], [144.9931, -38.4857], [144.9945, -38.4857], [144.9948, -38.4849], [144.9969, -38.484], [144.9988, -38.4838], [145.0013, -38.483], [145.0023, -38.4824], [145.0051, -38.4818], [145.0061, -38.4811], [145.0084, -38.4812], [145.0103, -38.4806], [145.011, -38.4796], [145.0128, -38.4796], [145.0144, -38.4801], [145.0157, -38.481], [145.0171, -38.4828], [145.0189, -38.4833], [145.0247, -38.4829], [145.0267, -38.4832], [145.0287, -38.4841], [145.0302, -38.4853], [145.0311, -38.487], [145.0332, -38.4855], [145.0331, -38.4846], [145.0316, -38.4841], [145.0306, -38.4833], [145.0298, -38.4818], [145.0279, -38.4817], [145.0257, -38.4797], [145.0252, -38.4783], [145.0251, -38.4753], [145.026, -38.4733], [145.0267, -38.4723], [145.0268, -38.4703], [145.0318, -38.4653], [145.0323, -38.4642], [145.0318, -38.4634], [145.0322, -38.4599], [145.0329, -38.4587], [145.0321, -38.4578], [145.0323, -38.4565], [145.0337, -38.4545], [145.037, -38.4519], [145.0377, -38.4497], [145.0386, -38.4485], [145.0406, -38.4469], [145.0396, -38.4462], [145.0393, -38.4451], [145.0408, -38.4426], [145.045, -38.4395], [145.0448, -38.4377], [145.0458, -38.4357], [145.0472, -38.4347], [145.0489, -38.4339], [145.0489, -38.4323], [145.0501, -38.4308], [145.0502, -38.43], [145.0532, -38.4291], [145.0546, -38.4291], [145.0569, -38.4296], [145.0601, -38.4273], [145.0625, -38.4267], [145.0645, -38.4258], [145.0677, -38.4248], [145.0717, -38.4247], [145.0751, -38.4256], [145.0761, -38.4256], [145.0785, -38.4239], [145.0786, -38.4228], [145.077, -38.4229], [145.0766, -38.422], [145.0768, -38.4205], [145.0776, -38.4193], [145.0778, -38.4181], [145.0804, -38.4152], [145.0821, -38.4131], [145.0842, -38.4111], [145.087, -38.4096], [145.0879, -38.4087], [145.0894, -38.4082], [145.0905, -38.4072], [145.0914, -38.4058], [145.0936, -38.404], [145.0964, -38.4024], [145.1, -38.4019], [145.104, -38.3845], [145.097, -38.3872], [145.097, -38.374], [145.1018, -38.3739], [145.1017, -38.3633], [145.1016, -38.3542], [145.1023, -38.3536], [145.1075, -38.3536], [145.0972, -38.3388], [145.092, -38.3241], [145.1022, -38.3241], [145.1456, -38.3241], [145.1456, -38.2889], [145.1456, -38.2847], [145.1272, -38.2847], [145.1137, -38.2805], [145.112, -38.2799], [145.0984, -38.2758], [145.0807, -38.2733], [145.0712, -38.2718], [145.0708, -38.2698], [145.07, -38.2699], [145.0672, -38.2723], [145.0642, -38.2735], [145.0612, -38.2751], [145.0584, -38.2772], [145.0566, -38.2789], [145.0547, -38.282], [145.0532, -38.284], [145.0502, -38.2865], [145.0468, -38.2881], [145.044, -38.2904], [145.0409, -38.2933], [145.039, -38.2957], [145.0348, -38.2995], [145.0301, -38.3028], [145.0261, -38.3041], [145.0282, -38.3044], [145.0396, -38.3057], [145.0647, -38.3087], [145.0618, -38.324], [145.0592, -38.3376], [145.0589, -38.3378], [145.0279, -38.3343], [145.0255, -38.346], [145.0167, -38.345], [145.0138, -38.3445], [145.0132, -38.3461], [145.0068, -38.3454], [145.0062, -38.3465], [145.0073, -38.3484], [145.0039, -38.3493], [145.0039, -38.3503], [145.0014, -38.35], [144.9992, -38.351], [144.9995, -38.3543], [144.9972, -38.3553], [144.997, -38.3572], [144.9957, -38.358], [144.9953, -38.3593], [144.9848, -38.358], [144.9845, -38.3594], [144.9756, -38.3583], [144.9764, -38.3632], [144.9773, -38.3634], [144.9769, -38.3672], [144.9785, -38.3693], [144.9775, -38.3739], [144.977, -38.3743], [144.976, -38.3798], [144.9757, -38.3798], [144.9629, -38.3795], [144.9584, -38.3794], [144.9579, -38.3775], [144.9584, -38.3752], [144.9572, -38.3735], [144.9425, -38.3732]]]}, "properties": {"SA2_CODE21": "214021378", "Area": "Flinders", "% dwellings within 400m of any bus service": 0.253389, "% dwellings with 800m of a high quality bus service": 0, "dwellings_2025": 4012, "population_2025": 6104, "SEIFA_Score": 1095, "SEIFA_Decile": 9, "% dwellings within 400m of any public transport service": 0.253389, "% dwellings with 800m of a high quality public transport service": 0, "Binned_any_bus_service_400m_dwellings_percent": 0.2, "Categorical_any_bus_service_400m_dwellings_percent": "20\u201330%", "Binned_high_quality_bus_service_800m_dwellings_percent": 0, "Categorical_high_quality_bus_service_800m_dwellings_percent": "0\u201310%", "Binned_any_public_transport_400m_dwellings_percent": 0.2, "Categorical_any_public_transport_400m_dwellings_percent": "20\u201330%", "Binned_high_quality_public_transport_800m_dwellings_percent": 0, "Categorical_high_quality_public_transport_800m_dwellings_percent": "0\u201310%", "area_km2": 287.3793}}, {"type": "Feature", "geometry": {"type": "MultiPolygon", "coordinates": [[[[145.1, -38.4019], [145.1019, -38.4016], [145.1055, -38.4017], [145.1069, -38.4009], [145.111, -38.4011], [145.1127, -38.4004], [145.1145, -38.3985], [145.1146, -38.3966], [145.1163, -38.3951], [145.1182, -38.3943], [145.1215, -38.3934], [145.1236, -38.3939], [145.1248, -38.3936], [145.125, -38.3928], [145.1267, -38.3918], [145.1299, -38.3904], [145.1344, -38.3902], [145.1372, -38.3908], [145.1407, -38.392], [145.146, -38.3923], [145.1489, -38.3928], [145.1505, -38.3927], [145.1529, -38.3931], [145.159, -38.3948], [145.1605, -38.3955], [145.1655, -38.3967], [145.168, -38.397], [145.1699, -38.3965], [145.1728, -38.3963], [145.1758, -38.3967], [145.1799, -38.3979], [145.1834, -38.3983], [145.1868, -38.3992], [145.1912, -38.4011], [145.1979, -38.4028], [145.2036, -38.405], [145.2056, -38.4053], [145.2107, -38.4066], [145.216, -38.4072], [145.2187, -38.4068], [145.2226, -38.4071], [145.2274, -38.4082], [145.2316, -38.4096], [145.2337, -38.4099], [145.2347, -38.4094], [145.235, -38.4065], [145.2335, -38.4061], [145.2332, -38.4078], [145.2307, -38.4078], [145.2325, -38.4065], [145.2306, -38.4056], [145.2295, -38.4045], [145.2293, -38.4034], [145.2295, -38.4014], [145.2292, -38.3999], [145.2283, -38.3986], [145.2264, -38.3977], [145.2242, -38.3976], [145.2221, -38.3981], [145.2211, -38.3973], [145.222, -38.3962], [145.2202, -38.3956], [145.2177, -38.3938], [145.2179, -38.393], [145.2192, -38.3919], [145.2186, -38.3881], [145.2175, -38.386], [145.2153, -38.3832], [145.2116, -38.3825], [145.2094, -38.3816], [145.2079, -38.3814], [145.2064, -38.38], [145.2041, -38.3787], [145.1998, -38.3778], [145.1958, -38.3766], [145.1949, -38.3759], [145.1936, -38.3762], [145.1915, -38.376], [145.184, -38.3746], [145.1848, -38.3717], [145.1927, -38.373], [145.1927, -38.369], [145.1941, -38.3667], [145.1964, -38.3666], [145.1982, -38.3675], [145.2002, -38.3697], [145.2009, -38.3733], [145.2025, -38.3743], [145.2059, -38.3747], [145.2069, -38.3755], [145.2085, -38.376], [145.2103, -38.3776], [145.2108, -38.3785], [145.2134, -38.3792], [145.2146, -38.3798], [145.2167, -38.3795], [145.2185, -38.3787], [145.2213, -38.3783], [145.2219, -38.3779], [145.2217, -38.3752], [145.2234, -38.3733], [145.2225, -38.3724], [145.2211, -38.3732], [145.2192, -38.3726], [145.218, -38.3717], [145.2173, -38.3704], [145.2148, -38.3687], [145.2138, -38.3672], [145.2135, -38.3659], [145.2137, -38.3611], [145.2132, -38.3584], [145.2133, -38.357], [145.2143, -38.3545], [145.2153, -38.353], [145.2176, -38.351], [145.2182, -38.35], [145.2182, -38.3474], [145.217, -38.3459], [145.2157, -38.3451], [145.2147, -38.3432], [145.2148, -38.3424], [145.213, -38.3419], [145.2119, -38.3422], [145.209, -38.3419], [145.2078, -38.341], [145.2065, -38.3408], [145.2047, -38.3387], [145.2047, -38.3372], [145.2014, -38.3361], [145.1983, -38.3338], [145.1972, -38.3322], [145.1972, -38.3307], [145.1979, -38.3294], [145.1954, -38.3286], [145.1944, -38.3278], [145.1941, -38.3256], [145.1929, -38.3234], [145.1958, -38.3237], [145.1968, -38.3222], [145.198, -38.3212], [145.1978, -38.3204], [145.1956, -38.3173], [145.195, -38.3152], [145.1962, -38.314], [145.1975, -38.3156], [145.1987, -38.3152], [145.2001, -38.3132], [145.2005, -38.3117], [145.1996, -38.3097], [145.1992, -38.3074], [145.1973, -38.3077], [145.1965, -38.3064], [145.1961, -38.3039], [145.1957, -38.303], [145.1959, -38.3017], [145.1939, -38.2998], [145.1957, -38.2982], [145.1976, -38.2971], [145.2002, -38.2964], [145.2034, -38.2973], [145.2042, -38.2984], [145.2058, -38.2995], [145.2063, -38.301], [145.2061, -38.3037], [145.2113, -38.3041], [145.217, -38.3054], [145.2182, -38.3054], [145.2212, -38.3063], [145.2231, -38.3063], [145.2235, -38.304], [145.2235, -38.2998], [145.2245, -38.2998], [145.2256, -38.2987], [145.2257, -38.2942], [145.226, -38.2934], [145.228, -38.2922], [145.2279, -38.2902], [145.2229, -38.2903], [145.2218, -38.29], [145.221, -38.2871], [145.221, -38.2845], [145.2219, -38.2806], [145.223, -38.2784], [145.2236, -38.2764], [145.2244, -38.2755], [145.2257, -38.2725], [145.2244, -38.2723], [145.2151, -38.2723], [145.215, -38.2723], [145.191, -38.2723], [145.1894, -38.2722], [145.1881, -38.2854], [145.185, -38.2845], [145.1839, -38.2846], [145.1631, -38.2847], [145.1456, -38.2847], [145.1456, -38.2889], [145.1456, -38.3241], [145.1022, -38.3241], [145.092, -38.3241], [145.0972, -38.3388], [145.1075, -38.3536], [145.1023, -38.3536], [145.1016, -38.3542], [145.1017, -38.3633], [145.1018, -38.3739], [145.097, -38.374], [145.097, -38.3872], [145.104, -38.3845], [145.1, -38.4019]]], [[[145.2129, -38.3289], [145.2114, -38.3268], [145.2094, -38.3268], [145.2081, -38.328], [145.2087, -38.3301], [145.2081, -38.3311], [145.2085, -38.3329], [145.2097, -38.3325], [145.2101, -38.3314], [145.2116, -38.3303], [145.2129, -38.3289]]]]}, "properties": {"SA2_CODE21": "214021379", "Area": "Hastings \u2013 Somers", "% dwellings within 400m of any bus service": 0.610124, "% dwellings with 800m of a high quality bus service": 0, "dwellings_2025": 11149, "population_2025": 24665, "SEIFA_Score": 969, "SEIFA_Decile": 4, "% dwellings within 400m of any public transport service": 0.612828, "% dwellings with 800m of a high quality public transport service": 0.041731, "Binned_any_bus_service_400m_dwellings_percent": 0.6, "Categorical_any_bus_service_400m_dwellings_percent": "60\u201370%", "Binned_high_quality_bus_service_800m_dwellings_percent": 0, "Categorical_high_quality_bus_service_800m_dwellings_percent": "0\u201310%", "Binned_any_public_transport_400m_dwellings_percent": 0.6, "Categorical_any_public_transport_400m_dwellings_percent": "60\u201370%", "Binned_high_quality_public_transport_800m_dwellings_percent": 0, "Categorical_high_quality_public_transport_800m_dwellings_percent": "0\u201310%", "area_km2": 108.8841}}, {"type": "Feature", "geometry": {"type": "Polygon", "coordinates": [[[145.0979, -38.1624], [145.0967, -38.1634], [145.0957, -38.1634], [145.0933, -38.1642], [145.0921, -38.1631], [145.0911, -38.1626], [145.0898, -38.1636], [145.0876, -38.1642], [145.0871, -38.166], [145.0864, -38.1668], [145.084, -38.171], [145.0808, -38.1728], [145.0796, -38.1729], [145.0783, -38.1739], [145.0786, -38.1748], [145.0771, -38.1772], [145.0739, -38.1803], [145.0737, -38.1823], [145.0729, -38.1852], [145.0718, -38.1878], [145.0692, -38.1921], [145.0677, -38.1937], [145.065, -38.1977], [145.064, -38.1981], [145.062, -38.2009], [145.0612, -38.2014], [145.0623, -38.2035], [145.0617, -38.2062], [145.0625, -38.2086], [145.0635, -38.2102], [145.0639, -38.2123], [145.064, -38.2146], [145.0633, -38.2151], [145.0777, -38.2192], [145.0778, -38.2194], [145.0883, -38.2175], [145.0936, -38.2168], [145.0993, -38.2249], [145.1008, -38.2235], [145.105, -38.219], [145.1094, -38.2139], [145.1105, -38.2104], [145.1179, -38.2051], [145.1288, -38.2001], [145.1021, -38.1659], [145.1004, -38.1666], [145.0999, -38.1644], [145.0988, -38.1638], [145.0979, -38.1624]]]}, "properties": {"SA2_CODE21": "214021381", "Area": "Mount Eliza", "% dwellings within 400m of any bus service": 0.469935, "% dwellings with 800m of a high quality bus service": 0, "dwellings_2025": 6963, "population_2025": 19015, "SEIFA_Score": 1115, "SEIFA_Decile": 10, "% dwellings within 400m of any public transport service": 0.469935, "% dwellings with 800m of a high quality public transport service": 0, "Binned_any_bus_service_400m_dwellings_percent": 0.4, "Categorical_any_bus_service_400m_dwellings_percent": "40\u201350%", "Binned_high_quality_bus_service_800m_dwellings_percent": 0, "Categorical_high_quality_bus_service_800m_dwellings_percent": "0\u201310%", "Binned_any_public_transport_400m_dwellings_percent": 0.4, "Categorical_any_public_transport_400m_dwellings_percent": "40\u201350%", "Binned_high_quality_public_transport_800m_dwellings_percent": 0, "Categorical_high_quality_public_transport_800m_dwellings_percent": "0\u201310%", "area_km2": 23.2077}}, {"type": "Feature", "geometry": {"type": "Polygon", "coordinates": [[[145.0261, -38.3041], [145.0301, -38.3028], [145.0348, -38.2995], [145.039, -38.2957], [145.0409, -38.2933], [145.044, -38.2904], [145.0468, -38.2881], [145.0502, -38.2865], [145.0532, -38.284], [145.0547, -38.282], [145.0566, -38.2789], [145.0584, -38.2772], [145.0612, -38.2751], [145.0642, -38.2735], [145.0672, -38.2723], [145.07, -38.2699], [145.0708, -38.2698], [145.0714, -38.268], [145.0789, -38.2546], [145.0786, -38.2546], [145.046, -38.2463], [145.0374, -38.2446], [145.0274, -38.2428], [145.0285, -38.2449], [145.0277, -38.2489], [145.0256, -38.2533], [145.022, -38.2572], [145.0199, -38.2597], [145.0161, -38.2633], [145.0154, -38.2644], [145.0081, -38.2701], [145.0064, -38.271], [145.004, -38.2708], [145.0031, -38.2703], [145.0011, -38.2712], [145.0008, -38.2736], [145.0011, -38.275], [145, -38.276], [145, -38.2771], [144.9953, -38.2811], [144.995, -38.2821], [144.9938, -38.2826], [144.9929, -38.2843], [144.9912, -38.2866], [144.9896, -38.2876], [144.9886, -38.2892], [144.987, -38.2908], [144.9866, -38.2919], [144.9845, -38.2945], [144.9844, -38.2953], [144.983, -38.2962], [144.9828, -38.2971], [144.9836, -38.2983], [144.9886, -38.3001], [144.9898, -38.3003], [144.9917, -38.3027], [144.9943, -38.3047], [144.9993, -38.3047], [145.0003, -38.3044], [145.0027, -38.3045], [145.0071, -38.3032], [145.0088, -38.3021], [145.0261, -38.3041]]]}, "properties": {"SA2_CODE21": "214021382", "Area": "Mount Martha", "% dwellings within 400m of any bus service": 0.776064, "% dwellings with 800m of a high quality bus service": 0, "dwellings_2025": 8819, "population_2025": 20511, "SEIFA_Score": 1068, "SEIFA_Decile": 8, "% dwellings within 400m of any public transport service": 0.776064, "% dwellings with 800m of a high quality public transport service": 0, "Binned_any_bus_service_400m_dwellings_percent": 0.7, "Categorical_any_bus_service_400m_dwellings_percent": "70\u201380%", "Binned_high_quality_bus_service_800m_dwellings_percent": 0, "Categorical_high_quality_bus_service_800m_dwellings_percent": "0\u201310%", "Binned_any_public_transport_400m_dwellings_percent": 0.7, "Categorical_any_public_transport_400m_dwellings_percent": "70\u201380%", "Binned_high_quality_public_transport_800m_dwellings_percent": 0, "Categorical_high_quality_public_transport_800m_dwellings_percent": "0\u201310%", "area_km2": 30.2094}}, {"type": "Feature", "geometry": {"type": "Polygon", "coordinates": [[[144.8579, -38.3806], [144.858, -38.3787], [144.863, -38.3669], [144.8632, -38.366], [144.8595, -38.3671], [144.8553, -38.3677], [144.8509, -38.3687], [144.8475, -38.369], [144.8464, -38.3693], [144.8406, -38.3701], [144.837, -38.3704], [144.834, -38.3702], [144.8317, -38.3702], [144.825, -38.3697], [144.8211, -38.3688], [144.8179, -38.3688], [144.8144, -38.3685], [144.8122, -38.3678], [144.811, -38.3667], [144.807, -38.3665], [144.8004, -38.3653], [144.798, -38.3647], [144.7898, -38.3628], [144.7854, -38.3619], [144.782, -38.3609], [144.7812, -38.3609], [144.778, -38.36], [144.7746, -38.3595], [144.7726, -38.3584], [144.7698, -38.3576], [144.7669, -38.3564], [144.7652, -38.3554], [144.7632, -38.3535], [144.7624, -38.352], [144.7624, -38.3503], [144.7637, -38.3487], [144.7632, -38.3481], [144.7609, -38.3476], [144.7591, -38.3465], [144.7593, -38.3457], [144.758, -38.3448], [144.7565, -38.3447], [144.7513, -38.343], [144.7493, -38.3422], [144.7469, -38.3406], [144.7459, -38.3402], [144.7444, -38.3386], [144.7446, -38.3371], [144.7441, -38.336], [144.7422, -38.3347], [144.7407, -38.3333], [144.7396, -38.3303], [144.74, -38.3294], [144.7399, -38.3272], [144.7391, -38.3268], [144.7391, -38.3247], [144.7352, -38.3235], [144.7351, -38.3229], [144.7331, -38.3224], [144.7269, -38.3211], [144.723, -38.3206], [144.7207, -38.3193], [144.7191, -38.3178], [144.7177, -38.3177], [144.7158, -38.3188], [144.7134, -38.3188], [144.711, -38.3185], [144.707, -38.3176], [144.7053, -38.3167], [144.7051, -38.3154], [144.7029, -38.3148], [144.7009, -38.3136], [144.6977, -38.3124], [144.693, -38.3111], [144.6878, -38.3091], [144.6847, -38.307], [144.6818, -38.3056], [144.6802, -38.3052], [144.6776, -38.3054], [144.6739, -38.306], [144.671, -38.3068], [144.668, -38.308], [144.6665, -38.308], [144.6654, -38.3071], [144.6625, -38.3074], [144.6597, -38.3067], [144.6594, -38.3062], [144.6565, -38.3052], [144.6552, -38.3051], [144.6539, -38.3038], [144.653, -38.3017], [144.6514, -38.302], [144.6519, -38.3041], [144.6536, -38.3047], [144.6543, -38.3056], [144.6563, -38.3065], [144.6573, -38.3078], [144.6591, -38.3082], [144.6622, -38.3106], [144.6625, -38.3114], [144.664, -38.3111], [144.666, -38.3121], [144.6672, -38.3134], [144.6722, -38.3174], [144.6732, -38.3171], [144.6744, -38.3181], [144.6748, -38.3199], [144.6763, -38.3194], [144.6781, -38.3197], [144.68, -38.3211], [144.6811, -38.3215], [144.683, -38.3234], [144.6839, -38.3235], [144.6847, -38.3248], [144.6882, -38.3256], [144.6891, -38.3272], [144.6908, -38.3286], [144.6915, -38.3286], [144.6938, -38.3306], [144.6947, -38.3304], [144.6975, -38.3317], [144.6997, -38.3331], [144.7039, -38.335], [144.7123, -38.3392], [144.7137, -38.3402], [144.7188, -38.3427], [144.7194, -38.3434], [144.7229, -38.3447], [144.7249, -38.3466], [144.7263, -38.3459], [144.7274, -38.346], [144.7285, -38.3474], [144.7301, -38.3479], [144.7315, -38.3494], [144.7316, -38.35], [144.7331, -38.3515], [144.7344, -38.3522], [144.736, -38.3524], [144.7354, -38.3534], [144.7367, -38.3536], [144.7383, -38.3532], [144.7392, -38.3535], [144.7399, -38.3545], [144.7417, -38.3539], [144.7423, -38.3548], [144.7412, -38.3554], [144.7424, -38.357], [144.7436, -38.358], [144.7435, -38.3597], [144.7467, -38.3605], [144.7492, -38.3617], [144.7513, -38.3635], [144.7525, -38.3641], [144.7533, -38.366], [144.7528, -38.3669], [144.7533, -38.3676], [144.7551, -38.3677], [144.757, -38.3687], [144.7601, -38.3706], [144.764, -38.3735], [144.7641, -38.3746], [144.765, -38.3748], [144.7658, -38.3738], [144.7671, -38.374], [144.7681, -38.3765], [144.77, -38.3781], [144.7713, -38.3782], [144.7719, -38.3797], [144.7743, -38.3807], [144.7746, -38.3816], [144.7771, -38.3832], [144.7789, -38.3851], [144.7808, -38.386], [144.7844, -38.3895], [144.7865, -38.3893], [144.7884, -38.3899], [144.7877, -38.3912], [144.7888, -38.3924], [144.7912, -38.3933], [144.792, -38.3944], [144.7932, -38.3952], [144.7955, -38.3978], [144.7984, -38.3996], [144.7989, -38.4007], [144.8019, -38.4019], [144.8025, -38.403], [144.8052, -38.4047], [144.8074, -38.4063], [144.8088, -38.4081], [144.8113, -38.4091], [144.8129, -38.4108], [144.8136, -38.411], [144.8187, -38.4162], [144.8208, -38.4171], [144.8234, -38.4188], [144.8242, -38.42], [144.8257, -38.4212], [144.8295, -38.4238], [144.831, -38.4253], [144.8347, -38.4274], [144.8374, -38.4296], [144.8384, -38.4302], [144.841, -38.4324], [144.8459, -38.4372], [144.8464, -38.4389], [144.8478, -38.4393], [144.8489, -38.4403], [144.8507, -38.4413], [144.8515, -38.4426], [144.8547, -38.4446], [144.8568, -38.4468], [144.8577, -38.4471], [144.8596, -38.4485], [144.8614, -38.4501], [144.8621, -38.4516], [144.8632, -38.4521], [144.8673, -38.4473], [144.867, -38.4456], [144.8672, -38.4416], [144.8657, -38.4415], [144.8661, -38.4375], [144.8723, -38.4374], [144.8743, -38.4375], [144.8742, -38.4344], [144.8771, -38.4305], [144.8839, -38.429], [144.8832, -38.4273], [144.8817, -38.4252], [144.882, -38.4227], [144.8815, -38.4203], [144.8804, -38.4202], [144.8807, -38.4124], [144.8767, -38.4123], [144.8713, -38.4116], [144.8682, -38.4121], [144.8662, -38.4048], [144.8615, -38.4022], [144.8587, -38.3984], [144.8561, -38.3939], [144.8566, -38.386], [144.8578, -38.383], [144.8579, -38.3806]]]}, "properties": {"SA2_CODE21": "214021383", "Area": "Point Nepean", "% dwellings within 400m of any bus service": 0.755342, "% dwellings with 800m of a high quality bus service": 0, "dwellings_2025": 20854, "population_2025": 20332, "SEIFA_Score": 1016, "SEIFA_Decile": 6, "% dwellings within 400m of any public transport service": 0.755342, "% dwellings with 800m of a high quality public transport service": 0, "Binned_any_bus_service_400m_dwellings_percent": 0.7, "Categorical_any_bus_service_400m_dwellings_percent": "70\u201380%", "Binned_high_quality_bus_service_800m_dwellings_percent": 0, "Categorical_high_quality_bus_service_800m_dwellings_percent": "0\u201310%", "Binned_any_public_transport_400m_dwellings_percent": 0.7, "Categorical_any_public_transport_400m_dwellings_percent": "70\u201380%", "Binned_high_quality_public_transport_800m_dwellings_percent": 0, "Categorical_high_quality_public_transport_800m_dwellings_percent": "0\u201310%", "area_km2": 67.1876}}, {"type": "Feature", "geometry": {"type": "Polygon", "coordinates": [[[144.938, -38.3435], [144.9372, -38.343], [144.9346, -38.3443], [144.9306, -38.3459], [144.929, -38.3468], [144.9237, -38.349], [144.9174, -38.3509], [144.9121, -38.352], [144.9062, -38.3529], [144.9046, -38.3539], [144.9032, -38.3542], [144.9003, -38.3553], [144.8946, -38.3567], [144.8892, -38.3584], [144.8859, -38.3592], [144.8835, -38.3601], [144.8803, -38.3606], [144.8772, -38.3615], [144.8724, -38.3631], [144.8685, -38.3643], [144.8663, -38.3652], [144.8632, -38.366], [144.863, -38.3669], [144.858, -38.3787], [144.8579, -38.3806], [144.8609, -38.3816], [144.8794, -38.3821], [144.8792, -38.3862], [144.8886, -38.3865], [144.8889, -38.3822], [144.8928, -38.3824], [144.8926, -38.3867], [144.8968, -38.3873], [144.9028, -38.3891], [144.9048, -38.3847], [144.9061, -38.3836], [144.9081, -38.3844], [144.9085, -38.3819], [144.9136, -38.382], [144.9174, -38.3868], [144.9195, -38.3884], [144.9231, -38.3903], [144.9259, -38.3905], [144.9272, -38.391], [144.9281, -38.3918], [144.9303, -38.3912], [144.9315, -38.3915], [144.932, -38.3833], [144.9322, -38.3782], [144.9347, -38.3782], [144.9367, -38.3772], [144.9423, -38.3763], [144.9425, -38.3732], [144.9446, -38.3473], [144.9489, -38.3453], [144.9479, -38.3446], [144.9425, -38.3466], [144.9399, -38.3458], [144.938, -38.3435]]]}, "properties": {"SA2_CODE21": "214021384", "Area": "Rosebud \u2013 McCrae", "% dwellings within 400m of any bus service": 0.545373, "% dwellings with 800m of a high quality bus service": 0, "dwellings_2025": 15096, "population_2025": 23620, "SEIFA_Score": 948, "SEIFA_Decile": 3, "% dwellings within 400m of any public transport service": 0.545373, "% dwellings with 800m of a high quality public transport service": 0, "Binned_any_bus_service_400m_dwellings_percent": 0.5, "Categorical_any_bus_service_400m_dwellings_percent": "50\u201360%", "Binned_high_quality_bus_service_800m_dwellings_percent": 0, "Categorical_high_quality_bus_service_800m_dwellings_percent": "0\u201310%", "Binned_any_public_transport_400m_dwellings_percent": 0.5, "Categorical_any_public_transport_400m_dwellings_percent": "50\u201360%", "Binned_high_quality_public_transport_800m_dwellings_percent": 0, "Categorical_high_quality_public_transport_800m_dwellings_percent": "0\u201310%", "area_km2": 23.7957}}, {"type": "Feature", "geometry": {"type": "Polygon", "coordinates": [[[145.2158, -38.2006], [145.2096, -38.1999], [145.182, -38.1991], [145.1808, -38.1983], [145.1635, -38.1852], [145.1618, -38.1836], [145.1593, -38.1817], [145.1576, -38.1839], [145.1543, -38.1917], [145.1524, -38.1945], [145.148, -38.1941], [145.1397, -38.1973], [145.1335, -38.1957], [145.1288, -38.2001], [145.1179, -38.2051], [145.1105, -38.2104], [145.1094, -38.2139], [145.105, -38.219], [145.1008, -38.2235], [145.0993, -38.2249], [145.089, -38.2345], [145.0871, -38.2364], [145.0868, -38.238], [145.0838, -38.2443], [145.0832, -38.2471], [145.0789, -38.2546], [145.0714, -38.268], [145.0708, -38.2698], [145.0712, -38.2718], [145.0807, -38.2733], [145.0984, -38.2758], [145.112, -38.2799], [145.1137, -38.2805], [145.1272, -38.2847], [145.1456, -38.2847], [145.1631, -38.2847], [145.1839, -38.2846], [145.185, -38.2845], [145.1881, -38.2854], [145.1894, -38.2722], [145.191, -38.2723], [145.215, -38.2723], [145.2151, -38.2723], [145.2244, -38.2723], [145.2257, -38.2725], [145.227, -38.2714], [145.2321, -38.268], [145.2332, -38.2668], [145.2372, -38.2642], [145.2381, -38.2629], [145.24, -38.2614], [145.2407, -38.26], [145.2446, -38.2557], [145.2466, -38.2541], [145.248, -38.2522], [145.2493, -38.2489], [145.2513, -38.2489], [145.251, -38.2467], [145.2556, -38.2447], [145.2576, -38.2444], [145.2605, -38.2434], [145.2617, -38.2424], [145.2615, -38.2411], [145.2605, -38.2405], [145.2585, -38.2385], [145.2551, -38.2374], [145.2541, -38.2365], [145.2532, -38.234], [145.2526, -38.2336], [145.2534, -38.232], [145.2554, -38.2326], [145.2553, -38.2299], [145.2542, -38.2282], [145.2555, -38.2279], [145.2541, -38.2263], [145.2513, -38.2267], [145.2527, -38.2252], [145.2538, -38.2255], [145.2542, -38.2236], [145.2457, -38.2226], [145.2299, -38.2206], [145.2265, -38.2189], [145.22, -38.2119], [145.2155, -38.2087], [145.2149, -38.2053], [145.2158, -38.2006]]]}, "properties": {"SA2_CODE21": "214021385", "Area": "Somerville", "% dwellings within 400m of any bus service": 0.635217, "% dwellings with 800m of a high quality bus service": 0, "dwellings_2025": 7618, "population_2025": 19021, "SEIFA_Score": 999, "SEIFA_Decile": 6, "% dwellings within 400m of any public transport service": 0.635765, "% dwellings with 800m of a high quality public transport service": 0.029622, "Binned_any_bus_service_400m_dwellings_percent": 0.6, "Categorical_any_bus_service_400m_dwellings_percent": "60\u201370%", "Binned_high_quality_bus_service_800m_dwellings_percent": 0, "Categorical_high_quality_bus_service_800m_dwellings_percent": "0\u201310%", "Binned_any_public_transport_400m_dwellings_percent": 0.6, "Categorical_any_public_transport_400m_dwellings_percent": "60\u201370%", "Binned_high_quality_public_transport_800m_dwellings_percent": 0, "Categorical_high_quality_public_transport_800m_dwellings_percent": "0\u201310%", "area_km2": 117.354}}, {"type": "Feature", "geometry": {"type": "Polygon", "coordinates": [[[145.0633, -38.2151], [145.0565, -38.2203], [145.0364, -38.236], [145.0357, -38.238], [145.0374, -38.2446], [145.046, -38.2463], [145.0786, -38.2546], [145.0789, -38.2546], [145.0832, -38.2471], [145.0838, -38.2443], [145.0868, -38.238], [145.0871, -38.2364], [145.089, -38.2345], [145.0993, -38.2249], [145.0936, -38.2168], [145.0883, -38.2175], [145.0778, -38.2194], [145.0777, -38.2192], [145.0633, -38.2151]]]}, "properties": {"SA2_CODE21": "214021591", "Area": "Mornington \u2013 East", "% dwellings within 400m of any bus service": 0.796013, "% dwellings with 800m of a high quality bus service": 0, "dwellings_2025": 6390, "population_2025": 15576, "SEIFA_Score": 995, "SEIFA_Decile": 5, "% dwellings within 400m of any public transport service": 0.796013, "% dwellings with 800m of a high quality public transport service": 0, "Binned_any_bus_service_400m_dwellings_percent": 0.7, "Categorical_any_bus_service_400m_dwellings_percent": "70\u201380%", "Binned_high_quality_bus_service_800m_dwellings_percent": 0, "Categorical_high_quality_bus_service_800m_dwellings_percent": "0\u201310%", "Binned_any_public_transport_400m_dwellings_percent": 0.7, "Categorical_any_public_transport_400m_dwellings_percent": "70\u201380%", "Binned_high_quality_public_transport_800m_dwellings_percent": 0, "Categorical_high_quality_public_transport_800m_dwellings_percent": "0\u201310%", "area_km2": 14.6884}}, {"type": "Feature", "geometry": {"type": "Polygon", "coordinates": [[[145.0612, -38.2014], [145.0587, -38.2026], [145.0567, -38.204], [145.054, -38.2063], [145.0532, -38.2063], [145.0519, -38.2074], [145.0491, -38.2107], [145.045, -38.2134], [145.0424, -38.2136], [145.0412, -38.213], [145.0398, -38.2141], [145.038, -38.2148], [145.0354, -38.2149], [145.0341, -38.2147], [145.0335, -38.2125], [145.0326, -38.2126], [145.0327, -38.2155], [145.0335, -38.2168], [145.033, -38.2179], [145.0318, -38.2185], [145.0315, -38.22], [145.0318, -38.2214], [145.0318, -38.2233], [145.0308, -38.2246], [145.028, -38.2268], [145.0255, -38.227], [145.0266, -38.2278], [145.0255, -38.2297], [145.0267, -38.2328], [145.0257, -38.2342], [145.0263, -38.2349], [145.0276, -38.2351], [145.0275, -38.2366], [145.0285, -38.2379], [145.0286, -38.2393], [145.0278, -38.2409], [145.0274, -38.2428], [145.0374, -38.2446], [145.0357, -38.238], [145.0364, -38.236], [145.0565, -38.2203], [145.0633, -38.2151], [145.064, -38.2146], [145.0639, -38.2123], [145.0635, -38.2102], [145.0625, -38.2086], [145.0617, -38.2062], [145.0623, -38.2035], [145.0612, -38.2014]]]}, "properties": {"SA2_CODE21": "214021592", "Area": "Mornington \u2013 West", "% dwellings within 400m of any bus service": 0.979649, "% dwellings with 800m of a high quality bus service": 0, "dwellings_2025": 5941, "population_2025": 10970, "SEIFA_Score": 1036, "SEIFA_Decile": 7, "% dwellings within 400m of any public transport service": 0.979649, "% dwellings with 800m of a high quality public transport service": 0, "Binned_any_bus_service_400m_dwellings_percent": 0.9, "Categorical_any_bus_service_400m_dwellings_percent": "90\u2013100%", "Binned_high_quality_bus_service_800m_dwellings_percent": 0, "Categorical_high_quality_bus_service_800m_dwellings_percent": "0\u201310%", "Binned_any_public_transport_400m_dwellings_percent": 0.9, "Categorical_any_public_transport_400m_dwellings_percent": "90\u2013100%", "Binned_high_quality_public_transport_800m_dwellings_percent": 0, "Categorical_high_quality_public_transport_800m_dwellings_percent": "0\u201310%", "area_km2": 6.4044}}]}