{"type": "FeatureCollection", "features": [{"type": "Feature", "properties": {"route_id": "aus:vic:vic-02-ALM:", "short_name": "Alamein", "long_name": "Alamein - City", "route_type": "train", "color": "152C6B", "text_color": "FFFFFF"}, "geometry": {"type": "LineString", "coordinates": [[145.07969648, -37.86818462], [145.07974521, -37.86791019], [145.07986577, -37.86726871], [145.0799194, -37.8669585], [145.08002133, -37.86633393], [145.0800473, -37.86619178], [145.08038046, -37.86442306], [145.08041541, -37.86425033], [145.08045223, -37.8640971], [145.08048303, -37.86398369], [145.08052449, -37.86385766], [145.08057095, -37.86372297], [145.08060959, -37.86362258], [145.0813247, -37.86198344], [145.08170536, -37.86111658], [145.08178108, -37.86094902], [145.08180495, -37.86088777], [145.08183307, -37.86079829], [145.08187506, -37.86064775], [145.08191221, -37.86054319], [145.0819571, -37.86043371], [145.08264638, -37.8588548], [145.08272265, -37.85867508], [145.08279915, -37.858486], [145.08285321, -37.8583389], [145.0828963, -37.85821118], [145.08293234, -37.85809651], [145.08296675, -37.85797072], [145.08301166, -37.85776833], [145.08305277, -37.85752387], [145.08306813, -37.85741382], [145.08308758, -37.85717613], [145.08309462, -37.85697042], [145.08309175, -37.85676526], [145.08308656, -37.85664514], [145.08307881, -37.8565494], [145.08306904, -37.85643983], [145.08305562, -37.8563349], [145.08302573, -37.85614606], [145.08298652, -37.85595266], [145.0829192, -37.85569499], [145.08288588, -37.85558613], [145.08284664, -37.85546897], [145.08277935, -37.85529349], [145.08269462, -37.855098], [145.08258143, -37.85486518], [145.08240485, -37.85455193], [145.08221551, -37.85425317], [145.08047019, -37.85154892], [145.07913299, -37.84948429], [145.07748945, -37.84693874], [145.07690396, -37.84603718], [145.07669231, -37.8457238], [145.07643665, -37.84536771], [145.07588738, -37.84464734], [145.07572861, -37.84443351], [145.07566166, -37.84433788], [145.07547677, -37.84405792], [145.07529155, -37.84375579], [145.07520493, -37.8436082], [145.07514315, -37.84349724], [145.07505489, -37.84332953], [145.07492722, -37.84307376], [145.07478701, -37.84280174], [145.07465251, -37.84256406], [145.07452914, -37.84236126], [145.07410987, -37.84170807], [145.07354272, -37.84083374], [145.07320311, -37.84030333], [145.07232893, -37.83895373], [145.07194273, -37.83834118], [145.07089502, -37.83666223], [145.07056982, -37.83615151], [145.0702987, -37.83573261], [145.07014302, -37.83549341], [145.06982105, -37.83498968], [145.06974608, -37.83486247], [145.06968204, -37.83474733], [145.06957188, -37.83453572], [145.06952614, -37.83443792], [145.06948097, -37.83433129], [145.0694458, -37.83424212], [145.06941578, -37.83415557], [145.06938765, -37.83406228], [145.06935906, -37.8339516], [145.06933826, -37.83385591], [145.06932245, -37.83376067], [145.06931263, -37.83367544], [145.06930521, -37.8335806], [145.06930166, -37.83343347], [145.06930333, -37.83334356], [145.06931091, -37.83324022], [145.06932489, -37.83313078], [145.06939964, -37.83270872], [145.06964677, -37.83139244], [145.06971187, -37.83102186], [145.06975655, -37.83071591], [145.0697802, -37.83054093], [145.06984701, -37.82996536], [145.06989034, -37.82963218], [145.06993184, -37.82934772], [145.07002053, -37.82882198], [145.07005763, -37.82856692], [145.07006715, -37.82846749], [145.07007132, -37.82839024], [145.07007353, -37.82832728], [145.07007212, -37.82825913], [145.07006415, -37.82815086], [145.07005586, -37.82808106], [145.07003387, -37.82795246], [145.07001676, -37.82787233], [145.06999041, -37.82777602], [145.06996696, -37.82770354], [145.06994689, -37.82764517], [145.06991853, -37.8275736], [145.06987755, -37.82748506], [145.06983944, -37.82740847], [145.06980249, -37.82734406], [145.06975961, -37.82727613], [145.06971441, -37.82720996], [145.06963635, -37.8271054], [145.06953272, -37.82698826], [145.06944808, -37.8269055], [145.06931057, -37.82678447], [145.06917562, -37.82668321], [145.06909991, -37.8266325], [145.06890757, -37.82651904], [145.0688088, -37.82646812], [145.06868934, -37.82641353], [145.06853528, -37.82635243], [145.06842494, -37.82631367], [145.06829011, -37.82627352], [145.06808392, -37.82622471], [145.06797145, -37.82620241], [145.06783926, -37.82618312], [145.0676753, -37.82616619], [145.06756357, -37.82615922], [145.06747207, -37.82615628], [145.06730104, -37.82615797], [145.06716252, -37.82616751], [145.06705443, -37.82617772], [145.06690985, -37.82619742], [145.06669535, -37.82623229], [145.06549983, -37.82644336], [145.0653909, -37.82645986], [145.06524682, -37.82647777], [145.06500958, -37.82649586], [145.06484445, -37.82650189], [145.0646539, -37.82650254], [145.064323, -37.82648728], [145.06418795, -37.8264856], [145.06266488, -37.8265358], [145.06069079, -37.8265972], [145.06038353, -37.82661648], [145.05966859, -37.82669292], [145.05936059, -37.82671849], [145.05923021, -37.82672526], [145.05885997, -37.82673276], [145.05870248, -37.82673341], [145.05848969, -37.82672846], [145.05823977, -37.82671416], [145.0580502, -37.82669922], [145.05748965, -37.82664591], [145.05728281, -37.82663114], [145.0569954, -37.82660378], [145.05674226, -37.82656932], [145.05664367, -37.82655093], [145.05653933, -37.82652623], [145.0564147, -37.82649137], [145.05626793, -37.82644722], [145.05597587, -37.82635066], [145.05572804, -37.82626077], [145.05549755, -37.82616432], [145.05536905, -37.82610398], [145.05520246, -37.8260185], [145.05511156, -37.82596708], [145.05497323, -37.82588269], [145.05489011, -37.82582887], [145.0547559, -37.825735], [145.05468114, -37.82567898], [145.05448877, -37.82552386], [145.05435614, -37.82540442], [145.05422771, -37.82528082], [145.05410286, -37.82515088], [145.05380359, -37.82482682], [145.05372181, -37.82473508], [145.05360234, -37.8246164], [145.05351583, -37.82453621], [145.05339029, -37.82442833], [145.05330486, -37.8243587], [145.05319659, -37.82427652], [145.05310503, -37.82421121], [145.05291127, -37.82408382], [145.05271277, -37.82396789], [145.05262561, -37.82392094], [145.05243473, -37.82382631], [145.05231033, -37.82376991], [145.05212443, -37.82369339], [145.05190261, -37.82361339], [145.05172063, -37.82355631], [145.0515247, -37.82350269], [145.05142085, -37.82347709], [145.05122183, -37.82343306], [145.05085347, -37.82336514], [145.04907995, -37.82306568], [145.04737385, -37.82276497], [145.04693336, -37.82269702], [145.04631803, -37.82261579], [145.04590467, -37.82256622], [145.04517352, -37.82247847], [145.0446645, -37.82242046], [145.04434488, -37.82238739], [145.04404294, -37.82236021], [145.04372909, -37.82233679], [145.04300988, -37.82229212], [145.04257485, -37.82225876], [145.04233145, -37.82223912], [145.04199895, -37.8222034], [145.04004585, -37.82196517], [145.03908889, -37.82183361], [145.03860824, -37.82177694], [145.03841202, -37.82175637], [145.03814846, -37.82173873], [145.03756848, -37.82170924], [145.03726557, -37.82169752], [145.03693075, -37.8216768], [145.03661395, -37.82164511], [145.03645373, -37.82162487], [145.03596956, -37.82155957], [145.03569965, -37.82153317], [145.03502105, -37.8214484], [145.03475324, -37.82141987], [145.03446887, -37.82139457], [145.0342354, -37.82137797], [145.03378264, -37.8213577], [145.03308139, -37.82133896], [145.03276205, -37.8213256], [145.03246174, -37.82131049], [145.03201347, -37.82127119], [145.03151862, -37.82121479], [145.03007988, -37.82103636], [145.02955237, -37.82096499], [145.02879784, -37.82084377], [145.028463, -37.82079427], [145.02778045, -37.82070913], [145.02749826, -37.82067917], [145.02717227, -37.82065127], [145.02701136, -37.82064433], [145.02684957, -37.82064063], [145.02669062, -37.8206413], [145.02637493, -37.82065764], [145.02619805, -37.8206745], [145.02599439, -37.82069866], [145.02580115, -37.82072841], [145.02556864, -37.82076966], [145.02535168, -37.82081549], [145.02514559, -37.82086701], [145.02492439, -37.82093548], [145.0247278, -37.82100554], [145.02458152, -37.82106347], [145.02425196, -37.82121231], [145.02391048, -37.82139871], [145.02372714, -37.82150873], [145.0235895, -37.82160051], [145.02336055, -37.82175942], [145.0228138, -37.82216208], [145.02264161, -37.82228418], [145.02180396, -37.82292734], [145.0212564, -37.82331727], [145.02071, -37.82369767], [145.02029326, -37.82399166], [145.01976122, -37.82434427], [145.0192033, -37.82468319], [145.01864538, -37.82498831], [145.01763255, -37.8255646], [145.01656135, -37.82618208], [145.01613205, -37.82643907], [145.01573832, -37.82668314], [145.01553505, -37.82680633], [145.01526989, -37.82695002], [145.01507885, -37.82704097], [145.01476905, -37.8271757], [145.01461207, -37.82723767], [145.01428833, -37.82735423], [145.01411875, -37.82741157], [145.01381814, -37.82750833], [145.01351967, -37.82759747], [145.01334035, -37.82764527], [145.01304405, -37.82771696], [145.01279521, -37.82776836], [145.01266862, -37.82779056], [145.01250155, -37.82781784], [145.01227085, -37.82784981], [145.01202779, -37.82787644], [145.01179575, -37.82789442], [145.01157885, -37.82790734], [145.01135516, -37.82791509], [145.01104085, -37.82791708], [145.01073405, -37.82790983], [145.01050689, -37.8278986], [145.00976126, -37.82782544], [145.00928652, -37.82776821], [145.00769617, -37.82759324], [145.00706666, -37.82752419], [145.00621995, -37.82743731], [145.00554986, -37.82737748], [145.00469004, -37.82730487], [145.00415066, -37.82725202], [145.00373992, -37.82720631], [145.00315226, -37.82713633], [145.00286511, -37.82710839], [145.00246724, -37.82706568], [144.99932033, -37.82671684], [144.99824925, -37.82659608], [144.99791636, -37.8265623], [144.99678878, -37.82643498], [144.99500446, -37.82624231], [144.99461846, -37.8261941], [144.99444504, -37.82616627], [144.99432164, -37.82614173], [144.9941788, -37.82610893], [144.99404277, -37.82607264], [144.99391839, -37.82603393], [144.99373678, -37.82596892], [144.99355795, -37.82589351], [144.9934355, -37.82583393], [144.99338171, -37.82580634], [144.99324139, -37.82572699], [144.99311547, -37.82564869], [144.99301015, -37.82557723], [144.99285505, -37.82546483], [144.99248725, -37.82518099], [144.99200696, -37.82480593], [144.99185836, -37.82468408], [144.99157732, -37.82448589], [144.9912251, -37.82428172], [144.99100201, -37.8241713], [144.99077659, -37.82407968], [144.99063284, -37.82402649], [144.9901828, -37.82388913], [144.98969571, -37.82375708], [144.98815786, -37.82333952], [144.98803454, -37.82330804], [144.98770016, -37.82322969], [144.98702771, -37.82307914], [144.98682686, -37.82302858], [144.98660767, -37.82296742], [144.98632589, -37.82287636], [144.98613559, -37.82280561], [144.9859528, -37.8227303], [144.98522051, -37.82241993], [144.98475245, -37.82221546], [144.98442053, -37.82206757], [144.98416111, -37.8219485], [144.98393343, -37.82184052], [144.98367217, -37.82171394], [144.98344719, -37.8215987], [144.98302856, -37.8213729], [144.98275558, -37.82122223], [144.98253264, -37.82109459], [144.98215411, -37.8208647], [144.98196874, -37.82074681], [144.98172255, -37.82058028], [144.98126799, -37.8202852], [144.98079623, -37.8199963], [144.98042921, -37.8197867], [144.98006215, -37.81956601], [144.97920159, -37.81907092], [144.97781909, -37.81825757], [144.97752635, -37.81808258], [144.97732417, -37.81795646], [144.97712197, -37.8178188], [144.9769444, -37.81769058], [144.97668109, -37.8174859], [144.97642608, -37.81726073], [144.97616627, -37.81699069], [144.97596399, -37.81674371], [144.97581088, -37.81653498], [144.97565097, -37.81628819], [144.97551997, -37.81605208], [144.97529764, -37.81559533], [144.97393444, -37.81274642], [144.97356794, -37.81197582], [144.97339132, -37.81156392], [144.97308958, -37.81091763], [144.97276735, -37.81022728], [144.97249634, -37.80972417], [144.97232383, -37.80942859], [144.97214144, -37.80919889], [144.97192702, -37.80898189], [144.97170183, -37.80879723], [144.97150824, -37.80865331], [144.97121591, -37.80848607], [144.97094043, -37.80836254], [144.970685, -37.80826217], [144.97044004, -37.80819009], [144.97015843, -37.80812909], [144.96991321, -37.80809134], [144.96972998, -37.80807133], [144.96963116, -37.80806295], [144.96938748, -37.80805596], [144.96910525, -37.80806749], [144.96888269, -37.80808979], [144.96860267, -37.80813263], [144.96818387, -37.80823661], [144.96669316, -37.80867589], [144.96248378, -37.80990686], [144.96153907, -37.81017086], [144.96016696, -37.8105657], [144.95513623, -37.811998], [144.95420592, -37.81226553], [144.95257374, -37.81272533], [144.95239261, -37.81278112], [144.95181467, -37.81298212], [144.95149836, -37.81310774], [144.95128107, -37.81320192], [144.95104505, -37.81333227], [144.95082646, -37.81347319], [144.95063334, -37.81362997], [144.95048182, -37.81377729], [144.95033294, -37.81395628], [144.95022056, -37.8141178], [144.95011559, -37.8143072], [144.95003061, -37.81450064], [144.94996516, -37.81473111], [144.94992929, -37.81493126], [144.94992193, -37.81513588], [144.9499359, -37.81535367], [144.94996412, -37.81552007], [144.95001636, -37.81570968], [144.95007764, -37.81585539], [144.95016918, -37.81604506], [144.95031353, -37.81627214], [144.9505019, -37.81651369], [144.95147762, -37.81770409], [144.9516099, -37.81788329], [144.95170573, -37.81800824], [144.95197929, -37.8183531], [144.95251019, -37.81902181], [144.95259441, -37.81913511], [144.95265795, -37.8192285], [144.95276843, -37.81941137], [144.95300043, -37.81975173], [144.95307775, -37.8198604], [144.95317464, -37.81998401], [144.95331288, -37.820137], [144.95338015, -37.82018557], [144.95356968, -37.82033224], [144.95370535, -37.82045473], [144.95382078, -37.82054478], [144.95403984, -37.82070413], [144.95423978, -37.82083611], [144.95431935, -37.82088354], [144.95447148, -37.8209654], [144.95466995, -37.82105581], [144.95475656, -37.8210875], [144.9549618, -37.82115496], [144.95508564, -37.82118721], [144.95530006, -37.82123518], [144.95539893, -37.82125042], [144.95556551, -37.82126971], [144.95566595, -37.82127749], [144.95588446, -37.82128408], [144.95601882, -37.82128101], [144.95622703, -37.82126561], [144.95639675, -37.82124548], [144.95649615, -37.82122891], [144.95669559, -37.82118551], [144.95684054, -37.82114459], [144.95704834, -37.82107394], [144.95721993, -37.82100248], [144.95731938, -37.82095527], [144.9574851, -37.82086596], [144.95758906, -37.82080351], [144.95802428, -37.82051917], [144.95818763, -37.82042053], [144.95839516, -37.82030607], [144.95847546, -37.82026547], [144.95861668, -37.82019916], [144.95883736, -37.8201062], [144.95906713, -37.82002151], [144.95920175, -37.81997626], [144.95930257, -37.81994529], [144.95959007, -37.81985989], [144.96026432, -37.8196652], [144.96050813, -37.81960274], [144.96078466, -37.81954426], [144.96091536, -37.81952139], [144.96105646, -37.81950067], [144.96122893, -37.81947932], [144.96134375, -37.81946797], [144.96149772, -37.81945829], [144.96164991, -37.81945579], [144.96174188, -37.81944927], [144.96185932, -37.81944599], [144.96210179, -37.81942793], [144.96223244, -37.81940712], [144.96267283, -37.81932183], [144.96281064, -37.81929249], [144.96297097, -37.81925417], [144.96317673, -37.81919961], [144.96360843, -37.81907091], [144.9638153, -37.81901284], [144.96394214, -37.81897358], [144.96405264, -37.81893359], [144.9643696, -37.81880903], [144.96481751, -37.81862789], [144.96504236, -37.81854391], [144.96528216, -37.8184701], [144.9664867, -37.81812143]]}}, {"type": "Feature", "properties": {"route_id": "aus:vic:vic-02-BEG:", "short_name": "Belgrave", "long_name": "Belgrave - City", "route_type": "train", "color": "152C6B", "text_color": "FFFFFF"}, "geometry": {"type": "LineString", "coordinates": [[145.35509348, -37.90907662], [145.35469568, -37.90953726], [145.35456637, -37.9096791], [145.35451387, -37.90973334], [145.35442675, -37.90981431], [145.35431804, -37.90990463], [145.35422163, -37.90997898], [145.35413475, -37.91003914], [145.35399667, -37.91012553], [145.35387745, -37.91018757], [145.35379443, -37.91022751], [145.35371665, -37.9102622], [145.35353565, -37.91033483], [145.35335524, -37.9103962], [145.35319955, -37.91044088], [145.35296875, -37.9104919], [145.35276653, -37.91052152], [145.35268308, -37.91052954], [145.35250275, -37.91054144], [145.35227355, -37.91054129], [145.35217059, -37.91053723], [145.35201252, -37.9105252], [145.35188013, -37.91050901], [145.35178161, -37.91049421], [145.35156137, -37.91044957], [145.35140994, -37.91041023], [145.35123609, -37.91035598], [145.35102094, -37.9102714], [145.35087695, -37.91020486], [145.35074521, -37.91013939], [145.35027169, -37.90988933], [145.35008815, -37.90979519], [145.35000783, -37.90975514], [145.3499011, -37.90970579], [145.34968263, -37.90961756], [145.34949499, -37.90954941], [145.34928735, -37.90948539], [145.34913325, -37.90944349], [145.34897778, -37.90940697], [145.34868631, -37.90934313], [145.34774415, -37.90916976], [145.34695747, -37.90903272], [145.34669677, -37.90899202], [145.34642839, -37.90895869], [145.34617095, -37.90893461], [145.34583152, -37.90891479], [145.34547345, -37.90890444], [145.34526665, -37.90889486], [145.34513965, -37.9088874], [145.34498274, -37.90887447], [145.34483324, -37.90885578], [145.34462897, -37.9088247], [145.34451276, -37.90880243], [145.34427901, -37.90874678], [145.34417561, -37.90871639], [145.34399926, -37.90865777], [145.3438518, -37.90860387], [145.34367893, -37.90852682], [145.34358328, -37.9084805], [145.34349469, -37.9084341], [145.34297942, -37.90812999], [145.34278992, -37.9080135], [145.34239315, -37.90777116], [145.34219729, -37.90765449], [145.34202435, -37.90756013], [145.34185154, -37.90747046], [145.34171148, -37.90740648], [145.34156415, -37.90734709], [145.34137444, -37.90728034], [145.34110749, -37.90720916], [145.34094719, -37.9071704], [145.34078326, -37.90714105], [145.34063805, -37.90711891], [145.34037502, -37.90708591], [145.34001141, -37.90704437], [145.33982872, -37.90701963], [145.33967394, -37.90699338], [145.33949675, -37.90695699], [145.33928192, -37.90689989], [145.33910556, -37.90684207], [145.33896594, -37.90678864], [145.33873325, -37.90669163], [145.33859213, -37.90662411], [145.33811669, -37.90636596], [145.33750193, -37.90602681], [145.33722874, -37.90587947], [145.3370687, -37.90579872], [145.33688258, -37.90571462], [145.33661908, -37.90561194], [145.33647145, -37.90556596], [145.33634115, -37.90552879], [145.33617542, -37.90548887], [145.33601255, -37.90545313], [145.33587728, -37.90542923], [145.3356101, -37.90539922], [145.33494893, -37.90535833], [145.334784, -37.90534374], [145.33462869, -37.90532559], [145.33444143, -37.90529716], [145.33429877, -37.90526847], [145.33413556, -37.90522786], [145.33392218, -37.9051622], [145.33367137, -37.90506718], [145.33310195, -37.90484174], [145.33287682, -37.90474753], [145.33270223, -37.90466214], [145.33254215, -37.90457354], [145.33238936, -37.90447936], [145.33221357, -37.90436142], [145.33203782, -37.90423637], [145.3317127, -37.90399717], [145.33150345, -37.90383442], [145.33131639, -37.90368154], [145.33119027, -37.90357016], [145.33111734, -37.90350577], [145.33068905, -37.90311128], [145.33058848, -37.90302153], [145.33049788, -37.90294391], [145.33039295, -37.90286123], [145.33029011, -37.90278704], [145.33017055, -37.90271216], [145.33007337, -37.90265419], [145.3297628, -37.90247621], [145.32957093, -37.90235011], [145.32939986, -37.90224494], [145.32919088, -37.90213671], [145.32899832, -37.90204143], [145.32875347, -37.90192962], [145.32850754, -37.90183069], [145.32826866, -37.90174177], [145.3279345, -37.90162149], [145.32769983, -37.90152218], [145.32741845, -37.90139192], [145.32716519, -37.90126008], [145.32656101, -37.90093471], [145.32616556, -37.90071379], [145.32578615, -37.90049237], [145.32551026, -37.90034092], [145.32526003, -37.90021596], [145.32505349, -37.90012074], [145.32476773, -37.90000321], [145.3242305, -37.89979107], [145.32394677, -37.89966393], [145.32363006, -37.89950738], [145.32330949, -37.89932996], [145.32276126, -37.89902142], [145.32196487, -37.89858298], [145.32137156, -37.89824639], [145.32099116, -37.89802539], [145.3206276, -37.89781851], [145.3203109, -37.89764682], [145.3200561, -37.89749908], [145.3197663, -37.89730956], [145.31898097, -37.8967615], [145.31862245, -37.89653891], [145.31835117, -37.89639084], [145.31809458, -37.89625668], [145.31710478, -37.8957639], [145.31649042, -37.89544014], [145.3163263, -37.89534109], [145.31618695, -37.89524267], [145.31599213, -37.89508361], [145.31583291, -37.89493389], [145.31571402, -37.89480151], [145.31561258, -37.89468146], [145.31542565, -37.89443582], [145.31514929, -37.89404696], [145.31502747, -37.89389832], [145.31490988, -37.89376407], [145.31476415, -37.8936313], [145.31461059, -37.89350816], [145.31445897, -37.89339974], [145.3142378, -37.89326932], [145.31415285, -37.89322466], [145.31404815, -37.89317783], [145.31392823, -37.89313051], [145.31380375, -37.89308394], [145.31367525, -37.89304389], [145.31354545, -37.89301058], [145.31335588, -37.89297073], [145.31313673, -37.89293614], [145.31302621, -37.89292572], [145.31282335, -37.89291461], [145.31271014, -37.89291227], [145.31250344, -37.89291543], [145.3111392, -37.89297156], [145.31082721, -37.89297907], [145.31058611, -37.8929793], [145.31035926, -37.89297334], [145.31021637, -37.89296616], [145.30957751, -37.89293012], [145.30916623, -37.89290277], [145.30889155, -37.89287989], [145.30875009, -37.89286488], [145.30858397, -37.89284366], [145.30829005, -37.89279663], [145.30706612, -37.89259131], [145.30631174, -37.89246537], [145.30609701, -37.8924265], [145.30601555, -37.89240838], [145.30587075, -37.89237034], [145.30559586, -37.89228717], [145.30546458, -37.89223932], [145.30534586, -37.89218966], [145.30501072, -37.89203118], [145.30483209, -37.89195588], [145.3043873, -37.89178879], [145.30411928, -37.8916839], [145.30370148, -37.89151521], [145.30293798, -37.89119283], [145.30270928, -37.89108968], [145.30249464, -37.8909879], [145.30213506, -37.89080491], [145.30190182, -37.8906815], [145.30134018, -37.89037906], [145.30060381, -37.88997586], [145.3003777, -37.88984391], [145.30017253, -37.8897163], [145.29992855, -37.88955083], [145.29962824, -37.88932281], [145.29932075, -37.88905134], [145.29917604, -37.88891551], [145.29904543, -37.88877998], [145.29888755, -37.8886043], [145.29878162, -37.88847831], [145.29851765, -37.88812456], [145.29841922, -37.8879793], [145.29833295, -37.8878344], [145.29817315, -37.8875492], [145.29797542, -37.88716811], [145.29781905, -37.88685799], [145.29752836, -37.88629206], [145.29735982, -37.88595203], [145.29722238, -37.88569401], [145.29693867, -37.88513116], [145.29583405, -37.88296822], [145.29579847, -37.88290353], [145.29559416, -37.88249819], [145.29549705, -37.88231609], [145.29540667, -37.882133], [145.29532394, -37.88197788], [145.29516423, -37.88166519], [145.29465074, -37.88065479], [145.294465, -37.88029811], [145.29430084, -37.87997147], [145.29383335, -37.87906277], [145.29363886, -37.87867639], [145.29212815, -37.87571717], [145.29202562, -37.87550967], [145.29195358, -37.87537488], [145.29171761, -37.87491436], [145.29127774, -37.87404309], [145.29113562, -37.87378274], [145.29101354, -37.87358477], [145.29087411, -37.8733752], [145.29065679, -37.87308717], [145.29004514, -37.8723693], [145.28995564, -37.87226707], [145.2889281, -37.87104929], [145.28853517, -37.87052953], [145.28818651, -37.86998851], [145.28789676, -37.86943699], [145.28763259, -37.86884619], [145.28736979, -37.86809346], [145.28697816, -37.86685581], [145.28681316, -37.86631799], [145.28669916, -37.86591458], [145.28659233, -37.8654717], [145.28646353, -37.86496136], [145.28627166, -37.86434728], [145.28612321, -37.86382133], [145.28600619, -37.86338696], [145.2858275, -37.86286138], [145.28570543, -37.86255157], [145.28516764, -37.86142353], [145.28492429, -37.86099128], [145.28470066, -37.86054634], [145.28458322, -37.86032194], [145.28427595, -37.85970013], [145.28407864, -37.85932181], [145.28386666, -37.8589586], [145.28362799, -37.85854029], [145.28335709, -37.85801733], [145.28311965, -37.8575419], [145.28284747, -37.85708868], [145.28252559, -37.8566323], [145.28219973, -37.85624471], [145.28111742, -37.85511916], [145.28010212, -37.85407542], [145.27838701, -37.85228551], [145.27531723, -37.84910967], [145.27374185, -37.84747351], [145.27299482, -37.84669409], [145.27245566, -37.84614869], [145.27183071, -37.84549642], [145.27111322, -37.84475293], [145.27036463, -37.84399924], [145.26994032, -37.84360837], [145.26970701, -37.84339884], [145.26949238, -37.84321256], [145.2692227, -37.84296941], [145.2690826, -37.84283722], [145.26888311, -37.84263962], [145.26849742, -37.84224553], [145.26771297, -37.84142839], [145.26736558, -37.84106866], [145.2672209, -37.840909], [145.26672573, -37.84030357], [145.26624285, -37.83977601], [145.26528535, -37.83878067], [145.26465579, -37.83811666], [145.26396374, -37.83739441], [145.26364324, -37.83707661], [145.26332279, -37.83678106], [145.26289977, -37.83644542], [145.26271516, -37.83630788], [145.26211979, -37.83588823], [145.26166248, -37.83561923], [145.26115684, -37.83537141], [145.26073307, -37.83517968], [145.26029861, -37.8350123], [145.25982966, -37.8348573], [145.25942945, -37.83473162], [145.25858063, -37.83454306], [145.25825297, -37.8344681], [145.25791004, -37.83440012], [145.25705092, -37.83424907], [145.2530932, -37.83349162], [145.25164985, -37.83320434], [145.25032773, -37.83296129], [145.24948724, -37.83279703], [145.24911168, -37.83271638], [145.24881239, -37.83263911], [145.24839485, -37.8324978], [145.24791081, -37.83229549], [145.24758888, -37.83213344], [145.24712296, -37.83185217], [145.24681054, -37.83162447], [145.2464605, -37.83132997], [145.24617355, -37.83104398], [145.24590659, -37.83071989], [145.24570405, -37.83042966], [145.24554316, -37.83016591], [145.24529513, -37.82971467], [145.2449758, -37.82914107], [145.24457261, -37.82840535], [145.24313484, -37.82577544], [145.24254391, -37.82466958], [145.2409888, -37.82181007], [145.2403866, -37.82072214], [145.23982335, -37.81968806], [145.23950937, -37.81911749], [145.23911452, -37.81838909], [145.23897388, -37.8181451], [145.23877181, -37.81781358], [145.2384587, -37.81732693], [145.2382812, -37.81706617], [145.23805007, -37.81670583], [145.23790795, -37.81647651], [145.23767335, -37.81611846], [145.23759042, -37.81599907], [145.23747817, -37.81586591], [145.23728548, -37.81566611], [145.23719436, -37.81558066], [145.23694765, -37.81536933], [145.23685447, -37.81529863], [145.23674046, -37.81522032], [145.23663865, -37.81515463], [145.23649663, -37.81506959], [145.23632674, -37.8149763], [145.23616928, -37.81490031], [145.23604591, -37.81484313], [145.23583833, -37.81475873], [145.23566794, -37.81469642], [145.23551803, -37.81464668], [145.23525493, -37.81457037], [145.23503482, -37.81451598], [145.23487051, -37.81448008], [145.23473854, -37.81445449], [145.23456419, -37.81442493], [145.23430686, -37.81439268], [145.23414329, -37.8143777], [145.23400015, -37.81436844], [145.23374452, -37.81436028], [145.23351537, -37.81436126], [145.23325129, -37.81437388], [145.23311912, -37.81438559], [145.23290767, -37.81441117], [145.23269578, -37.81444584], [145.23259942, -37.81446584], [145.2323681, -37.8145196], [145.23223715, -37.81455629], [145.23214427, -37.81458311], [145.23187942, -37.81467087], [145.23160285, -37.81477838], [145.2313691, -37.81487707], [145.23059129, -37.8152192], [145.22997926, -37.81548316], [145.22888483, -37.81596354], [145.22821337, -37.81625634], [145.22809422, -37.81630312], [145.22789316, -37.81637381], [145.22769028, -37.81645367], [145.22709172, -37.8167143], [145.22545038, -37.81743596], [145.22526424, -37.81751426], [145.22491268, -37.81765442], [145.22471893, -37.81772774], [145.22439479, -37.81783794], [145.22423134, -37.8178891], [145.22402931, -37.81794769], [145.22381192, -37.81800732], [145.22366538, -37.81804467], [145.22345405, -37.8180933], [145.22309703, -37.81816722], [145.22292291, -37.81819911], [145.22276747, -37.81822389], [145.22257547, -37.81825272], [145.22232772, -37.81828484], [145.2219774, -37.81832092], [145.22152395, -37.81835643], [145.21635887, -37.81868277], [145.21537417, -37.81874716], [145.21432612, -37.81881021], [145.21405825, -37.81882823], [145.21360537, -37.81885876], [145.21284837, -37.81890279], [145.21253405, -37.81891568], [145.21219985, -37.81892422], [145.21183019, -37.81892329], [145.21143853, -37.81891662], [145.21104832, -37.81890132], [145.21077084, -37.81888467], [145.21024843, -37.81884438], [145.20201422, -37.8181774], [145.19844993, -37.81788077], [145.19677346, -37.81774597], [145.19639895, -37.81772077], [145.19618283, -37.81771314], [145.19599309, -37.81770933], [145.19586368, -37.81770996], [145.19563485, -37.81771592], [145.19538645, -37.81773257], [145.19519815, -37.81774897], [145.19500345, -37.81777167], [145.19465868, -37.81781739], [145.19418955, -37.81788509], [145.19323247, -37.81803767], [145.19190145, -37.8182484], [145.19166307, -37.81828259], [145.19106192, -37.81838312], [145.1903575, -37.81847441], [145.19019353, -37.81848982], [145.18991197, -37.81851009], [145.18970606, -37.81852207], [145.18881925, -37.81856431], [145.18852565, -37.81858917], [145.1882649, -37.81861796], [145.18809038, -37.8186424], [145.18563524, -37.81901429], [145.1853558, -37.81906414], [145.18396022, -37.81927902], [145.18295214, -37.81941541], [145.18230643, -37.81949772], [145.18171237, -37.81958183], [145.1800771, -37.81983666], [145.17935035, -37.81995258], [145.17864507, -37.82005009], [145.17838085, -37.82007656], [145.17647373, -37.82029316], [145.17608887, -37.82034226], [145.17536475, -37.82044324], [145.17487722, -37.82053716], [145.17480778, -37.82055167], [145.1740967, -37.82068142], [145.17310119, -37.82086866], [145.17141921, -37.82117726], [145.17092699, -37.8212536], [145.17015193, -37.82136476], [145.16795625, -37.82170308], [145.16765812, -37.82174512], [145.16734759, -37.82178337], [145.16706186, -37.82181118], [145.16667171, -37.821839], [145.16636867, -37.82184996], [145.16588601, -37.8218519], [145.1653579, -37.82183124], [145.16500843, -37.82180399], [145.1646211, -37.82176379], [145.16240393, -37.82148751], [145.16081637, -37.82129474], [145.15781588, -37.82092358], [145.15720027, -37.82084447], [145.15283862, -37.82030723], [145.15235602, -37.82026587], [145.15204552, -37.8202527], [145.15167686, -37.82024367], [145.15094404, -37.82023667], [145.15006843, -37.82022481], [145.14977486, -37.82022083], [145.14910353, -37.82021704], [145.14826246, -37.82018219], [145.14722314, -37.82007941], [145.14447768, -37.81978186], [145.14420586, -37.81976208], [145.14392757, -37.81975571], [145.14375455, -37.8197556], [145.14347378, -37.81977577], [145.14325296, -37.81980176], [145.14305575, -37.81983281], [145.14286095, -37.81987218], [145.14253277, -37.8199619], [145.14218869, -37.82007813], [145.14188425, -37.82020851], [145.14134465, -37.8204882], [145.14085858, -37.82073043], [145.14022595, -37.82104523], [145.13982877, -37.8212355], [145.13950579, -37.82136171], [145.1391723, -37.82146323], [145.13900289, -37.8215048], [145.13883891, -37.82153826], [145.13871634, -37.82156011], [145.13856887, -37.82158301], [145.13835889, -37.82160673], [145.13820535, -37.821618], [145.13796902, -37.82162355], [145.1378157, -37.82162139], [145.13763589, -37.82161557], [145.13745272, -37.8216033], [145.13700041, -37.82154577], [145.13203136, -37.82081251], [145.13145259, -37.8207242], [145.13076168, -37.82061446], [145.13015293, -37.82051251], [145.12955199, -37.82041618], [145.12835209, -37.82024932], [145.12766093, -37.82016281], [145.12717635, -37.82009716], [145.12606982, -37.8199131], [145.12484, -37.81973068], [145.12371091, -37.81954074], [145.1218479, -37.81926249], [145.12074805, -37.81909823], [145.11978728, -37.81897331], [145.11863726, -37.81881228], [145.11826748, -37.81875392], [145.1164023, -37.81843788], [145.11606325, -37.81838631], [145.11568876, -37.81834391], [145.11529574, -37.81830626], [145.11489835, -37.81827953], [145.11369303, -37.81822986], [145.11339876, -37.81822262], [145.11302531, -37.81821943], [145.11253549, -37.81822663], [145.11221654, -37.81823387], [145.11056427, -37.81828388], [145.10988093, -37.81830211], [145.10914212, -37.8183262], [145.10875413, -37.81834989], [145.10842339, -37.81838703], [145.10821294, -37.81841609], [145.10810366, -37.81843344], [145.10792071, -37.81847087], [145.10773237, -37.81851489], [145.10756698, -37.81855864], [145.10741106, -37.81860552], [145.10725902, -37.81865147], [145.10710706, -37.81870292], [145.10689029, -37.81878793], [145.106682, -37.81887452], [145.10650183, -37.81895868], [145.10628301, -37.81907493], [145.10605701, -37.8192099], [145.10583763, -37.81934813], [145.10551447, -37.81956859], [145.10500769, -37.81992352], [145.10443971, -37.82030793], [145.10357764, -37.8208992], [145.10305934, -37.82123728], [145.10283083, -37.82138112], [145.10262173, -37.82151662], [145.10238895, -37.8216804], [145.101828, -37.82205978], [145.10149564, -37.82229242], [145.10139673, -37.82236166], [145.10092666, -37.82267896], [145.10030274, -37.82310778], [145.09993559, -37.82335428], [145.09954021, -37.82359843], [145.09930766, -37.82373076], [145.09908828, -37.82384572], [145.09887329, -37.82395364], [145.09853189, -37.82410809], [145.09834673, -37.82418692], [145.09811114, -37.8242827], [145.0978819, -37.82436533], [145.09753511, -37.82448238], [145.09734051, -37.82454331], [145.0970077, -37.82463337], [145.09665159, -37.82471918], [145.09613106, -37.82482377], [145.09592664, -37.8248603], [145.09547502, -37.82492238], [145.09524802, -37.82494449], [145.09488198, -37.82496984], [145.0946912, -37.82497973], [145.0942825, -37.82498987], [145.09372996, -37.82498246], [145.09349203, -37.82496572], [145.09283279, -37.82491053], [145.09235665, -37.82484369], [145.09092715, -37.82460649], [145.09030668, -37.82449288], [145.08928501, -37.82427543], [145.0889821, -37.82421446], [145.08875621, -37.8241761], [145.08781637, -37.82404531], [145.08699623, -37.82390798], [145.08597926, -37.82373366], [145.08573858, -37.82369604], [145.08554136, -37.82366904], [145.08538156, -37.82364977], [145.08514508, -37.8236297], [145.08501153, -37.82362312], [145.08479252, -37.82361748], [145.08455819, -37.82361989], [145.08438248, -37.82362676], [145.08423738, -37.82363657], [145.08409824, -37.82364818], [145.08391193, -37.82366966], [145.08378435, -37.82368714], [145.08357311, -37.82372372], [145.08343563, -37.8237505], [145.08319977, -37.82380316], [145.08303131, -37.82384602], [145.08282347, -37.82390491], [145.08256204, -37.8239887], [145.08238611, -37.82404801], [145.08214928, -37.82412968], [145.08184703, -37.82424092], [145.08172515, -37.82428796], [145.08149518, -37.82438542], [145.08096261, -37.82463349], [145.07965989, -37.82524858], [145.07945573, -37.82534041], [145.07926888, -37.82541757], [145.07908975, -37.82548638], [145.0789251, -37.82554417], [145.07880081, -37.82558332], [145.07848779, -37.82567176], [145.0783395, -37.82570737], [145.07821814, -37.82573441], [145.07805839, -37.8257655], [145.07790183, -37.82579161], [145.07774655, -37.82581268], [145.07754385, -37.82583488], [145.0773931, -37.82584737], [145.07722882, -37.82585596], [145.07706975, -37.82586048], [145.07694883, -37.82586202], [145.07666645, -37.82585506], [145.07653575, -37.82584806], [145.07637291, -37.82583594], [145.07559165, -37.82575459], [145.07520409, -37.82572924], [145.07275661, -37.82558512], [145.07182047, -37.82552689], [145.07106164, -37.82549202], [145.07056666, -37.82548662], [145.0699783, -37.8255151], [145.06937837, -37.82556933], [145.06918035, -37.82559069], [145.06895785, -37.82561876], [145.06873258, -37.82565256], [145.06842105, -37.82570909], [145.06820966, -37.82575095], [145.06730724, -37.82595053], [145.06672135, -37.82606312], [145.066457, -37.82611834], [145.0656215, -37.82631351], [145.0654614, -37.82634459], [145.06532616, -37.82636787], [145.0651158, -37.82639614], [145.06485115, -37.8264236], [145.06467615, -37.8264337], [145.06442401, -37.82644352], [145.06345584, -37.82647176], [145.06320981, -37.82648222], [145.06258833, -37.82649966], [145.06075344, -37.82656066], [145.06020265, -37.82656871], [145.05870282, -37.82657282], [145.05824781, -37.82657659], [145.05773522, -37.82657931], [145.05750224, -37.82657745], [145.05735705, -37.82657271], [145.05717271, -37.82656201], [145.05689784, -37.8265417], [145.0567562, -37.82652728], [145.05664006, -37.82651086], [145.05648657, -37.8264848], [145.0563644, -37.82646017], [145.05626976, -37.82643833], [145.05611045, -37.82639569], [145.05597587, -37.82635066], [145.05572804, -37.82626077], [145.05549755, -37.82616432], [145.05536905, -37.82610398], [145.05520246, -37.8260185], [145.05511156, -37.82596708], [145.05497323, -37.82588269], [145.05489011, -37.82582887], [145.0547559, -37.825735], [145.05468114, -37.82567898], [145.05454825, -37.82557369], [145.05448877, -37.82552386], [145.05435614, -37.82540442], [145.05422771, -37.82528082], [145.05410286, -37.82515088], [145.05380359, -37.82482682], [145.05372181, -37.82473508], [145.05360234, -37.8246164], [145.05351583, -37.82453621], [145.05339029, -37.82442833], [145.05330486, -37.8243587], [145.05319659, -37.82427652], [145.05310503, -37.82421121], [145.05291127, -37.82408382], [145.05280343, -37.82401967], [145.05271277, -37.82396789], [145.05255465, -37.82388471], [145.05243473, -37.82382631], [145.05231033, -37.82376991], [145.05221483, -37.82372958], [145.05212443, -37.82369339], [145.05190261, -37.82361339], [145.05172063, -37.82355631], [145.0515247, -37.82350269], [145.05142085, -37.82347709], [145.05122183, -37.82343306], [145.05085347, -37.82336514], [145.04907995, -37.82306568], [145.04737385, -37.82276497], [145.04693336, -37.82269702], [145.04631803, -37.82261579], [145.04590467, -37.82256622], [145.04517352, -37.82247847], [145.0446645, -37.82242046], [145.04434488, -37.82238739], [145.04404294, -37.82236021], [145.04372909, -37.82233679], [145.04300988, -37.82229212], [145.04257485, -37.82225876], [145.04233145, -37.82223912], [145.04199895, -37.8222034], [145.04004585, -37.82196517], [145.03908889, -37.82183361], [145.03860824, -37.82177694], [145.03841202, -37.82175637], [145.03814846, -37.82173873], [145.03756848, -37.82170924], [145.03726557, -37.82169752], [145.03693075, -37.8216768], [145.03661395, -37.82164511], [145.03645373, -37.82162487], [145.03596956, -37.82155957], [145.03569965, -37.82153317], [145.03502105, -37.8214484], [145.03475324, -37.82141987], [145.03446887, -37.82139457], [145.0342354, -37.82137797], [145.03378264, -37.8213577], [145.03308139, -37.82133896], [145.03276205, -37.8213256], [145.03246174, -37.82131049], [145.03201347, -37.82127119], [145.03151862, -37.82121479], [145.03007988, -37.82103636], [145.02955237, -37.82096499], [145.02879784, -37.82084377], [145.028463, -37.82079427], [145.02778045, -37.82070913], [145.02749826, -37.82067917], [145.02717227, -37.82065127], [145.02701136, -37.82064433], [145.02684957, -37.82064063], [145.02669062, -37.8206413], [145.02637493, -37.82065764], [145.02619805, -37.8206745], [145.02599439, -37.82069866], [145.02580115, -37.82072841], [145.02556864, -37.82076966], [145.02535168, -37.82081549], [145.02514559, -37.82086701], [145.02492439, -37.82093548], [145.0247278, -37.82100554], [145.02458152, -37.82106347], [145.02425196, -37.82121231], [145.02391048, -37.82139871], [145.02372714, -37.82150873], [145.0235895, -37.82160051], [145.02336055, -37.82175942], [145.0228138, -37.82216208], [145.02264161, -37.82228418], [145.02180396, -37.82292734], [145.0212564, -37.82331727], [145.02071, -37.82369767], [145.02029326, -37.82399166], [145.01976122, -37.82434427], [145.0192033, -37.82468319], [145.01864538, -37.82498831], [145.01763255, -37.8255646], [145.01656135, -37.82618208], [145.01613205, -37.82643907], [145.01573832, -37.82668314], [145.01553505, -37.82680633], [145.01526989, -37.82695002], [145.01507885, -37.82704097], [145.01476905, -37.8271757], [145.01461207, -37.82723767], [145.01428833, -37.82735423], [145.01411875, -37.82741157], [145.01381814, -37.82750833], [145.01351967, -37.82759747], [145.01334035, -37.82764527], [145.01304405, -37.82771696], [145.01279521, -37.82776836], [145.01266862, -37.82779056], [145.01250155, -37.82781784], [145.01227085, -37.82784981], [145.01202779, -37.82787644], [145.01179575, -37.82789442], [145.01157885, -37.82790734], [145.01135516, -37.82791509], [145.01104085, -37.82791708], [145.01073405, -37.82790983], [145.01050689, -37.8278986], [145.00976126, -37.82782544], [145.00928652, -37.82776821], [145.00769617, -37.82759324], [145.00706666, -37.82752419], [145.00621995, -37.82743731], [145.00554986, -37.82737748], [145.00469004, -37.82730487], [145.00415066, -37.82725202], [145.00373992, -37.82720631], [145.00315226, -37.82713633], [145.00286511, -37.82710839], [145.00246724, -37.82706568], [144.99932033, -37.82671684], [144.99824925, -37.82659608], [144.99791636, -37.8265623], [144.99678878, -37.82643498], [144.99500446, -37.82624231], [144.99461846, -37.8261941], [144.99444504, -37.82616627], [144.99432164, -37.82614173], [144.9941788, -37.82610893], [144.99404277, -37.82607264], [144.99391839, -37.82603393], [144.99373678, -37.82596892], [144.99355795, -37.82589351], [144.9934355, -37.82583393], [144.99338171, -37.82580634], [144.99324139, -37.82572699], [144.99311547, -37.82564869], [144.99301015, -37.82557723], [144.99285505, -37.82546483], [144.99248725, -37.82518099], [144.99200696, -37.82480593], [144.99185836, -37.82468408], [144.99157732, -37.82448589], [144.9912251, -37.82428172], [144.99100201, -37.8241713], [144.99077659, -37.82407968], [144.99063284, -37.82402649], [144.9901828, -37.82388913], [144.98969571, -37.82375708], [144.98815786, -37.82333952], [144.98803454, -37.82330804], [144.98770016, -37.82322969], [144.98702771, -37.82307914], [144.98682686, -37.82302858], [144.98660767, -37.82296742], [144.98632589, -37.82287636], [144.98613559, -37.82280561], [144.9859528, -37.8227303], [144.98522051, -37.82241993], [144.98475245, -37.82221546], [144.98442053, -37.82206757], [144.98416111, -37.8219485], [144.98393343, -37.82184052], [144.98367217, -37.82171394], [144.98344719, -37.8215987], [144.98302856, -37.8213729], [144.98275558, -37.82122223], [144.98253264, -37.82109459], [144.98215411, -37.8208647], [144.98196874, -37.82074681], [144.98172255, -37.82058028], [144.98126799, -37.8202852], [144.98079623, -37.8199963], [144.98042921, -37.8197867], [144.98006215, -37.81956601], [144.97920159, -37.81907092], [144.97781909, -37.81825757], [144.97752635, -37.81808258], [144.97732417, -37.81795646], [144.97712197, -37.8178188], [144.9769444, -37.81769058], [144.97668109, -37.8174859], [144.97642608, -37.81726073], [144.97616627, -37.81699069], [144.97596399, -37.81674371], [144.97581088, -37.81653498], [144.97565097, -37.81628819], [144.97551997, -37.81605208], [144.97529764, -37.81559533], [144.97393444, -37.81274642], [144.97356794, -37.81197582], [144.97339132, -37.81156392], [144.97308958, -37.81091763], [144.97276735, -37.81022728], [144.97249634, -37.80972417], [144.97232383, -37.80942859], [144.97214144, -37.80919889], [144.97192702, -37.80898189], [144.97170183, -37.80879723], [144.97150824, -37.80865331], [144.97121591, -37.80848607], [144.97094043, -37.80836254], [144.970685, -37.80826217], [144.97044004, -37.80819009], [144.97015843, -37.80812909], [144.96991321, -37.80809134], [144.96972998, -37.80807133], [144.96963116, -37.80806295], [144.96938748, -37.80805596], [144.96910525, -37.80806749], [144.96888269, -37.80808979], [144.96860267, -37.80813263], [144.96818387, -37.80823661], [144.96669316, -37.80867589], [144.96248378, -37.80990686], [144.96153907, -37.81017086], [144.96016696, -37.8105657], [144.95513623, -37.811998], [144.95420592, -37.81226553], [144.95257374, -37.81272533], [144.95239261, -37.81278112], [144.95181467, -37.81298212], [144.95149836, -37.81310774], [144.95128107, -37.81320192], [144.95104505, -37.81333227], [144.95082646, -37.81347319], [144.95063334, -37.81362997], [144.95048182, -37.81377729], [144.95033294, -37.81395628], [144.95022056, -37.8141178], [144.95011559, -37.8143072], [144.95003061, -37.81450064], [144.94996516, -37.81473111], [144.94992929, -37.81493126], [144.94992193, -37.81513588], [144.9499359, -37.81535367], [144.94996412, -37.81552007], [144.95001636, -37.81570968], [144.95007764, -37.81585539], [144.95016918, -37.81604506], [144.95031353, -37.81627214], [144.9505019, -37.81651369], [144.95147762, -37.81770409], [144.9516099, -37.81788329], [144.95170573, -37.81800824], [144.95197929, -37.8183531], [144.95251019, -37.81902181], [144.95259441, -37.81913511], [144.95265795, -37.8192285], [144.95276843, -37.81941137], [144.95300043, -37.81975173], [144.95307775, -37.8198604], [144.95317464, -37.81998401], [144.95331288, -37.820137], [144.95338015, -37.82018557], [144.95356968, -37.82033224], [144.95370535, -37.82045473], [144.95382078, -37.82054478], [144.95403984, -37.82070413], [144.95423978, -37.82083611], [144.95431935, -37.82088354], [144.95447148, -37.8209654], [144.95466995, -37.82105581], [144.95475656, -37.8210875], [144.9549618, -37.82115496], [144.95508564, -37.82118721], [144.95530006, -37.82123518], [144.95539893, -37.82125042], [144.95556551, -37.82126971], [144.95566595, -37.82127749], [144.95588446, -37.82128408], [144.95601882, -37.82128101], [144.95622703, -37.82126561], [144.95639675, -37.82124548], [144.95649615, -37.82122891], [144.95669559, -37.82118551], [144.95684054, -37.82114459], [144.95704834, -37.82107394], [144.95721993, -37.82100248], [144.95731938, -37.82095527], [144.9574851, -37.82086596], [144.95758906, -37.82080351], [144.95802428, -37.82051917], [144.95818763, -37.82042053], [144.95839516, -37.82030607], [144.95847546, -37.82026547], [144.95861668, -37.82019916], [144.95883736, -37.8201062], [144.95906713, -37.82002151], [144.95920175, -37.81997626], [144.95930257, -37.81994529], [144.95959007, -37.81985989], [144.96026432, -37.8196652], [144.96050813, -37.81960274], [144.96078466, -37.81954426], [144.96091536, -37.81952139], [144.96105646, -37.81950067], [144.96122893, -37.81947932], [144.96134375, -37.81946797], [144.96149772, -37.81945829], [144.96164991, -37.81945579], [144.96174188, -37.81944927], [144.96185932, -37.81944599], [144.96210179, -37.81942793], [144.96223244, -37.81940712], [144.96267283, -37.81932183], [144.96281064, -37.81929249], [144.96297097, -37.81925417], [144.96317673, -37.81919961], [144.96360843, -37.81907091], [144.9638153, -37.81901284], [144.96394214, -37.81897358], [144.96405264, -37.81893359], [144.9643696, -37.81880903], [144.96481751, -37.81862789], [144.96504236, -37.81854391], [144.96528216, -37.8184701], [144.9664867, -37.81812143]]}}, {"type": "Feature", "properties": {"route_id": "aus:vic:vic-02-CBE:", "short_name": "Cranbourne", "long_name": "Cranbourne - City", "route_type": "train", "color": "34ACE1", "text_color": "000000"}, "geometry": {"type": "LineString", "coordinates": [[144.96692546, -37.81602935], [144.96731315, -37.81688297], [144.96752068, -37.81733083], [144.96808535, -37.8185997], [144.96878916, -37.81953042], [144.97039609, -37.82137526], [144.97081105, -37.82209848], [144.97154663, -37.82453902], [144.97167756, -37.82527159], [144.97170695, -37.82591589], [144.97166382, -37.8266697], [144.97160565, -37.82706774], [144.97151185, -37.82755573], [144.97143851, -37.82801821], [144.97124422, -37.82927534], [144.97121516, -37.82956916], [144.97118981, -37.82999246], [144.97122912, -37.83069767], [144.97128602, -37.83098478], [144.9715148, -37.83153844], [144.97174488, -37.83200344], [144.97190541, -37.83223646], [144.97205012, -37.83236647], [144.97227128, -37.83252257], [144.97247387, -37.83267602], [144.97285734, -37.83304147], [144.97390395, -37.83403753], [144.97433093, -37.83445807], [144.97523198, -37.83537222], [144.97559265, -37.83597851], [144.97592605, -37.83629389], [144.97635575, -37.83661579], [144.97710465, -37.8370742], [144.97743815, -37.83722412], [144.9777545, -37.83733661], [144.97807506, -37.83743179], [144.97840018, -37.83750189], [144.97879159, -37.83757836], [144.97933107, -37.83766729], [144.97980706, -37.83773854], [144.98064264, -37.83783669], [144.98250542, -37.83806517], [144.98291161, -37.83810863], [144.98320821, -37.83813263], [144.98355261, -37.83815403], [144.98431661, -37.83818983], [144.98505887, -37.83821858], [144.98625563, -37.8382523], [144.98647273, -37.83826674], [144.98671282, -37.83829229], [144.98732317, -37.83839573], [144.98761089, -37.83844976], [144.98874654, -37.83871294], [144.98975162, -37.8390311], [144.990821, -37.83944659], [144.99140565, -37.83966853], [144.99208116, -37.839976], [144.99226109, -37.84009171], [144.99260247, -37.84040114], [144.99289195, -37.84070923], [144.9930133, -37.84080637], [144.99322604, -37.84095671], [144.99330685, -37.84100666], [144.99351557, -37.84112503], [144.99381992, -37.84126639], [144.9940569, -37.84136126], [144.99432149, -37.84145589], [144.99480239, -37.84161989], [144.99603955, -37.84205271], [144.99664173, -37.84227933], [144.99700539, -37.84243394], [144.99885295, -37.84326128], [145.00002737, -37.8437932], [145.00025862, -37.84389013], [145.00051765, -37.84399799], [145.00077142, -37.84409449], [145.00108698, -37.84420042], [145.00134915, -37.8442803], [145.00162002, -37.84437087], [145.00188874, -37.84446924], [145.00205248, -37.84453294], [145.00225045, -37.84461686], [145.00244576, -37.84470687], [145.0027258, -37.84484482], [145.00314761, -37.84506087], [145.00331654, -37.84513871], [145.0036307, -37.84526326], [145.00551701, -37.84593589], [145.0070829, -37.84649798], [145.00730063, -37.84657412], [145.00917311, -37.84727781], [145.00945317, -37.84738618], [145.0096654, -37.84747304], [145.01001039, -37.84762657], [145.01017914, -37.84770756], [145.01034596, -37.84779256], [145.01067329, -37.84796923], [145.01083492, -37.84806127], [145.01099237, -37.84815693], [145.01143891, -37.84844808], [145.01163621, -37.84859163], [145.01183003, -37.84873801], [145.01201872, -37.84889341], [145.01220572, -37.84905229], [145.01262599, -37.8494459], [145.01272416, -37.8495402], [145.01386722, -37.85068443], [145.01442148, -37.85123584], [145.01503475, -37.85185466], [145.01738966, -37.85428067], [145.0183684, -37.855298], [145.01849318, -37.8554177], [145.01863698, -37.85554818], [145.01904775, -37.8558961], [145.01914061, -37.8559812], [145.01932528, -37.85615616], [145.01951177, -37.85635269], [145.01967036, -37.85653406], [145.01993026, -37.85686277], [145.02006968, -37.85703409], [145.02016588, -37.85714736], [145.02048955, -37.85749714], [145.02425515, -37.86142674], [145.02460261, -37.86178096], [145.0248471, -37.86202424], [145.02510819, -37.86226734], [145.02579093, -37.86289169], [145.02781774, -37.86473974], [145.02846163, -37.86533521], [145.02880973, -37.86564978], [145.02930575, -37.86610444], [145.0294902, -37.86626416], [145.03013778, -37.8668285], [145.03075527, -37.86736233], [145.0312545, -37.86779964], [145.03529382, -37.87142472], [145.03538213, -37.87150658], [145.03897122, -37.87473173], [145.03952009, -37.87521724], [145.0396858, -37.8753604], [145.03997528, -37.87560386], [145.04034398, -37.87590838], [145.04048913, -37.87602551], [145.04070322, -37.87618399], [145.04093133, -37.87634108], [145.04122879, -37.87652807], [145.04137434, -37.87660871], [145.04166733, -37.87675904], [145.04202165, -37.8769458], [145.04235216, -37.87714298], [145.04243469, -37.877195], [145.04307266, -37.87761429], [145.04349115, -37.87789422], [145.04366194, -37.87802241], [145.04468784, -37.87887657], [145.04480513, -37.87895998], [145.04606171, -37.87979813], [145.0464644, -37.88008292], [145.04720257, -37.88063227], [145.04755434, -37.88087386], [145.04787838, -37.88108479], [145.04824702, -37.88130358], [145.04914413, -37.88181113], [145.04970918, -37.88213573], [145.05008191, -37.88234611], [145.05026875, -37.88244852], [145.05064719, -37.88264088], [145.05104255, -37.88282559], [145.05123848, -37.88291103], [145.05244627, -37.88340991], [145.05284545, -37.88358377], [145.05640447, -37.88518353], [145.05856914, -37.88615964], [145.05965851, -37.88664704], [145.06480657, -37.8889944], [145.06560755, -37.88933316], [145.06738847, -37.89013492], [145.06862515, -37.89069422], [145.06928806, -37.89099194], [145.07006491, -37.89133353], [145.07263458, -37.89249148], [145.0738161, -37.89303243], [145.07581332, -37.89393204], [145.07803737, -37.89493617], [145.07831122, -37.89506681], [145.07927615, -37.89554361], [145.07982092, -37.89579555], [145.08460825, -37.89795539], [145.08551746, -37.89836887], [145.08582516, -37.89851986], [145.08603698, -37.89863578], [145.08624986, -37.89876387], [145.08653954, -37.89895648], [145.08701097, -37.89930218], [145.08739902, -37.89960038], [145.08834829, -37.90031774], [145.08884194, -37.90068893], [145.08960532, -37.90126826], [145.08986586, -37.90147129], [145.09064942, -37.90209789], [145.09097504, -37.90234857], [145.09356135, -37.9043084], [145.09432438, -37.90488246], [145.09579535, -37.90599797], [145.10055983, -37.90960284], [145.10089939, -37.90984947], [145.10141753, -37.91021083], [145.10162504, -37.91035972], [145.10248256, -37.91100609], [145.10353712, -37.9117936], [145.10483936, -37.91278399], [145.10769449, -37.91494448], [145.10999657, -37.91667913], [145.11132517, -37.91768618], [145.11343932, -37.91928067], [145.11481434, -37.9203224], [145.11505195, -37.92049761], [145.11534441, -37.92070317], [145.11555569, -37.92084489], [145.11636904, -37.92136816], [145.11659507, -37.92151606], [145.11680545, -37.92165758], [145.11703204, -37.92181882], [145.11717978, -37.92192744], [145.11794836, -37.92252109], [145.11831888, -37.92280287], [145.11859671, -37.92300737], [145.11944944, -37.92361651], [145.11973738, -37.9238264], [145.12095345, -37.9247417], [145.12385754, -37.92693691], [145.12431776, -37.92729463], [145.12468734, -37.9275926], [145.12661866, -37.92917322], [145.12699323, -37.92946793], [145.12756875, -37.92990109], [145.12897078, -37.93093894], [145.12960608, -37.93140243], [145.13013944, -37.93180779], [145.13218454, -37.93343348], [145.13254064, -37.93370886], [145.13308751, -37.93412136], [145.13361414, -37.93449271], [145.13396872, -37.93473436], [145.13428486, -37.93495728], [145.13457933, -37.93517364], [145.13510569, -37.93556994], [145.13541877, -37.93579714], [145.13590025, -37.93612802], [145.13632412, -37.93641564], [145.13645846, -37.93651194], [145.1366894, -37.9366806], [145.13820883, -37.93782844], [145.13865178, -37.93816321], [145.1388171, -37.93829496], [145.13909264, -37.93853165], [145.13930395, -37.93872099], [145.13952627, -37.93891583], [145.13960815, -37.93898561], [145.13976615, -37.93911401], [145.13999357, -37.93928721], [145.1403023, -37.93951711], [145.14037805, -37.93956346], [145.14049745, -37.93964808], [145.14076164, -37.93985223], [145.1421604, -37.94091726], [145.14383938, -37.9421801], [145.14432091, -37.9425397], [145.14479835, -37.94290347], [145.14494611, -37.94300511], [145.14602165, -37.94382259], [145.14641566, -37.94411529], [145.14720688, -37.94471839], [145.14823386, -37.94549137], [145.14917985, -37.94619981], [145.15014162, -37.94687001], [145.15022767, -37.94693742], [145.15051396, -37.94717939], [145.15077336, -37.94736379], [145.15138972, -37.94778559], [145.15244177, -37.94853334], [145.15303962, -37.94898629], [145.15330321, -37.94918112], [145.15394251, -37.94966536], [145.15474987, -37.95026956], [145.15540806, -37.95077779], [145.1555818, -37.95092948], [145.15587642, -37.95117643], [145.15656525, -37.95176173], [145.15796507, -37.95289311], [145.15860575, -37.95340681], [145.15948755, -37.95405018], [145.16066646, -37.9549389], [145.16130405, -37.95538594], [145.16169245, -37.95564362], [145.16223869, -37.95599839], [145.16276292, -37.95636426], [145.16336712, -37.95683682], [145.16377786, -37.95715801], [145.16544213, -37.95853396], [145.16602264, -37.95897198], [145.16649783, -37.95932048], [145.16687416, -37.95957544], [145.16732932, -37.95987379], [145.16812527, -37.96040059], [145.16843346, -37.96061789], [145.1687385, -37.9608382], [145.17070404, -37.96231393], [145.17207615, -37.96334927], [145.17288032, -37.96395204], [145.17406307, -37.9648314], [145.17432847, -37.96501747], [145.17544248, -37.96583808], [145.17596689, -37.96623859], [145.17670872, -37.96680513], [145.17685776, -37.9669099], [145.17816135, -37.96794258], [145.1795656, -37.96902619], [145.18340211, -37.97219974], [145.18407397, -37.97272307], [145.18514284, -37.97350864], [145.18648397, -37.97451496], [145.18742224, -37.97521117], [145.18833262, -37.97581052], [145.18875379, -37.97609096], [145.18990522, -37.97684739], [145.19149591, -37.97796086], [145.1931677, -37.9791307], [145.19811872, -37.98257403], [145.20002869, -37.98388333], [145.20059124, -37.98428531], [145.20138116, -37.98484216], [145.20314365, -37.98606407], [145.20407744, -37.98671773], [145.20436815, -37.98691367], [145.20511556, -37.98743686], [145.20605657, -37.9880853], [145.20635186, -37.98829437], [145.20665338, -37.98850038], [145.20675665, -37.98856612], [145.20694052, -37.98867473], [145.20703595, -37.98872584], [145.20737375, -37.9888914], [145.20979475, -37.99000844], [145.21002039, -37.99011389], [145.2110531, -37.99058624], [145.21116091, -37.99063862], [145.21175235, -37.99091112], [145.21240545, -37.99120898], [145.21283859, -37.99141662], [145.21304278, -37.99152849], [145.21314428, -37.99158798], [145.21325076, -37.99165809], [145.21339715, -37.99176332], [145.21355224, -37.99189004], [145.21374481, -37.99207744], [145.21385451, -37.99220239], [145.21392612, -37.99229251], [145.2140524, -37.99246629], [145.21445632, -37.99308099], [145.21451649, -37.99317806], [145.2148343, -37.99366214], [145.21579668, -37.99514207], [145.21639609, -37.99605082], [145.21655815, -37.99628551], [145.21674623, -37.9965415], [145.21691015, -37.99674658], [145.21706283, -37.99692643], [145.21728525, -37.99716582], [145.21757035, -37.99744581], [145.21771503, -37.99758003], [145.21796537, -37.99779533], [145.2181778, -37.9979632], [145.21841956, -37.99814268], [145.21870152, -37.99833593], [145.21886225, -37.99843768], [145.21908828, -37.99857538], [145.21929163, -37.99869057], [145.21950618, -37.99880854], [145.21985276, -37.99898141], [145.22059125, -37.99932233], [145.22135728, -37.99970728], [145.22184085, -37.99992808], [145.22213775, -38.00007902], [145.22239348, -38.00021788], [145.2225285, -38.00029553], [145.22270026, -38.00040312], [145.22282694, -38.000491], [145.22295567, -38.00058848], [145.22305962, -38.00067494], [145.22317695, -38.00078233], [145.22329634, -38.00090787], [145.22340632, -38.00103227], [145.22348229, -38.00113084], [145.22354647, -38.00122274], [145.22361718, -38.00133654], [145.22370296, -38.00149131], [145.22376856, -38.00162351], [145.22383135, -38.00177289], [145.22429396, -38.00298187], [145.22443613, -38.00332503], [145.22540601, -38.00552216], [145.22561698, -38.00600703], [145.22611694, -38.00709113], [145.2265838, -38.00812146], [145.22684805, -38.0087214], [145.22711913, -38.00935037], [145.22741382, -38.01005828], [145.22767041, -38.01070262], [145.22800915, -38.01158286], [145.22829834, -38.01232124], [145.22852528, -38.01287302], [145.22878116, -38.01347202], [145.22954979, -38.01519098], [145.22979164, -38.01570604], [145.23015267, -38.01653759], [145.23110624, -38.01870163], [145.23126589, -38.01906919], [145.23205228, -38.02073136], [145.23227791, -38.02124013], [145.23288978, -38.02259606], [145.23313132, -38.02316852], [145.23368321, -38.02441404], [145.23405199, -38.025263], [145.23432872, -38.02588447], [145.23463875, -38.02660412], [145.23510152, -38.02762968], [145.23531732, -38.0281273], [145.23613999, -38.02988056], [145.23638486, -38.03039709], [145.23670069, -38.03109538], [145.23701775, -38.03181829], [145.238026, -38.03408942], [145.23833345, -38.03475811], [145.23848091, -38.03509024], [145.23886489, -38.03597014], [145.23935345, -38.03710358], [145.23959755, -38.03765876], [145.24003493, -38.03864147], [145.24067566, -38.04006456], [145.24100085, -38.04077947], [145.2413135, -38.041433], [145.24200936, -38.042816], [145.24241361, -38.04363329], [145.24292368, -38.04463356], [145.24357264, -38.04594051], [145.24439211, -38.04748585], [145.2454587, -38.0496081], [145.24579972, -38.0502797], [145.24604021, -38.05077516], [145.24634217, -38.05138796], [145.24678381, -38.05226599], [145.24747637, -38.05365242], [145.24784505, -38.05437913], [145.24801295, -38.05468407], [145.24844874, -38.0554408], [145.24860675, -38.05572126], [145.24877954, -38.05604096], [145.24885166, -38.05617613], [145.24933755, -38.05715088], [145.24956279, -38.05759455], [145.24967775, -38.0578211], [145.25043341, -38.05934769], [145.25062547, -38.05975887], [145.25119506, -38.0610737], [145.25215711, -38.06302122], [145.25303347, -38.06475361], [145.25341748, -38.06549207], [145.25356933, -38.06575504], [145.25380273, -38.06613115], [145.25402497, -38.06647293], [145.25431365, -38.06688302], [145.25539941, -38.06831264], [145.25703756, -38.07054664], [145.25750357, -38.07114761], [145.25802787, -38.07185254], [145.25825516, -38.07214158], [145.25865933, -38.07267819], [145.25966151, -38.07398568], [145.2604316, -38.0750047], [145.26123614, -38.07604818], [145.26227945, -38.07743791], [145.26247941, -38.07769329], [145.26291022, -38.07826263], [145.2632074, -38.07864506], [145.26345722, -38.07897616], [145.26424384, -38.08001467], [145.26438592, -38.08019674], [145.27655672, -38.09619644], [145.27732144, -38.09719697], [145.27754244, -38.09746416], [145.27768555, -38.0976054], [145.27787681, -38.09777961], [145.27799426, -38.09787722], [145.27844182, -38.09818981], [145.27854356, -38.09826673], [145.278741, -38.09842526], [145.27884579, -38.09850367], [145.27924213, -38.09876387], [145.27945535, -38.09891587], [145.27951309, -38.09895808], [145.27980707, -38.0991875], [145.28009994, -38.09940077], [145.28037542, -38.09957774], [145.28071977, -38.0997942]]}}, {"type": "Feature", "properties": {"route_id": "aus:vic:vic-02-CGB:", "short_name": "Craigieburn", "long_name": "Craigieburn - City", "route_type": "train", "color": "FFBE00", "text_color": "000000"}, "geometry": {"type": "LineString", "coordinates": [[144.9666109, -37.81835193], [144.96623294, -37.81845562], [144.96541092, -37.818675], [144.96452556, -37.81891698], [144.96434991, -37.81896748], [144.96410717, -37.81904114], [144.96330732, -37.8192344], [144.96304402, -37.81929527], [144.96278988, -37.81934954], [144.9624108, -37.81943571], [144.96224691, -37.81946739], [144.96207731, -37.81949194], [144.96184544, -37.81951271], [144.96152024, -37.81953168], [144.96134892, -37.8195443], [144.96120609, -37.81955787], [144.96108411, -37.81957324], [144.96092623, -37.81959709], [144.96076937, -37.81962493], [144.96054826, -37.81967174], [144.96039395, -37.81971034], [144.95942274, -37.81999144], [144.95926727, -37.82003894], [144.95913764, -37.82008058], [144.95891334, -37.82016069], [144.95871444, -37.82024231], [144.95861691, -37.82028568], [144.95846789, -37.82035879], [144.95840614, -37.82039016], [144.95823541, -37.82048426], [144.95753403, -37.8209207], [144.95741312, -37.82098763], [144.95726889, -37.8210602], [144.95719955, -37.82109044], [144.95699354, -37.82117032], [144.95688659, -37.82120514], [144.9567026, -37.82125692], [144.95661709, -37.82127616], [144.95642246, -37.82131388], [144.95630515, -37.82132887], [144.95610923, -37.82134764], [144.95594684, -37.82135347], [144.95579109, -37.82135338], [144.95564294, -37.82134558], [144.95547134, -37.82133116], [144.95535444, -37.82131471], [144.95519581, -37.82128699], [144.95510855, -37.821267], [144.95500361, -37.82124112], [144.95484855, -37.82119526], [144.95475075, -37.82116202], [144.95463585, -37.8211183], [144.95451055, -37.82106458], [144.95437881, -37.82100146], [144.95425212, -37.8209323], [144.9541807, -37.82088969], [144.9540647, -37.82081189], [144.95388628, -37.82068641], [144.95371472, -37.8205597], [144.95323193, -37.8202131], [144.95307765, -37.82006938], [144.95300143, -37.81999127], [144.95292904, -37.81990567], [144.95286708, -37.81982502], [144.95281801, -37.81975099], [144.95259342, -37.81936039], [144.95255027, -37.81928133], [144.9524982, -37.81920049], [144.95245426, -37.81913817], [144.95227773, -37.81891594], [144.95190548, -37.81843409], [144.95166445, -37.81812918], [144.95147757, -37.81788279], [144.95122529, -37.81756533], [144.95107145, -37.81738981], [144.95088088, -37.81714958], [144.95069232, -37.81689433], [144.9506048, -37.81679376], [144.95035438, -37.81654068], [144.95022483, -37.81639469], [144.94990686, -37.81599678], [144.94985155, -37.81593463], [144.94975908, -37.81581974], [144.94968876, -37.81573786], [144.94960816, -37.81565364], [144.94928632, -37.81533019], [144.94914572, -37.81517707], [144.94902902, -37.81503508], [144.94873506, -37.81466481], [144.94858018, -37.81446556], [144.94841495, -37.81425839], [144.94813725, -37.8139002], [144.94783608, -37.8135361], [144.94751657, -37.81318646], [144.94729115, -37.81295057], [144.94714068, -37.81279754], [144.94696034, -37.81263192], [144.94668955, -37.81236901], [144.9465072, -37.81220218], [144.94643671, -37.81213877], [144.94623505, -37.81196808], [144.94574928, -37.81160103], [144.9454764, -37.8113853], [144.94531575, -37.81124318], [144.94516073, -37.81109448], [144.94478303, -37.81072616], [144.94459241, -37.81053449], [144.94438365, -37.81029627], [144.94355203, -37.80922927], [144.94301666, -37.80855098], [144.94287104, -37.80836306], [144.94282724, -37.80830399], [144.94276724, -37.8082149], [144.94271395, -37.80813376], [144.9426272, -37.80799383], [144.94253569, -37.80786138], [144.94213799, -37.80735554], [144.94156558, -37.80662973], [144.94129845, -37.80631001], [144.94114555, -37.80611448], [144.94102617, -37.80596749], [144.94075634, -37.8056552], [144.94043056, -37.80530066], [144.9400237, -37.80494163], [144.93967766, -37.80458854], [144.93936243, -37.80425932], [144.93912091, -37.80403241], [144.93908003, -37.80399114], [144.93891906, -37.80380449], [144.93883039, -37.80372534], [144.93868058, -37.8035989], [144.93858095, -37.80352218], [144.93847607, -37.80344627], [144.93831898, -37.80334466], [144.93819908, -37.8032738], [144.93810722, -37.80322389], [144.93771169, -37.80302168], [144.93675624, -37.80254967], [144.93481207, -37.80158233], [144.93464379, -37.80149548], [144.9344188, -37.80137294], [144.93421284, -37.80124848], [144.93413354, -37.80119626], [144.93397915, -37.8010919], [144.93379036, -37.80095044], [144.93363374, -37.80081991], [144.93350321, -37.8007029], [144.93335424, -37.80055501], [144.93326834, -37.80046258], [144.93318375, -37.80036422], [144.93305767, -37.80020177], [144.93291607, -37.80000121], [144.93276088, -37.7997668], [144.93250291, -37.79936521], [144.93243046, -37.79924669], [144.93234342, -37.79908953], [144.93229498, -37.79898982], [144.93221672, -37.79880686], [144.93216743, -37.79867244], [144.93207912, -37.79841424], [144.93158416, -37.79693303], [144.93149346, -37.79665496], [144.93137369, -37.7963032], [144.93093136, -37.79498007], [144.93078975, -37.79467849], [144.9307327, -37.7945132], [144.93059525, -37.79408732], [144.93054245, -37.79390382], [144.93051307, -37.79379282], [144.93046642, -37.79361708], [144.93020307, -37.79251437], [144.92999961, -37.79168667], [144.92987138, -37.79110172], [144.92976555, -37.79067036], [144.9293574, -37.7889341], [144.92912715, -37.78797291], [144.92896801, -37.7872955], [144.92849644, -37.78531048], [144.92827155, -37.78437768], [144.92820688, -37.78413593], [144.92816719, -37.78399573], [144.92812914, -37.78387412], [144.92802616, -37.78356077], [144.92796933, -37.78340829], [144.9278605, -37.78312998], [144.92775681, -37.78288664], [144.92760016, -37.78255198], [144.92751044, -37.7823735], [144.92737017, -37.78210681], [144.92723891, -37.78187524], [144.9270805, -37.78161174], [144.92700731, -37.78149637], [144.9267745, -37.78114838], [144.92667872, -37.78101251], [144.92655612, -37.78084508], [144.92632602, -37.7805467], [144.9262683, -37.78047503], [144.92602395, -37.78018677], [144.92590735, -37.78005657], [144.92565028, -37.77978088], [144.92459951, -37.77867474], [144.92443146, -37.77849677], [144.92432638, -37.7783811], [144.92417545, -37.77822812], [144.92327275, -37.77727706], [144.92289013, -37.776851], [144.92268618, -37.77660517], [144.92238648, -37.77621436], [144.9222116, -37.77596841], [144.92205344, -37.77573762], [144.92198299, -37.77563022], [144.92179415, -37.77532328], [144.92172491, -37.77520499], [144.92161388, -37.77500622], [144.92145203, -37.77469633], [144.92134174, -37.7744672], [144.92122177, -37.77420248], [144.92112139, -37.77395964], [144.92099043, -37.7736093], [144.92089066, -37.7733124], [144.92084363, -37.77315963], [144.92076997, -37.77289934], [144.92069539, -37.77260343], [144.92052697, -37.77181508], [144.92037925, -37.77109459], [144.92029813, -37.77071169], [144.92026551, -37.77054314], [144.91976476, -37.76814032], [144.91963426, -37.76750242], [144.91948125, -37.76678481], [144.9194282, -37.76655543], [144.91936344, -37.76632656], [144.91926867, -37.76601776], [144.91922302, -37.7658807], [144.91917095, -37.7657337], [144.91907262, -37.76547513], [144.91902018, -37.76534948], [144.91892661, -37.7651319], [144.9188331, -37.76492442], [144.91872617, -37.76470544], [144.91862741, -37.76451526], [144.91850684, -37.76429712], [144.91836423, -37.76405119], [144.91820524, -37.76379046], [144.91772303, -37.76302549], [144.91763915, -37.76288748], [144.91743433, -37.76254069], [144.91730945, -37.76231463], [144.91719275, -37.76208439], [144.91708737, -37.761863], [144.91701407, -37.7617003], [144.91691802, -37.76145394], [144.91685491, -37.76127989], [144.91680659, -37.76113692], [144.91673218, -37.76088832], [144.91668405, -37.76071453], [144.91662491, -37.76049197], [144.91654244, -37.76015014], [144.91642823, -37.75960489], [144.91636637, -37.7592408], [144.91636067, -37.75912833], [144.91635997, -37.75895889], [144.91635378, -37.75879144], [144.91633041, -37.75858862], [144.91629774, -37.75834923], [144.91626035, -37.75796268], [144.91624567, -37.7577374], [144.9162359, -37.75736973], [144.91621935, -37.75617556], [144.91619986, -37.75527629], [144.91620042, -37.75513896], [144.91621614, -37.7549873], [144.91623289, -37.75488819], [144.91625782, -37.75478013], [144.91630935, -37.75458206], [144.91649816, -37.75393692], [144.91661774, -37.75358667], [144.91673195, -37.75326174], [144.91675655, -37.75316972], [144.91681685, -37.75292188], [144.91683032, -37.7528748], [144.91689588, -37.752686], [144.91717444, -37.75190762], [144.91726864, -37.7516529], [144.91733465, -37.75148446], [144.9174193, -37.75128292], [144.9174777, -37.75115094], [144.91759375, -37.75090607], [144.91764324, -37.7508089], [144.91776035, -37.75059099], [144.91792585, -37.75030662], [144.91813382, -37.74998524], [144.9182627, -37.74980061], [144.91839256, -37.74961772], [144.91844452, -37.74955348], [144.91861366, -37.74933388], [144.91880691, -37.74909983], [144.91899524, -37.74888363], [144.9191658, -37.74869811], [144.91936931, -37.74848669], [144.91957363, -37.74828717], [144.9199617, -37.74792499], [144.920218, -37.74770476], [144.92046894, -37.74750192], [144.92061815, -37.74738947], [144.92086646, -37.7472156], [144.9210158, -37.74711451], [144.92128215, -37.74694051], [144.92152268, -37.74679723], [144.92177696, -37.74665311], [144.92212041, -37.74647334], [144.92231733, -37.74637561], [144.92249907, -37.7462887], [144.9242668, -37.74548401], [144.92500165, -37.74514243], [144.9253049, -37.74499196], [144.92555555, -37.74485922], [144.92593294, -37.74463822], [144.92620525, -37.74446566], [144.92647277, -37.74428554], [144.9268336, -37.7440109], [144.9271695, -37.74371501], [144.92732714, -37.74357611], [144.92753985, -37.74335943], [144.92768123, -37.74320961], [144.92791884, -37.74293371], [144.92808052, -37.74273568], [144.92821106, -37.74256368], [144.92830828, -37.74242643], [144.92839987, -37.74229187], [144.92852936, -37.74208832], [144.92860335, -37.74196634], [144.92865996, -37.74186929], [144.92877262, -37.74166273], [144.92889435, -37.74141146], [144.92897039, -37.74124419], [144.92900076, -37.74116866], [144.92917455, -37.74068643], [144.92920088, -37.74060461], [144.92926636, -37.74036452], [144.92929306, -37.74025748], [144.92932486, -37.74010988], [144.92936552, -37.73988053], [144.92939742, -37.73966841], [144.92942408, -37.73942051], [144.92943892, -37.73914861], [144.92944247, -37.73893951], [144.92944249, -37.73881668], [144.92942932, -37.73851564], [144.92941088, -37.73829362], [144.92939785, -37.73817489], [144.92938242, -37.73805242], [144.92932152, -37.73762374], [144.92920887, -37.73698309], [144.92917054, -37.73671738], [144.9290971, -37.73631119], [144.92898885, -37.73567981], [144.9288507, -37.73485514], [144.92875455, -37.73425813], [144.92871136, -37.73402442], [144.92825923, -37.73129922], [144.92817157, -37.73081699], [144.92815509, -37.73073641], [144.92809212, -37.73045161], [144.92805994, -37.73031974], [144.92795009, -37.72990921], [144.9279134, -37.72978447], [144.92783562, -37.72953799], [144.92774782, -37.72927267], [144.92764107, -37.72897917], [144.92759957, -37.72887219], [144.92742032, -37.72843187], [144.92723178, -37.72801581], [144.92708604, -37.72771667], [144.92701829, -37.72758697], [144.92685322, -37.727281], [144.92666993, -37.72696137], [144.92658733, -37.72682339], [144.92643845, -37.72658402], [144.92624987, -37.72629954], [144.92602557, -37.72597387], [144.92580513, -37.72566043], [144.92381505, -37.72286173], [144.92354184, -37.72247229], [144.92339977, -37.72226603], [144.92317143, -37.7219155], [144.92301219, -37.72165793], [144.92285024, -37.72138337], [144.92270944, -37.72112369], [144.92261835, -37.7209487], [144.92246556, -37.72064321], [144.92238869, -37.72048324], [144.92225734, -37.7201939], [144.9221209, -37.7198677], [144.92200302, -37.7195676], [144.92190258, -37.71928872], [144.92174074, -37.71879967], [144.92155196, -37.71820733], [144.92146265, -37.71793621], [144.91962525, -37.71217443], [144.91936145, -37.71135736], [144.91835661, -37.70820449], [144.9182869, -37.70799598], [144.91819614, -37.70767626], [144.91815255, -37.70750318], [144.91808355, -37.70717177], [144.91801471, -37.70681873], [144.917973, -37.7066192], [144.91792255, -37.70640346], [144.91789049, -37.70628043], [144.91782131, -37.7060366], [144.91762411, -37.7053867], [144.91747778, -37.70488837], [144.91723379, -37.70407038], [144.91712784, -37.70372633], [144.91707528, -37.70356571], [144.91701312, -37.70339186], [144.91689964, -37.70310192], [144.91669851, -37.70262903], [144.9165327, -37.70224787], [144.91642506, -37.7019767], [144.91631765, -37.70168092], [144.91617861, -37.70127546], [144.91610017, -37.70102669], [144.91604494, -37.7008362], [144.9159783, -37.70057926], [144.91590989, -37.70028409], [144.91580996, -37.69981461], [144.91576684, -37.69954006], [144.91570585, -37.69902071], [144.91569135, -37.69886212], [144.91566779, -37.69849276], [144.91565656, -37.6981648], [144.91565482, -37.69795966], [144.91565736, -37.69761374], [144.91566609, -37.69729397], [144.91570021, -37.6963833], [144.91573595, -37.6955406], [144.91574802, -37.69532417], [144.91576027, -37.69517028], [144.9157784, -37.6949928], [144.91582088, -37.69464614], [144.91590766, -37.6940784], [144.91594031, -37.69389243], [144.91597095, -37.69366506], [144.91599916, -37.69341503], [144.91602995, -37.69311314], [144.91606814, -37.69268909], [144.91610249, -37.6922802], [144.91628386, -37.6902332], [144.9163609, -37.6894135], [144.91638378, -37.68922411], [144.91641594, -37.68899884], [144.91643908, -37.68886497], [144.91649017, -37.68859138], [144.91651662, -37.68846874], [144.91656809, -37.68825039], [144.91663642, -37.68798494], [144.9167471, -37.68761597], [144.91680449, -37.68744972], [144.91690283, -37.68717741], [144.91700725, -37.68691467], [144.91711724, -37.68665959], [144.91725901, -37.68635894], [144.91736369, -37.68615162], [144.91751595, -37.685869], [144.91758105, -37.68575524], [144.91767658, -37.68559922], [144.91785772, -37.68531368], [144.91792174, -37.6852183], [144.91806811, -37.6850082], [144.91814882, -37.68489572], [144.91824105, -37.6847728], [144.91866261, -37.68422674], [144.91934493, -37.68336157], [144.91947962, -37.68318398], [144.9198207, -37.68274986], [144.9203295, -37.68210818], [144.92125863, -37.68090183], [144.92132726, -37.68080761], [144.92147717, -37.68058766], [144.92161071, -37.68037382], [144.92176783, -37.68010272], [144.92185604, -37.67994467], [144.92195228, -37.67976252], [144.92205424, -37.67955867], [144.92209858, -37.6794651], [144.92223561, -37.6791621], [144.92231533, -37.6789748], [144.92242416, -37.67869536], [144.92254209, -37.67835778], [144.92259763, -37.67818754], [144.92263091, -37.67807178], [144.92267062, -37.67793253], [144.92277074, -37.677522], [144.92286956, -37.67705638], [144.92346651, -37.67403566], [144.92388924, -37.67188196], [144.92393383, -37.6716652], [144.92451586, -37.66870423], [144.92475599, -37.66749518], [144.92503998, -37.66604611], [144.92515737, -37.66546213], [144.92552691, -37.66359046], [144.92556725, -37.66337101], [144.92567135, -37.66285673], [144.92577443, -37.66232207], [144.92604946, -37.66094105], [144.92616805, -37.6603415], [144.92624984, -37.65996462], [144.92638032, -37.65949181], [144.92646735, -37.65921613], [144.92653346, -37.65902786], [144.92661308, -37.65881839], [144.92671604, -37.65856876], [144.92679776, -37.65838176], [144.92690534, -37.65814898], [144.92704315, -37.65787717], [144.92712194, -37.65773004], [144.92723775, -37.65752372], [144.92735327, -37.65732776], [144.92754607, -37.65701429], [144.93055163, -37.65225877], [144.93101433, -37.65153106], [144.9311879, -37.65125194], [144.93246891, -37.64922564], [144.9328032, -37.64867636], [144.93289844, -37.64851167], [144.9330207, -37.64828789], [144.93315468, -37.64802601], [144.93331755, -37.64767433], [144.93341163, -37.64745311], [144.93354722, -37.64710006], [144.93364537, -37.64680988], [144.93372237, -37.64656286], [144.93378376, -37.64634369], [144.93385755, -37.64605281], [144.93394746, -37.64564272], [144.93452379, -37.64279044], [144.93459685, -37.64244431], [144.93466599, -37.64207144], [144.93475725, -37.64160415], [144.93498214, -37.64014553], [144.935076, -37.63956347], [144.93513088, -37.6392555], [144.9353294, -37.6382783], [144.93552663, -37.63729404], [144.93566418, -37.63664398], [144.93573261, -37.63634581], [144.93582604, -37.6359629], [144.93606612, -37.63503103], [144.93618126, -37.63455154], [144.93621795, -37.63438879], [144.93629876, -37.63400738], [144.94133068, -37.6090904], [144.941683, -37.60733551], [144.94201462, -37.60566506], [144.94213138, -37.60509889], [144.94215498, -37.6049944], [144.94220835, -37.60478022], [144.94224045, -37.6046593], [144.94231028, -37.60441512], [144.94239754, -37.60414213], [144.94251292, -37.60381503], [144.94259044, -37.60361208], [144.94269064, -37.60337104], [144.9431779, -37.60224592]]}}, {"type": "Feature", "properties": {"route_id": "aus:vic:vic-02-FKN:", "short_name": "Frankston", "long_name": "Frankston - City", "route_type": "train", "color": "028430", "text_color": "FFFFFF"}, "geometry": {"type": "LineString", "coordinates": [[145.12600963, -38.14260113], [145.12614461, -38.14234303], [145.12630823, -38.14207088], [145.12649734, -38.14177976], [145.12664615, -38.14156459], [145.12669478, -38.14147012], [145.12684907, -38.14115249], [145.12700867, -38.14088172], [145.12745945, -38.13984789], [145.12786892, -38.13889857], [145.12863168, -38.13714302], [145.12906903, -38.13612394], [145.13022116, -38.13347316], [145.13036287, -38.13312874], [145.13066754, -38.13233066], [145.13080658, -38.13198774], [145.13129254, -38.13088083], [145.1324783, -38.12815721], [145.13258663, -38.12792634], [145.13291675, -38.12724293], [145.13303554, -38.12699069], [145.13316793, -38.12669749], [145.13455332, -38.1235204], [145.1348219, -38.12287772], [145.13497713, -38.12246169], [145.13512086, -38.1220899], [145.13520145, -38.121895], [145.13526316, -38.12175612], [145.13538872, -38.12148362], [145.13547989, -38.1212943], [145.13564876, -38.12096102], [145.13571593, -38.1208225], [145.13581092, -38.12060854], [145.13588017, -38.12043788], [145.13595375, -38.12021782], [145.13601719, -38.11999723], [145.13606818, -38.11977311], [145.13610988, -38.11953731], [145.13613353, -38.11933853], [145.13614548, -38.1191556], [145.13615459, -38.11896326], [145.13615376, -38.11883889], [145.13614265, -38.11857143], [145.13608602, -38.11813392], [145.13601909, -38.11783664], [145.13596986, -38.11766464], [145.13584411, -38.11729389], [145.13560467, -38.11680572], [145.13534699, -38.11637097], [145.13486118, -38.11574371], [145.13320708, -38.11381103], [145.13174943, -38.11213522], [145.13129923, -38.11159899], [145.13067518, -38.11087588], [145.12994328, -38.1100039], [145.12969457, -38.10971598], [145.12934655, -38.1092659], [145.12895534, -38.10862696], [145.12885651, -38.10843299], [145.12876197, -38.10824008], [145.12860259, -38.10786662], [145.12850702, -38.10759394], [145.12842722, -38.10733332], [145.12837175, -38.10712958], [145.12831987, -38.10689671], [145.12824982, -38.1064643], [145.12823026, -38.10626519], [145.1282115, -38.1059412], [145.12820406, -38.10556719], [145.1282012, -38.10394551], [145.12817949, -38.09191613], [145.12816743, -38.09161576], [145.1281258, -38.09110234], [145.12809427, -38.09085852], [145.12801645, -38.09036921], [145.12799913, -38.09028378], [145.12787165, -38.08977448], [145.12778194, -38.08946522], [145.1276255, -38.08901386], [145.12745716, -38.08859547], [145.12732767, -38.08830801], [145.12694249, -38.08752254], [145.1266697, -38.08699318], [145.12522061, -38.08402173], [145.1243982, -38.08237183], [145.12417276, -38.08189611], [145.12406828, -38.08165248], [145.12395287, -38.08136389], [145.12381617, -38.0809715], [145.1236797, -38.0805164], [145.12364698, -38.08038701], [145.12325116, -38.07869651], [145.12295954, -38.07743428], [145.12238306, -38.07494138], [145.12219683, -38.07417278], [145.12189962, -38.07305049], [145.12159603, -38.07193262], [145.12090945, -38.06957564], [145.12064254, -38.06860226], [145.12053325, -38.06817823], [145.1204876, -38.06798438], [145.12043928, -38.06776138], [145.12040514, -38.06758962], [145.12036288, -38.06734364], [145.1203191, -38.06705908], [145.12010078, -38.06555533], [145.12000752, -38.06491933], [145.1198479, -38.06378527], [145.11957502, -38.06189793], [145.11954682, -38.06170409], [145.11949783, -38.06140484], [145.11943555, -38.06106852], [145.11937508, -38.06078134], [145.11932892, -38.06058541], [145.11922226, -38.06018836], [145.11916255, -38.0599787], [145.11908681, -38.05973174], [145.11836597, -38.05762031], [145.1177507, -38.05583381], [145.11760625, -38.05544859], [145.11741978, -38.05500457], [145.11724075, -38.05461231], [145.11657841, -38.05320129], [145.11589192, -38.0517331], [145.1155731, -38.05106032], [145.11530844, -38.05048852], [145.11522237, -38.05031196], [145.11492995, -38.0496942], [145.11385003, -38.04738657], [145.11369152, -38.04705339], [145.11354068, -38.04674556], [145.11334081, -38.04636801], [145.11320338, -38.04611933], [145.11288152, -38.04556644], [145.1112041, -38.04272047], [145.1087546, -38.03854968], [145.10740761, -38.03626418], [145.10629533, -38.03437094], [145.10614585, -38.03412324], [145.10471482, -38.03167847], [145.10212806, -38.02729194], [145.10145081, -38.02613832], [145.1010481, -38.02544522], [145.10051956, -38.02455633], [145.10014009, -38.02394308], [145.09959431, -38.02316241], [145.09769532, -38.02060573], [145.0972756, -38.02005319], [145.09694157, -38.01960522], [145.09591968, -38.01822638], [145.09566691, -38.01790074], [145.09526125, -38.01740439], [145.09461579, -38.01670706], [145.09432448, -38.016379], [145.09411636, -38.01611978], [145.09396468, -38.01592456], [145.09388935, -38.01582043], [145.09366827, -38.0154945], [145.09335148, -38.01504689], [145.09255385, -38.01386712], [145.0916632, -38.01259463], [145.09125203, -38.01201869], [145.09056113, -38.01107377], [145.08974465, -38.00988638], [145.08949665, -38.00949764], [145.08930966, -38.00919821], [145.08911081, -38.0088729], [145.08861711, -38.00810834], [145.08842195, -38.00775525], [145.08835327, -38.00763671], [145.08814116, -38.00728766], [145.08757099, -38.00648617], [145.08717247, -38.00589906], [145.08683242, -38.00539834], [145.0866123, -38.00506844], [145.08620898, -38.00454398], [145.08613056, -38.00443718], [145.08588976, -38.00408802], [145.08407718, -38.00143321], [145.08404611, -38.00139333], [145.08376798, -38.00097831], [145.08315747, -38.00004169], [145.08263855, -37.99927444], [145.0821141, -37.99854099], [145.08180837, -37.99815517], [145.0816501, -37.99796614], [145.08144629, -37.99773752], [145.08120986, -37.99748467], [145.08088131, -37.99714416], [145.08034241, -37.99663422], [145.07985795, -37.99620718], [145.07937178, -37.9957893], [145.07918139, -37.99561857], [145.07807181, -37.99468386], [145.07780308, -37.99444787], [145.07684255, -37.99361516], [145.07596515, -37.99284842], [145.07488541, -37.99190354], [145.07224661, -37.98962297], [145.07150507, -37.98898549], [145.06972202, -37.98743533], [145.06908759, -37.98685268], [145.06866024, -37.98642824], [145.06840061, -37.98616002], [145.06789386, -37.98560703], [145.06773956, -37.98544282], [145.06734721, -37.98499111], [145.06707925, -37.98462398], [145.06675501, -37.98415419], [145.06637783, -37.98361522], [145.06610861, -37.9832232], [145.06601265, -37.98308347], [145.06557546, -37.98246286], [145.06530861, -37.98207601], [145.06475022, -37.98131056], [145.06462986, -37.98113781], [145.06424342, -37.98056218], [145.06406611, -37.98031279], [145.0637236, -37.97981593], [145.0630804, -37.97889128], [145.06228917, -37.9777608], [145.06217248, -37.9775872], [145.06119177, -37.97619531], [145.05930684, -37.97347568], [145.05664345, -37.96965373], [145.05638595, -37.96929153], [145.0561982, -37.96904249], [145.0554357, -37.96811169], [145.05520233, -37.96780603], [145.05500385, -37.96754132], [145.05436255, -37.96661719], [145.05424828, -37.9664485], [145.05424378, -37.96644202], [145.05381584, -37.96581881], [145.05331703, -37.96507782], [145.05321655, -37.96492152], [145.05294861, -37.96448596], [145.05251315, -37.96379521], [145.05212743, -37.96317342], [145.05197605, -37.96295319], [145.05114079, -37.96175684], [145.05059341, -37.9609952], [145.04960923, -37.95955251], [145.04929924, -37.95911157], [145.04769258, -37.95680738], [145.04655608, -37.9551683], [145.04640192, -37.95495108], [145.04579654, -37.95408419], [145.04515825, -37.95316242], [145.04462909, -37.95240934], [145.04384821, -37.95128666], [145.04340226, -37.95064085], [145.04301532, -37.95008786], [145.04269193, -37.94961883], [145.04238305, -37.94918194], [145.04218592, -37.94889569], [145.04209234, -37.94876391], [145.04181134, -37.94835326], [145.04156565, -37.94800131], [145.04187905, -37.94845171], [145.04024933, -37.94611613], [145.03941282, -37.94490769], [145.03922417, -37.94464123], [145.0385604, -37.94369096], [145.03838255, -37.94343396], [145.03817255, -37.94311901], [145.03802907, -37.94289168], [145.03776229, -37.94243557], [145.037634, -37.94220228], [145.03741592, -37.94175508], [145.03717276, -37.94114733], [145.03698222, -37.94063166], [145.03684976, -37.94023032], [145.03671405, -37.93979243], [145.03664193, -37.9395307], [145.0365755, -37.93923067], [145.03652243, -37.9389543], [145.03646075, -37.9385144], [145.0364229, -37.93813239], [145.03641345, -37.93791451], [145.03641507, -37.93766113], [145.03643424, -37.93715914], [145.03642295, -37.93661681], [145.03642879, -37.93637179], [145.03643857, -37.93614558], [145.03645065, -37.93594365], [145.03646939, -37.93555186], [145.03650619, -37.93515217], [145.03659355, -37.93464862], [145.03664375, -37.93437424], [145.03666177, -37.93428685], [145.03675738, -37.9339306], [145.03684158, -37.9336311], [145.03686385, -37.93353406], [145.03694992, -37.93312997], [145.03702413, -37.93271847], [145.03706429, -37.93247474], [145.0370835, -37.93230853], [145.03709884, -37.93212963], [145.03710341, -37.93198372], [145.03710194, -37.93182923], [145.03709173, -37.93169118], [145.03707352, -37.93152912], [145.03704364, -37.93134352], [145.03699752, -37.93114377], [145.03695425, -37.93097849], [145.03683082, -37.93060587], [145.03676176, -37.9304216], [145.03668924, -37.93023962], [145.03657619, -37.92997702], [145.0356353, -37.92792458], [145.03555161, -37.92772637], [145.03548445, -37.92753933], [145.03542465, -37.92735396], [145.03538565, -37.92719938], [145.03534225, -37.92699608], [145.03531685, -37.92684777], [145.0352947, -37.9266541], [145.03528425, -37.92649973], [145.03527966, -37.92632591], [145.03528334, -37.92614484], [145.03528956, -37.92603509], [145.03530195, -37.92588588], [145.03532512, -37.92571207], [145.03537198, -37.92543493], [145.03541785, -37.92519455], [145.03546956, -37.92492749], [145.03552023, -37.92464789], [145.0355699, -37.92441], [145.03579928, -37.9233573], [145.0358311, -37.92319184], [145.03586956, -37.92301188], [145.03604992, -37.92204821], [145.03664035, -37.91881862], [145.03678732, -37.91794577], [145.03694955, -37.91704676], [145.03708575, -37.91630953], [145.03716539, -37.91589812], [145.03722372, -37.91562956], [145.03737552, -37.91498991], [145.03745712, -37.91459034], [145.03751199, -37.91429766], [145.0375846, -37.91390253], [145.0376233, -37.91363607], [145.03765293, -37.91339027], [145.03770073, -37.91294824], [145.03772933, -37.91273676], [145.03777885, -37.91242686], [145.0379549, -37.9115078], [145.03802054, -37.91118213], [145.03809146, -37.91085871], [145.03822595, -37.9102232], [145.03835301, -37.90964063], [145.03850157, -37.90889072], [145.03894396, -37.90648142], [145.03901125, -37.90604592], [145.03905474, -37.90573583], [145.03907595, -37.90556271], [145.03910529, -37.90536566], [145.0391346, -37.90519979], [145.03916896, -37.90501076], [145.03939451, -37.90388327], [145.03982854, -37.90165361], [145.03989921, -37.90130053], [145.04007496, -37.90045492], [145.04038605, -37.89884528], [145.04054024, -37.89806121], [145.04066068, -37.89750359], [145.0409217, -37.89618177], [145.04107903, -37.89536891], [145.04127549, -37.89437557], [145.0415085, -37.89313997], [145.04168277, -37.89219808], [145.04172493, -37.89190311], [145.04175545, -37.89172969], [145.04177772, -37.89152874], [145.04179697, -37.89126988], [145.04181469, -37.89107759], [145.04186895, -37.8906736], [145.04190104, -37.89040639], [145.041943, -37.89015323], [145.0419805, -37.88994379], [145.0421344, -37.88912231], [145.04224265, -37.88856881], [145.0423702, -37.88798598], [145.04243211, -37.88776081], [145.04250745, -37.88754804], [145.04260515, -37.88731959], [145.04272378, -37.88709086], [145.0427911, -37.8869787], [145.04297363, -37.88672869], [145.04304585, -37.88661643], [145.04337217, -37.8862521], [145.04369089, -37.88593001], [145.04387628, -37.88575619], [145.04417151, -37.88541054], [145.04480067, -37.88476016], [145.04505995, -37.88450979], [145.04532086, -37.88425333], [145.04542486, -37.88414277], [145.04553523, -37.88401537], [145.04562207, -37.88390471], [145.04570921, -37.88378233], [145.04579858, -37.88364909], [145.04586421, -37.8835406], [145.04593033, -37.88342247], [145.04598545, -37.88331596], [145.04604556, -37.88318386], [145.04608627, -37.88308054], [145.04615949, -37.8828698], [145.04621785, -37.88265376], [145.04624755, -37.8825152], [145.04626155, -37.88243262], [145.04628556, -37.88223413], [145.04629692, -37.88204507], [145.04629885, -37.88192903], [145.04629445, -37.88180739], [145.04628753, -37.88169498], [145.04628015, -37.88162132], [145.04626142, -37.88147827], [145.04624105, -37.88136708], [145.04621601, -37.88125204], [145.04615097, -37.88101557], [145.04612052, -37.88091558], [145.04602261, -37.88064504], [145.04597744, -37.88053471], [145.04588102, -37.88031547], [145.04584255, -37.88023958], [145.04579668, -37.88015961], [145.04574818, -37.88008463], [145.04567475, -37.87997627], [145.04561034, -37.87989247], [145.04554224, -37.8798105], [145.04533051, -37.87957097], [145.04509993, -37.87933454], [145.04502974, -37.87927137], [145.04486073, -37.87913609], [145.04459624, -37.87895687], [145.04440007, -37.87883393], [145.04404359, -37.87859037], [145.04394033, -37.87852269], [145.04370657, -37.87837678], [145.04351751, -37.87826432], [145.04329511, -37.87813617], [145.0428814, -37.87786876], [145.04213111, -37.87737181], [145.04160134, -37.8770182], [145.04111668, -37.87670013], [145.04095374, -37.87658504], [145.03986009, -37.87567773], [145.03958139, -37.87543914], [145.03940698, -37.87529376], [145.03886802, -37.87480761], [145.03115334, -37.86788004], [145.03064434, -37.86743851], [145.03035655, -37.86720209], [145.03017432, -37.86706143], [145.02998305, -37.86691873], [145.02926025, -37.8663871], [145.02910701, -37.86624656], [145.02872086, -37.86589233], [145.02815724, -37.8652618], [145.02802315, -37.86511924], [145.02779324, -37.86489145], [145.02499391, -37.86233274], [145.02463868, -37.86199686], [145.02439045, -37.86175334], [145.02413719, -37.86149397], [145.02328495, -37.86060741], [145.02045924, -37.8576611], [145.02007672, -37.85727212], [145.01961069, -37.85683117], [145.01934926, -37.85656417], [145.01890469, -37.85610285], [145.01867087, -37.85584911], [145.01831025, -37.85543652], [145.01792704, -37.85502724], [145.01726384, -37.8543446], [145.01573961, -37.85276664], [145.01552126, -37.85254704], [145.01531374, -37.85234717], [145.01509347, -37.85214439], [145.01487021, -37.85194669], [145.01421852, -37.85137931], [145.01401965, -37.85119608], [145.01383587, -37.85102257], [145.01365435, -37.85082845], [145.01352555, -37.85068579], [145.01335435, -37.85048833], [145.01291594, -37.84996149], [145.01267591, -37.84969042], [145.01246059, -37.84946447], [145.01210967, -37.84913313], [145.01192556, -37.84897682], [145.01173837, -37.84882478], [145.01154526, -37.84867742], [145.01134821, -37.84853288], [145.01090416, -37.84824646], [145.01075206, -37.84815503], [145.01059312, -37.84806421], [145.01027263, -37.84789081], [145.01010725, -37.84780736], [145.00993929, -37.84772666], [145.00959611, -37.84757316], [145.00938806, -37.84748709], [145.00911543, -37.84738146], [145.00760315, -37.84681102], [145.00727728, -37.8466943], [145.00705895, -37.84661076], [145.00386948, -37.84546936], [145.0036066, -37.84537749], [145.00325824, -37.84525253], [145.00277618, -37.8450752], [145.0025834, -37.84500101], [145.00225252, -37.8448686], [145.00170937, -37.84463913], [145.00152857, -37.84456316], [145.00125802, -37.84444402], [145.00070985, -37.84421131], [145.00000465, -37.84390636], [144.99921631, -37.84355791], [144.99776677, -37.84290451], [144.99694241, -37.84253579], [144.9965795, -37.84238254], [144.99598249, -37.84215826], [144.99466849, -37.84169683], [144.99448337, -37.84163834], [144.99426863, -37.84157827], [144.99397654, -37.84150444], [144.99384511, -37.84146913], [144.99371751, -37.84143091], [144.99357417, -37.841378], [144.99343826, -37.84131927], [144.99330395, -37.84125191], [144.99315454, -37.841167], [144.99301675, -37.841073], [144.99293613, -37.84101206], [144.99285484, -37.8409466], [144.99274639, -37.8408431], [144.99264271, -37.8407358], [144.99255761, -37.84062648], [144.99247712, -37.84051057], [144.99240807, -37.84039143], [144.99234725, -37.84026693], [144.99229924, -37.84013877], [144.99226107, -37.84001286], [144.99223979, -37.83991319], [144.99222502, -37.83981263], [144.99220967, -37.83961618], [144.99219064, -37.83916536], [144.99219293, -37.83901382], [144.99220584, -37.83886057], [144.99222745, -37.83871729], [144.99226445, -37.83853868], [144.99251091, -37.83734874], [144.99274055, -37.83625916], [144.99285773, -37.83567558], [144.99288156, -37.83553846], [144.99292743, -37.8352168], [144.99298101, -37.83478281], [144.99302226, -37.83448513], [144.99307132, -37.83420498], [144.99336043, -37.83280272], [144.99367657, -37.83133333], [144.99382278, -37.83059181], [144.99390741, -37.83009724], [144.99402123, -37.82946484], [144.99416336, -37.82854212], [144.99417811, -37.82820316], [144.99416211, -37.82790866], [144.99410172, -37.82757933], [144.99401776, -37.82728574], [144.99397894, -37.8271836], [144.99393911, -37.82709389], [144.99384025, -37.82688863], [144.9936948, -37.82663364], [144.99356795, -37.82645962], [144.99334125, -37.82618838], [144.99320884, -37.82605599], [144.99305991, -37.82591719], [144.99286408, -37.825752], [144.99265219, -37.82558456], [144.992329, -37.82533987], [144.99210244, -37.82519372], [144.99157699, -37.82486673], [144.99124147, -37.8246668], [144.99106582, -37.82457044], [144.99083514, -37.82446341], [144.99061324, -37.82437617], [144.99048256, -37.82433114], [144.99015108, -37.82422932], [144.98956521, -37.82406964], [144.9865232, -37.82323714], [144.98625049, -37.82315516], [144.98603499, -37.8230837], [144.98510875, -37.82276137], [144.98482511, -37.82265981], [144.98447563, -37.82251848], [144.98358619, -37.82214746], [144.98332874, -37.82202671], [144.98309993, -37.82191023], [144.98301474, -37.82186363], [144.98260143, -37.82162647], [144.98231827, -37.8214613], [144.98127755, -37.82083517], [144.98110463, -37.82072289], [144.98086315, -37.82055023], [144.98071155, -37.82043156], [144.98047565, -37.82022502], [144.97966945, -37.8194733], [144.97921503, -37.81910314], [144.97903057, -37.81896011], [144.97882595, -37.81881124], [144.97845306, -37.81855909], [144.97819554, -37.81840011], [144.97771695, -37.81811677], [144.97745009, -37.81795466], [144.97707857, -37.81771099], [144.9767031, -37.8174122], [144.97646824, -37.81718918], [144.97626267, -37.81697549], [144.9760495, -37.81671571], [144.97589644, -37.81650094], [144.97574324, -37.816254], [144.97560455, -37.81599154], [144.97540539, -37.81557249], [144.97431862, -37.81321569], [144.97418107, -37.81295766], [144.97403562, -37.81271031], [144.97379558, -37.81234958], [144.97367015, -37.81213006], [144.97358543, -37.81196756], [144.97340745, -37.8115596], [144.97310485, -37.8109114], [144.97278284, -37.8102216], [144.97251705, -37.80971876], [144.97234049, -37.80942157], [144.97215808, -37.80919269], [144.97195156, -37.80898186], [144.97171455, -37.80878484], [144.97151909, -37.8086471], [144.97122772, -37.80847762], [144.97095316, -37.80835006], [144.9706938, -37.80825214], [144.9704469, -37.80818002], [144.97017213, -37.80811833], [144.96991812, -37.80807809], [144.9696449, -37.80805058], [144.96939146, -37.80804359], [144.96911014, -37.80805046], [144.96887776, -37.8080751], [144.96859977, -37.80811402], [144.96820842, -37.80821108], [144.96250921, -37.80988243], [144.9615327, -37.81015886], [144.96016035, -37.81055414], [144.95554802, -37.81186142], [144.95207773, -37.81284702], [144.95161769, -37.81297419], [144.95127985, -37.81309394], [144.95097399, -37.8132401], [144.95079829, -37.81334176], [144.95064269, -37.81344773], [144.9504523, -37.81359609], [144.95027389, -37.81377087], [144.95011843, -37.8139457], [144.94997389, -37.8141528], [144.94990109, -37.8142794], [144.94983917, -37.81441143], [144.94978902, -37.81454051], [144.9497298, -37.81473494], [144.94969667, -37.81490586], [144.94967899, -37.81507281], [144.94967264, -37.81523238], [144.94970126, -37.81549152], [144.94974691, -37.81570553], [144.94981659, -37.81591744], [144.94990617, -37.81610374], [144.95005598, -37.8163265], [144.95018434, -37.8165033], [144.95057412, -37.8170032], [144.95099475, -37.81753014], [144.95174788, -37.8184847], [144.95235024, -37.81925198], [144.95250497, -37.81945726], [144.95261984, -37.81963318], [144.95271852, -37.81977061], [144.9528505, -37.81992764], [144.95293744, -37.82001684], [144.95310179, -37.82015802], [144.95347458, -37.82043558], [144.95394468, -37.82077664], [144.95415443, -37.82091537], [144.95429126, -37.82099579], [144.95441085, -37.82105879], [144.95455065, -37.82112223], [144.95464445, -37.82116071], [144.95470404, -37.82118338], [144.95484496, -37.82123088], [144.95500779, -37.82127913], [144.95508621, -37.82129852], [144.95516107, -37.82131523], [144.95530788, -37.82134283], [144.95539771, -37.82135638], [144.95560568, -37.82137846], [144.95569559, -37.8213848], [144.95586553, -37.82138946], [144.95597995, -37.82138892], [144.95611248, -37.82138212], [144.95628547, -37.8213671], [144.95642447, -37.82134816], [144.95659975, -37.82131587], [144.95673535, -37.82128452], [144.95684465, -37.82125533], [144.95700911, -37.8212033], [144.95713711, -37.82115488], [144.95721445, -37.82112296], [144.95729944, -37.82108533], [144.95742604, -37.82102183], [144.95756734, -37.82094462], [144.95763386, -37.82090513], [144.95811704, -37.82059936], [144.95826108, -37.82051318], [144.95847099, -37.82039877], [144.9586361, -37.82031908], [144.95881908, -37.82023781], [144.95903887, -37.8201525], [144.95928805, -37.82006841], [144.96020059, -37.81980144], [144.96042305, -37.8197386], [144.96056715, -37.8197037], [144.96075515, -37.8196628], [144.96094274, -37.81962892], [144.96110071, -37.81960597], [144.96125831, -37.81958824], [144.96141056, -37.81957484], [144.96165206, -37.8195591], [144.96178355, -37.81955327], [144.96207065, -37.81952751], [144.96231167, -37.81949176], [144.96241885, -37.81946946], [144.9636657, -37.81918598], [144.96394203, -37.81911804], [144.96422211, -37.81905421], [144.96439401, -37.81900816], [144.96452214, -37.81896712], [144.96460997, -37.81894169], [144.96473181, -37.81891072], [144.96488028, -37.81887806], [144.96514948, -37.81881314], [144.96615592, -37.81854269], [144.96663863, -37.81841774]]}}, {"type": "Feature", "properties": {"route_id": "aus:vic:vic-02-GWY:", "short_name": "Glen Waverley", "long_name": "Glen Waverley - City", "route_type": "train", "color": "152C6B", "text_color": "FFFFFF"}, "geometry": {"type": "LineString", "coordinates": [[144.9664867, -37.81812143], [144.96528216, -37.8184701], [144.96504236, -37.81854391], [144.96481751, -37.81862789], [144.9643696, -37.81880903], [144.96405264, -37.81893359], [144.96394214, -37.81897358], [144.9638153, -37.81901284], [144.96360843, -37.81907091], [144.96317673, -37.81919961], [144.96297097, -37.81925417], [144.96281064, -37.81929249], [144.96267283, -37.81932183], [144.96223244, -37.81940712], [144.96210179, -37.81942793], [144.96185932, -37.81944599], [144.96174188, -37.81944927], [144.96164991, -37.81945579], [144.96149772, -37.81945829], [144.96134375, -37.81946797], [144.96122893, -37.81947932], [144.96105646, -37.81950067], [144.96091536, -37.81952139], [144.96078466, -37.81954426], [144.96050813, -37.81960274], [144.96026432, -37.8196652], [144.95959007, -37.81985989], [144.95930257, -37.81994529], [144.95920175, -37.81997626], [144.95906713, -37.82002151], [144.95883736, -37.8201062], [144.95861668, -37.82019916], [144.95847546, -37.82026547], [144.95839516, -37.82030607], [144.95818763, -37.82042053], [144.95802428, -37.82051917], [144.95758906, -37.82080351], [144.9574851, -37.82086596], [144.95731938, -37.82095527], [144.95721993, -37.82100248], [144.95704834, -37.82107394], [144.95684054, -37.82114459], [144.95669559, -37.82118551], [144.95649615, -37.82122891], [144.95639675, -37.82124548], [144.95622703, -37.82126561], [144.95601882, -37.82128101], [144.95588446, -37.82128408], [144.95566595, -37.82127749], [144.95556551, -37.82126971], [144.95539893, -37.82125042], [144.95530006, -37.82123518], [144.95508564, -37.82118721], [144.9549618, -37.82115496], [144.95475656, -37.8210875], [144.95466995, -37.82105581], [144.95447148, -37.8209654], [144.95431935, -37.82088354], [144.95423978, -37.82083611], [144.95403984, -37.82070413], [144.95382078, -37.82054478], [144.95370535, -37.82045473], [144.95356968, -37.82033224], [144.95338015, -37.82018557], [144.95331288, -37.820137], [144.95317464, -37.81998401], [144.95307775, -37.8198604], [144.95300043, -37.81975173], [144.95276843, -37.81941137], [144.95265795, -37.8192285], [144.95259441, -37.81913511], [144.95251019, -37.81902181], [144.95197929, -37.8183531], [144.95170573, -37.81800824], [144.9516099, -37.81788329], [144.95147762, -37.81770409], [144.9505019, -37.81651369], [144.95031353, -37.81627214], [144.95016918, -37.81604506], [144.95007764, -37.81585539], [144.95001636, -37.81570968], [144.94996412, -37.81552007], [144.9499359, -37.81535367], [144.94992193, -37.81513588], [144.94992929, -37.81493126], [144.94996516, -37.81473111], [144.95003061, -37.81450064], [144.95011559, -37.8143072], [144.95022056, -37.8141178], [144.95033294, -37.81395628], [144.95048182, -37.81377729], [144.95063334, -37.81362997], [144.95082646, -37.81347319], [144.95104505, -37.81333227], [144.95128107, -37.81320192], [144.95149836, -37.81310774], [144.95181467, -37.81298212], [144.95239261, -37.81278112], [144.95257374, -37.81272533], [144.95420592, -37.81226553], [144.95513623, -37.811998], [144.96016696, -37.8105657], [144.96153907, -37.81017086], [144.96248378, -37.80990686], [144.96669316, -37.80867589], [144.96818387, -37.80823661], [144.96860267, -37.80813263], [144.96888269, -37.80808979], [144.96910525, -37.80806749], [144.96938748, -37.80805596], [144.96963116, -37.80806295], [144.96972998, -37.80807133], [144.96991321, -37.80809134], [144.97015843, -37.80812909], [144.97044004, -37.80819009], [144.970685, -37.80826217], [144.97094043, -37.80836254], [144.97121591, -37.80848607], [144.97150824, -37.80865331], [144.97170183, -37.80879723], [144.97192702, -37.80898189], [144.97214144, -37.80919889], [144.97232383, -37.80942859], [144.97249634, -37.80972417], [144.97276735, -37.81022728], [144.97308958, -37.81091763], [144.97339132, -37.81156392], [144.97356794, -37.81197582], [144.97393444, -37.81274642], [144.97529764, -37.81559533], [144.97551997, -37.81605208], [144.97565097, -37.81628819], [144.97581088, -37.81653498], [144.97596399, -37.81674371], [144.97616627, -37.81699069], [144.97642608, -37.81726073], [144.97668109, -37.8174859], [144.9769444, -37.81769058], [144.97712197, -37.8178188], [144.97732417, -37.81795646], [144.97752635, -37.81808258], [144.97781909, -37.81825757], [144.97920159, -37.81907092], [144.97981694, -37.81938481], [144.98000295, -37.81949137], [144.98122658, -37.82021636], [144.98169667, -37.82052108], [144.98262615, -37.82110214], [144.98304735, -37.82133772], [144.98359695, -37.82163082], [144.98397435, -37.82181463], [144.98446142, -37.82203863], [144.98495926, -37.8222555], [144.98563005, -37.82254202], [144.98640136, -37.82285008], [144.98673545, -37.82295996], [144.98717725, -37.82306548], [144.98780285, -37.82320909], [144.98805047, -37.82326947], [144.98968607, -37.82371862], [144.9903646, -37.82390521], [144.99048655, -37.82394109], [144.99062732, -37.8239871], [144.99090059, -37.82408594], [144.99122021, -37.82422729], [144.99146284, -37.82435868], [144.99168451, -37.82449241], [144.9919199, -37.82465611], [144.99228579, -37.8249474], [144.99281758, -37.82536343], [144.99303157, -37.82552479], [144.99316723, -37.82561677], [144.99329362, -37.82569471], [144.99337438, -37.82574124], [144.99352405, -37.82581958], [144.9935772, -37.82584563], [144.99374452, -37.82591814], [144.99387566, -37.82596714], [144.99402576, -37.82601692], [144.9941886, -37.82606169], [144.99446295, -37.8261217], [144.9946715, -37.82615679], [144.99488947, -37.82618403], [144.99504375, -37.82620116], [144.99511812, -37.82620702], [144.99527218, -37.82621541], [144.99550898, -37.8262226], [144.99565855, -37.82623326], [144.99591305, -37.82625814], [144.9967777, -37.8263572], [144.9971365, -37.82639476], [144.99864756, -37.8265632], [144.99927248, -37.82662888], [145.00108038, -37.82683262], [145.00432803, -37.82719231], [145.00480594, -37.82724123], [145.00555707, -37.82729974], [145.00593638, -37.82732698], [145.00679325, -37.82738682], [145.0071528, -37.82740958], [145.00769332, -37.82745396], [145.00813988, -37.82749432], [145.00913626, -37.82759291], [145.00943668, -37.82764269], [145.0095601, -37.82766703], [145.00986925, -37.82772183], [145.01008855, -37.82775491], [145.01034121, -37.82778108], [145.01047397, -37.82779197], [145.01071124, -37.82780301], [145.01087656, -37.82780707], [145.01118113, -37.82780401], [145.01147457, -37.82779257], [145.01176365, -37.82777393], [145.0119192, -37.82776114], [145.01215105, -37.82773703], [145.01258335, -37.82768657], [145.01287095, -37.82765564], [145.01314425, -37.82763259], [145.01336926, -37.82762206], [145.01358545, -37.82761859], [145.01393343, -37.82762382], [145.01557825, -37.82766228], [145.01623135, -37.82767374], [145.01656757, -37.82768544], [145.01669847, -37.82769324], [145.0169038, -37.82771364], [145.01719291, -37.82775347], [145.01732652, -37.82777474], [145.01754374, -37.82781336], [145.01766035, -37.82783749], [145.01777845, -37.82786507], [145.01801467, -37.82793276], [145.01812623, -37.82797132], [145.01825551, -37.82801847], [145.01839929, -37.82807613], [145.01850704, -37.82812552], [145.0186577, -37.82820196], [145.01879989, -37.8282805], [145.01892602, -37.82836048], [145.01901826, -37.82842061], [145.01920625, -37.82855427], [145.01937238, -37.82868097], [145.01961725, -37.82889236], [145.01970673, -37.8289793], [145.01980325, -37.82907906], [145.01987683, -37.82916177], [145.01997815, -37.82928576], [145.02008477, -37.82942877], [145.02013844, -37.82950799], [145.02020988, -37.82962364], [145.02030209, -37.82979119], [145.02035155, -37.82989196], [145.02044903, -37.83011331], [145.02151829, -37.83284879], [145.02160545, -37.83303986], [145.02169073, -37.83321207], [145.02180499, -37.83340522], [145.02190229, -37.83356096], [145.02219755, -37.83399695], [145.0223415, -37.83418907], [145.0224437, -37.83431903], [145.02256344, -37.83446018], [145.02274039, -37.83465907], [145.02294197, -37.83485909], [145.02311707, -37.83502064], [145.02341707, -37.83527098], [145.02373096, -37.83552047], [145.02395899, -37.83570841], [145.02415278, -37.83587252], [145.02431185, -37.83602623], [145.0244229, -37.83614434], [145.02452501, -37.83626078], [145.02462764, -37.83639209], [145.02475304, -37.83656416], [145.02492264, -37.83686448], [145.02503458, -37.83707264], [145.02513994, -37.83725482], [145.02525319, -37.83742687], [145.02536785, -37.83759263], [145.02550799, -37.83775791], [145.02564084, -37.83790622], [145.02575011, -37.83801052], [145.02589285, -37.83813763], [145.02607264, -37.83828159], [145.0263919, -37.83850936], [145.02670429, -37.83869204], [145.02700004, -37.83883451], [145.02719455, -37.83891663], [145.02738094, -37.83898806], [145.02762245, -37.83906744], [145.0277616, -37.83910772], [145.02791801, -37.83914846], [145.02829886, -37.83922738], [145.02861328, -37.83927031], [145.02901167, -37.83931321], [145.02938379, -37.83934873], [145.03011537, -37.8394255], [145.03239337, -37.83965753], [145.03259612, -37.83968246], [145.03277563, -37.83970952], [145.03294734, -37.83973906], [145.0331409, -37.83977609], [145.03335495, -37.83982445], [145.03359859, -37.83988854], [145.03383696, -37.83995822], [145.03407231, -37.84003479], [145.03433376, -37.84013423], [145.03455703, -37.8402251], [145.03478235, -37.84032439], [145.03495741, -37.84040769], [145.03514724, -37.84050386], [145.03531294, -37.84059314], [145.03560123, -37.8407562], [145.03575745, -37.84085578], [145.03595785, -37.84099511], [145.03632619, -37.84127629], [145.03657459, -37.84149519], [145.03691924, -37.84183843], [145.03721132, -37.84218908], [145.03752819, -37.84260323], [145.03781816, -37.84301621], [145.03804236, -37.8433724], [145.03828196, -37.84379112], [145.03840118, -37.84401813], [145.03879784, -37.84478822], [145.03939752, -37.84596019], [145.03950025, -37.84619197], [145.03971784, -37.84669557], [145.03993832, -37.84718462], [145.04007526, -37.84744644], [145.04022635, -37.84771922], [145.04050134, -37.84808977], [145.04069178, -37.8483186], [145.04088204, -37.84853282], [145.04106186, -37.84872948], [145.04133284, -37.84898568], [145.04151848, -37.84915117], [145.04173011, -37.84932663], [145.04195859, -37.84950544], [145.04223935, -37.84971009], [145.04257564, -37.8499252], [145.04279703, -37.85005838], [145.04315005, -37.85025548], [145.04352816, -37.85044498], [145.04395201, -37.85064091], [145.0443463, -37.85079453], [145.04468561, -37.85091309], [145.0452743, -37.85111211], [145.04696142, -37.85163523], [145.04766896, -37.85184459], [145.04806645, -37.85193788], [145.04824163, -37.85197512], [145.04861543, -37.85207026], [145.04894586, -37.85216802], [145.04949305, -37.85234687], [145.05131927, -37.85296361], [145.05218745, -37.85325446], [145.05240307, -37.85333571], [145.05258947, -37.85341774], [145.05286212, -37.8535522], [145.05314911, -37.85370294], [145.05336209, -37.85382442], [145.05365155, -37.85400683], [145.05384955, -37.85414042], [145.05408736, -37.85431648], [145.05421563, -37.85441782], [145.05434951, -37.85452592], [145.05454884, -37.85470422], [145.05472319, -37.85486887], [145.05499597, -37.855154], [145.05522936, -37.85543362], [145.05587837, -37.85631561], [145.05601981, -37.85649557], [145.05629947, -37.85686994], [145.05676947, -37.85747131], [145.05714768, -37.85791499], [145.05776381, -37.85859194], [145.05783098, -37.8586701], [145.05795311, -37.85881522], [145.05826521, -37.85923185], [145.05837464, -37.85938037], [145.05848854, -37.85954049], [145.05859605, -37.85970124], [145.05868533, -37.85984221], [145.05871918, -37.85990811], [145.05877348, -37.86000453], [145.05890058, -37.860264], [145.05900532, -37.86049147], [145.05919637, -37.86092557], [145.05937438, -37.8614456], [145.06061563, -37.86549588], [145.06070348, -37.86577002], [145.06084428, -37.86615327], [145.0609771, -37.86645934], [145.06128819, -37.8669685], [145.06145988, -37.86721843], [145.06168651, -37.8674936], [145.06201784, -37.86787692], [145.06223097, -37.86812041], [145.06242194, -37.86832921], [145.06255366, -37.86847836], [145.06270943, -37.86865512], [145.06294895, -37.86893284], [145.06335988, -37.86939831], [145.06345847, -37.86951447], [145.06358224, -37.86966781], [145.06384229, -37.8700085], [145.06409952, -37.87038754], [145.0643253, -37.87076073], [145.06440244, -37.87089754], [145.06450832, -37.87109998], [145.06460261, -37.8712896], [145.06474555, -37.87160097], [145.06556705, -37.87355598], [145.065651, -37.87374111], [145.06576328, -37.8739687], [145.06586381, -37.87415474], [145.06593573, -37.87427794], [145.06606341, -37.87447757], [145.06621117, -37.87468764], [145.0663363, -37.87485001], [145.06646714, -37.87500716], [145.06665994, -37.87521688], [145.06682415, -37.87537621], [145.06700308, -37.87553334], [145.06709293, -37.87560601], [145.06720809, -37.87569351], [145.06743847, -37.87586122], [145.06788165, -37.87616543], [145.06814353, -37.87633753], [145.06832986, -37.87644702], [145.06848318, -37.87652713], [145.06864359, -37.87660591], [145.0688176, -37.87668636], [145.06918101, -37.87683263], [145.0699055, -37.87711424], [145.07010269, -37.87718624], [145.07029778, -37.87724774], [145.07049294, -37.87730186], [145.07062882, -37.87733617], [145.07083084, -37.87738021], [145.07103023, -37.87741637], [145.07117994, -37.87743901], [145.07138772, -37.87746261], [145.07157041, -37.87747632], [145.07181318, -37.877484], [145.07197281, -37.87748364], [145.07218359, -37.87747529], [145.07246775, -37.87745624], [145.07269725, -37.87743648], [145.07417023, -37.87729802], [145.07456467, -37.8772659], [145.07502475, -37.87724143], [145.07592785, -37.87720934], [145.07624669, -37.87719482], [145.07669644, -37.87716486], [145.07851002, -37.87702254], [145.07976389, -37.87692837], [145.08044571, -37.87684929], [145.08062313, -37.87682541], [145.08080908, -37.87679664], [145.08112119, -37.87674306], [145.08137267, -37.87669507], [145.08165535, -37.87663659], [145.08188349, -37.87658588], [145.08312454, -37.87628366], [145.08824494, -37.87501977], [145.08856255, -37.87493787], [145.08894385, -37.87482844], [145.08931683, -37.87471572], [145.08980415, -37.87456439], [145.0902473, -37.87444154], [145.09033996, -37.87441943], [145.09044096, -37.87439539], [145.09061884, -37.87435754], [145.09072578, -37.87433729], [145.09093836, -37.87430262], [145.09115931, -37.87426997], [145.09126085, -37.87425612], [145.09158824, -37.87422214], [145.09179514, -37.87420512], [145.09283695, -37.87412703], [145.0929785, -37.87411346], [145.09337149, -37.87408837], [145.09413238, -37.87403239], [145.09583215, -37.87390409], [145.09649104, -37.87385707], [145.10095199, -37.87352378], [145.10353066, -37.87333358], [145.10744232, -37.87304039], [145.10816094, -37.87299148], [145.10838458, -37.87298164], [145.10856477, -37.87297733], [145.10877761, -37.87297669], [145.10900739, -37.87298066], [145.10931239, -37.87299502], [145.10953965, -37.87301273], [145.109711, -37.87302963], [145.109969, -37.8730591], [145.11025847, -37.87309817], [145.11051418, -37.87313742], [145.11062824, -37.87315836], [145.11088086, -37.87320693], [145.11113164, -37.87326106], [145.11140265, -37.8733285], [145.11153685, -37.87336697], [145.11159911, -37.87338166], [145.11201358, -37.8735079], [145.112242, -37.87358294], [145.11273519, -37.87376496], [145.1133203, -37.8739854], [145.11349471, -37.87405632], [145.11395615, -37.87423098], [145.11455021, -37.87442569], [145.11506374, -37.87456873], [145.11563783, -37.87469986], [145.11625337, -37.87480163], [145.11676431, -37.87486821], [145.1172257, -37.87491587], [145.11965709, -37.87511696], [145.12111492, -37.8752345], [145.12206306, -37.87529911], [145.12262478, -37.87530023], [145.12280241, -37.87529829], [145.12325926, -37.87528323], [145.12426654, -37.87528], [145.1261695, -37.87526633], [145.12709079, -37.87525568], [145.12771483, -37.87525164], [145.12945087, -37.87523914], [145.13083677, -37.87524782], [145.13864554, -37.87520774], [145.13903322, -37.87520783], [145.13935272, -37.87521144], [145.13985931, -37.8752254], [145.14013182, -37.87523944], [145.1404276, -37.87525943], [145.14084826, -37.87529546], [145.1413604, -37.87534671], [145.141662, -37.87537941], [145.14254089, -37.87549043], [145.14301257, -37.87554591], [145.14641922, -37.87593206], [145.14692965, -37.87598858], [145.14723663, -37.87602], [145.14779969, -37.8760678], [145.14903313, -37.87615894], [145.14936975, -37.8761873], [145.14964204, -37.87621492], [145.14995885, -37.87625343], [145.15022661, -37.87629368], [145.1503834, -37.87632066], [145.15067646, -37.87637681], [145.15101, -37.876451], [145.1511446, -37.8764833], [145.15185503, -37.87667154], [145.1575786, -37.87822311], [145.15958517, -37.87876899], [145.16056501, -37.87903872], [145.16079375, -37.87911736], [145.1610815, -37.87922766], [145.16127632, -37.87929883], [145.16144055, -37.87935619], [145.16171203, -37.87944433], [145.1620002, -37.87952886], [145.16288188, -37.87977324]]}}, {"type": "Feature", "properties": {"route_id": "aus:vic:vic-02-HBE:", "short_name": "Hurstbridge", "long_name": "Hurstbridge - City", "route_type": "train", "color": "BE1014", "text_color": "FFFFFF"}, "geometry": {"type": "LineString", "coordinates": [[144.9662735, -37.81811612], [144.96532987, -37.8183872], [144.96503173, -37.81847604], [144.96490487, -37.81851639], [144.96477581, -37.81856219], [144.96468325, -37.81859826], [144.96445246, -37.81869583], [144.96432768, -37.81873873], [144.96388241, -37.81888171], [144.96370573, -37.81894489], [144.96354936, -37.81901293], [144.96336177, -37.8190843], [144.9630516, -37.81918068], [144.96291272, -37.81922018], [144.96280696, -37.81924467], [144.9624358, -37.81931971], [144.96216382, -37.81937006], [144.96177564, -37.81943589], [144.96164984, -37.81945002], [144.96134375, -37.81946797], [144.96122893, -37.81947932], [144.96105646, -37.81950067], [144.96091536, -37.81952139], [144.96072286, -37.81955653], [144.96050813, -37.81960274], [144.96026432, -37.8196652], [144.95959007, -37.81985989], [144.95930257, -37.81994529], [144.95920175, -37.81997626], [144.95906713, -37.82002151], [144.95883736, -37.8201062], [144.95861668, -37.82019916], [144.95847546, -37.82026547], [144.95839516, -37.82030607], [144.95818763, -37.82042053], [144.95802428, -37.82051917], [144.95758906, -37.82080351], [144.9574851, -37.82086596], [144.95731938, -37.82095527], [144.95721993, -37.82100248], [144.95704834, -37.82107394], [144.95684054, -37.82114459], [144.95669559, -37.82118551], [144.95649615, -37.82122891], [144.95639675, -37.82124548], [144.95622703, -37.82126561], [144.95601882, -37.82128101], [144.95588446, -37.82128408], [144.95566595, -37.82127749], [144.95556551, -37.82126971], [144.95539893, -37.82125042], [144.95530006, -37.82123518], [144.95508564, -37.82118721], [144.9549618, -37.82115496], [144.95486955, -37.82112614], [144.95466995, -37.82105581], [144.95447148, -37.8209654], [144.95431935, -37.82088354], [144.95423978, -37.82083611], [144.95403984, -37.82070413], [144.95382078, -37.82054478], [144.95370535, -37.82045473], [144.95356968, -37.82033224], [144.95340487, -37.82017068], [144.95323857, -37.81997692], [144.95314317, -37.8198445], [144.95296279, -37.8195639], [144.95271608, -37.81915588], [144.95263173, -37.81899743], [144.95259269, -37.8189343], [144.95255741, -37.81888331], [144.95243853, -37.81872489], [144.95227688, -37.81849021], [144.95212754, -37.81829963], [144.95171753, -37.8177827], [144.95160998, -37.81765034], [144.9511996, -37.81722109], [144.95111148, -37.81712529], [144.95099375, -37.81698699], [144.95084472, -37.8168019], [144.95072356, -37.81665642], [144.95039726, -37.81623494], [144.95027098, -37.81603628], [144.95018242, -37.81584162], [144.95010633, -37.81563979], [144.95007135, -37.81549147], [144.95005211, -37.81534956], [144.95003933, -37.81514207], [144.95005604, -37.81494447], [144.95008661, -37.81475918], [144.9501509, -37.81454194], [144.95024555, -37.81432722], [144.95035106, -37.81415143], [144.95043225, -37.81402938], [144.95052069, -37.81392026], [144.95068727, -37.8137459], [144.95081707, -37.81363209], [144.95094667, -37.81352998], [144.95116224, -37.81339117], [144.95140722, -37.81325701], [144.95173393, -37.81312896], [144.95196198, -37.81304858], [144.95560765, -37.81201818], [144.95603204, -37.81189821], [144.95914529, -37.81098849], [144.96161696, -37.81027134], [144.96252943, -37.81000236], [144.96340739, -37.80974891], [144.96835425, -37.80830678], [144.96865098, -37.80823881], [144.96888816, -37.80820523], [144.96913389, -37.8081828], [144.96940161, -37.80817471], [144.96963354, -37.8081833], [144.96989556, -37.808209], [144.97014114, -37.80825009], [144.97037554, -37.80830559], [144.97063863, -37.80838771], [144.97087788, -37.80848186], [144.97113332, -37.80860252], [144.97138307, -37.80874867], [144.97157991, -37.80889021], [144.97177898, -37.80906612], [144.97195365, -37.80924567], [144.97213172, -37.809467], [144.97228375, -37.80972267], [144.97251798, -37.8102994], [144.97285703, -37.81103078], [144.97334372, -37.81208732], [144.97352202, -37.81240472], [144.97418389, -37.81347769], [144.97432885, -37.81374342], [144.97461768, -37.81425611], [144.97479324, -37.8145157], [144.97497256, -37.81472966], [144.97516678, -37.81491774], [144.97537917, -37.81509784], [144.97565538, -37.81528282], [144.97585443, -37.8153897], [144.97596495, -37.81544423], [144.97614606, -37.81551358], [144.97629415, -37.81556497], [144.97644903, -37.8156089], [144.97661133, -37.81564774], [144.97669506, -37.81566378], [144.97686132, -37.81569061], [144.9770364, -37.81571443], [144.98145171, -37.8162061], [144.98192111, -37.81625587], [144.98410043, -37.81650029], [144.98669583, -37.81678829], [144.9869323, -37.81681072], [144.98720585, -37.8168272], [144.98744738, -37.81683079], [144.98779908, -37.81682688], [144.98807633, -37.81680332], [144.98839373, -37.81676143], [144.98863895, -37.81670831], [144.98891488, -37.81662903], [144.98917898, -37.81654162], [144.98947932, -37.81642906], [144.98971937, -37.81632808], [144.98984651, -37.81626852], [144.98994208, -37.81621716], [144.990544, -37.81586228], [144.99096104, -37.81547594], [144.99109962, -37.81533384], [144.99124651, -37.81516161], [144.99131145, -37.81507918], [144.99146645, -37.81485932], [144.99151255, -37.81478035], [144.99156195, -37.81470144], [144.99162857, -37.81457776], [144.99171132, -37.81439984], [144.99179595, -37.81417761], [144.99183569, -37.81405266], [144.99188688, -37.81384843], [144.99203152, -37.81306353], [144.99204786, -37.81295513], [144.99224958, -37.81178596], [144.9923935, -37.81096392], [144.99249964, -37.81038357], [144.99253253, -37.81017992], [144.99258805, -37.80983689], [144.99270063, -37.80918211], [144.99273961, -37.80897992], [144.9927928, -37.80877347], [144.99285541, -37.80858376], [144.99300467, -37.80821429], [144.99310315, -37.80795859], [144.99316619, -37.80774456], [144.99319425, -37.80761833], [144.99327099, -37.80720879], [144.99345592, -37.80614251], [144.99352302, -37.8057155], [144.99360388, -37.80522492], [144.99364079, -37.80502369], [144.99376595, -37.80426847], [144.99378205, -37.80416042], [144.99383019, -37.80391747], [144.99403387, -37.8027157], [144.99406876, -37.80252182], [144.99413917, -37.80203539], [144.99415162, -37.80193602], [144.99417462, -37.80156873], [144.9941706, -37.80141933], [144.99416126, -37.80126084], [144.9941532, -37.8007108], [144.99416256, -37.80060381], [144.99429724, -37.79978603], [144.99442344, -37.79904209], [144.99453729, -37.79836399], [144.99460155, -37.79796586], [144.99464103, -37.79778288], [144.99471143, -37.7973634], [144.99493083, -37.79609539], [144.99516995, -37.79464378], [144.99528144, -37.7939478], [144.99530145, -37.7937451], [144.99531356, -37.79341052], [144.99530822, -37.7931964], [144.99528814, -37.79297698], [144.9952667, -37.79277899], [144.99523559, -37.79260633], [144.99518722, -37.79236246], [144.99515609, -37.79222432], [144.99508267, -37.79184827], [144.99504537, -37.79163198], [144.99503915, -37.79137053], [144.99506078, -37.79110397], [144.99505906, -37.79103319], [144.99506402, -37.79092523], [144.9950655, -37.79077394], [144.99510534, -37.79042181], [144.99513696, -37.79022643], [144.99518443, -37.78999969], [144.99527692, -37.78967386], [144.99546495, -37.78862863], [144.99556404, -37.78802913], [144.9955864, -37.78768093], [144.99560557, -37.78755149], [144.9956513, -37.78730453], [144.99573476, -37.78680859], [144.99577857, -37.78657836], [144.99580729, -37.78645269], [144.99585313, -37.7863109], [144.99591303, -37.78616593], [144.9959765, -37.78602759], [144.99603776, -37.78591184], [144.99618578, -37.78566176], [144.9962359, -37.78558844], [144.99735952, -37.78378283], [144.99751075, -37.78354371], [144.99764474, -37.78332493], [144.99783499, -37.78300292], [144.99798745, -37.78273083], [144.99812695, -37.78247583], [144.99844812, -37.78183369], [144.99874991, -37.78127044], [144.99887334, -37.78108464], [144.99899231, -37.78092139], [144.99908268, -37.78080388], [144.99920905, -37.78064822], [144.99925793, -37.78059138], [144.9993101, -37.78053071], [144.99945463, -37.7803751], [144.99958187, -37.78025056], [144.99970804, -37.78013149], [144.99983866, -37.78002043], [144.99995955, -37.77992461], [145.00004668, -37.77986427], [145.00015097, -37.77979458], [145.00033117, -37.77968472], [145.00060685, -37.77954566], [145.00079713, -37.77946652], [145.00093467, -37.77941424], [145.00112776, -37.7793529], [145.0013009, -37.77930691], [145.00147408, -37.77926776], [145.00176805, -37.77921679], [145.00197334, -37.77919558], [145.00250489, -37.77917638], [145.00488537, -37.77918167], [145.00825929, -37.77917641], [145.01021454, -37.77917413], [145.01035405, -37.77917126], [145.01067634, -37.77917319], [145.0123728, -37.77917209], [145.01557865, -37.77915937], [145.01695396, -37.77915612], [145.01821672, -37.77915386], [145.01972475, -37.77915498], [145.02008331, -37.77915109], [145.02177639, -37.77914908], [145.02419403, -37.77913658], [145.02750844, -37.77914464], [145.02780612, -37.7791416], [145.02801372, -37.7791357], [145.02821506, -37.77912574], [145.02840723, -37.77911102], [145.02863234, -37.77908676], [145.02883213, -37.77905856], [145.0291847, -37.77899786], [145.0294866, -37.77892974], [145.02963008, -37.77889267], [145.02994206, -37.77879993], [145.0311146, -37.77842328], [145.03244482, -37.77799176], [145.03259201, -37.77794321], [145.03274118, -37.77788856], [145.03345091, -37.77767007], [145.03374728, -37.77757048], [145.03453451, -37.7772938], [145.03571336, -37.77690901], [145.03617337, -37.77676492], [145.0363383, -37.77670657], [145.03666152, -37.77656127], [145.03697129, -37.77639278], [145.03720069, -37.77624024], [145.03743268, -37.77606306], [145.03768074, -37.77584901], [145.03788927, -37.77563593], [145.03840612, -37.77503335], [145.03961062, -37.77362817], [145.04030528, -37.77280027], [145.04071426, -37.77231691], [145.04101613, -37.77197768], [145.04166787, -37.77121763], [145.04212388, -37.77068117], [145.04232635, -37.77043418], [145.04249944, -37.77025501], [145.04267642, -37.77009178], [145.04285118, -37.76994805], [145.04312697, -37.76976627], [145.04337642, -37.76963587], [145.04368759, -37.7694981], [145.04395707, -37.76939633], [145.04543053, -37.76886646], [145.04692095, -37.76832983], [145.04722345, -37.76821481], [145.04732165, -37.76818039], [145.04757925, -37.76807201], [145.04787302, -37.76793097], [145.04824595, -37.7676977], [145.04986057, -37.76653261], [145.05061829, -37.76598984], [145.05110512, -37.76563778], [145.05127405, -37.7655117], [145.05284595, -37.76439209], [145.05361926, -37.76383289], [145.05420837, -37.7634104], [145.05451817, -37.76316337], [145.05481462, -37.76290998], [145.05505475, -37.76268306], [145.05533895, -37.76240324], [145.05562204, -37.76207033], [145.05601758, -37.76158264], [145.05679142, -37.76064113], [145.05707031, -37.76028174], [145.05731715, -37.76001022], [145.05757189, -37.75974523], [145.05789377, -37.75944296], [145.058225, -37.75916518], [145.05922133, -37.75839061], [145.05946933, -37.75819148], [145.05953966, -37.7581282], [145.05973784, -37.75794158], [145.05986073, -37.75780852], [145.06000628, -37.75765978], [145.06018651, -37.75748684], [145.06074909, -37.75704235], [145.06119795, -37.7567016], [145.06147246, -37.7565303], [145.06185382, -37.7563137], [145.06198357, -37.756235], [145.06210663, -37.75615583], [145.06224978, -37.75605527], [145.06235502, -37.75597634], [145.06242551, -37.75591973], [145.06302602, -37.75545603], [145.06314768, -37.75536556], [145.06365338, -37.75497257], [145.06386517, -37.75481186], [145.06471606, -37.75415192], [145.0649296, -37.75400259], [145.06509576, -37.75385896], [145.06526276, -37.75372256], [145.06542812, -37.75357081], [145.06554181, -37.75345894], [145.06565199, -37.75333828], [145.0657257, -37.75325343], [145.06587445, -37.75306391], [145.06599061, -37.75289189], [145.06608982, -37.7527258], [145.06614449, -37.75262721], [145.06620925, -37.75249408], [145.06630296, -37.75227339], [145.06633259, -37.75218591], [145.06639173, -37.75198934], [145.06643454, -37.75180539], [145.06646121, -37.75165749], [145.06647493, -37.75155768], [145.06649995, -37.75133757], [145.06662354, -37.74986866], [145.06665485, -37.74947229], [145.06681097, -37.74762964], [145.06683171, -37.74732547], [145.06684262, -37.74705448], [145.06684707, -37.74691378], [145.06684571, -37.7466389], [145.06684266, -37.74652061], [145.06682881, -37.74625498], [145.06681166, -37.74601561], [145.06679775, -37.7458565], [145.0667623, -37.74556131], [145.066703, -37.74517986], [145.06664524, -37.74488737], [145.06661137, -37.74473217], [145.06654891, -37.74446781], [145.06623224, -37.74319174], [145.0658087, -37.74147828], [145.06577607, -37.74134103], [145.06571145, -37.74103771], [145.06566748, -37.7407696], [145.06564391, -37.74061114], [145.065423, -37.73902717], [145.06535948, -37.73858598], [145.06532591, -37.73830633], [145.06530361, -37.73808184], [145.06528969, -37.73781864], [145.06528731, -37.73769207], [145.06528936, -37.73755242], [145.06529552, -37.73739012], [145.0653095, -37.73714946], [145.06532635, -37.73699897], [145.06536385, -37.73672237], [145.06538377, -37.73661546], [145.06544089, -37.7363436], [145.06550671, -37.73609064], [145.06556167, -37.73590598], [145.06559298, -37.73580628], [145.06563905, -37.73567528], [145.06574929, -37.73539844], [145.06581318, -37.73524574], [145.06605539, -37.73469864], [145.06623315, -37.73431277], [145.06630405, -37.73414758], [145.06658761, -37.7335113], [145.06663228, -37.73342119], [145.06691289, -37.73279333], [145.06706923, -37.73244938], [145.06712514, -37.73231989], [145.06725999, -37.73202552], [145.06754342, -37.73138896], [145.06837605, -37.72954668], [145.06849788, -37.72926858], [145.06859571, -37.72901866], [145.06863344, -37.72891186], [145.06867165, -37.72874261], [145.06871985, -37.7284506], [145.0688132, -37.72792357], [145.06889008, -37.72770692], [145.06891915, -37.72759682], [145.06892878, -37.72754948], [145.06899011, -37.72709277], [145.06906261, -37.72648574], [145.06911235, -37.72610805], [145.06915091, -37.72578136], [145.0691694, -37.72564603], [145.06930503, -37.72455212], [145.06935563, -37.72417174], [145.06939924, -37.72393012], [145.06942878, -37.72379308], [145.06945944, -37.72366507], [145.06952195, -37.72344684], [145.06956909, -37.72331387], [145.06964654, -37.72310984], [145.06973498, -37.72290654], [145.06985143, -37.72267332], [145.06989991, -37.72258472], [145.07001649, -37.72238998], [145.07010313, -37.72225586], [145.07025325, -37.72203239], [145.07035155, -37.72189071], [145.07055855, -37.72160436], [145.07067695, -37.72145273], [145.07079316, -37.7213163], [145.07090126, -37.72120344], [145.07103017, -37.7210755], [145.07113449, -37.7209815], [145.07128017, -37.72085889], [145.07155127, -37.72066389], [145.07170402, -37.72056609], [145.07192263, -37.72043962], [145.07208279, -37.72035356], [145.07232938, -37.72023314], [145.07351811, -37.7196649], [145.07408014, -37.71939363], [145.07477909, -37.7190616], [145.07530035, -37.71880931], [145.07551041, -37.71870162], [145.07569401, -37.71860369], [145.07588943, -37.71848747], [145.076061, -37.71837636], [145.07620853, -37.71827386], [145.07636441, -37.71815979], [145.0764972, -37.71805264], [145.07660832, -37.71795839], [145.07670033, -37.71787491], [145.07680877, -37.71777042], [145.07700161, -37.71757377], [145.07709381, -37.71746957], [145.07718043, -37.71736653], [145.07727256, -37.71724772], [145.07735566, -37.71713562], [145.07745201, -37.7169984], [145.07760223, -37.71676546], [145.07787649, -37.71632861], [145.07796978, -37.71619108], [145.07806745, -37.71605506], [145.07816821, -37.71592278], [145.07827965, -37.71578969], [145.07846525, -37.7155876], [145.07855459, -37.7154974], [145.07867685, -37.71538467], [145.07880705, -37.71527189], [145.07906543, -37.71506702], [145.07933801, -37.71487518], [145.07966424, -37.71466556], [145.08010271, -37.71439288], [145.08035089, -37.7142357], [145.08055155, -37.71410036], [145.08089367, -37.71385531], [145.08104168, -37.71374236], [145.08115345, -37.71365307], [145.08141108, -37.71343322], [145.08156007, -37.71329966], [145.08182726, -37.7130432], [145.08207583, -37.71278283], [145.08220415, -37.71263712], [145.08239894, -37.71242959], [145.08258154, -37.71222447], [145.08269188, -37.71210731], [145.08289605, -37.7118837], [145.0829885, -37.71177796], [145.08358532, -37.71105553], [145.08364812, -37.71098229], [145.08387543, -37.71072779], [145.08410224, -37.71049671], [145.08423475, -37.71036864], [145.08435244, -37.71026079], [145.08449297, -37.71013366], [145.08458553, -37.71005451], [145.08483859, -37.7098481], [145.08529864, -37.70949311], [145.08639445, -37.70865467], [145.08655121, -37.70853609], [145.08663837, -37.70847712], [145.0877325, -37.7075879], [145.0878161, -37.70751302], [145.087929, -37.70740598], [145.08808197, -37.70725319], [145.08822835, -37.70710146], [145.08834009, -37.70697719], [145.08848131, -37.70681411], [145.0886789, -37.70657146], [145.08885586, -37.70633299], [145.08901127, -37.7061075], [145.08938952, -37.70551722], [145.08979746, -37.70486604], [145.09069102, -37.70345318], [145.09086979, -37.70317868], [145.09100746, -37.70298067], [145.09109645, -37.70285882], [145.09129404, -37.70260707], [145.09144108, -37.7024329], [145.09153547, -37.70232584], [145.0917213, -37.70212526], [145.09193162, -37.70191634], [145.09210811, -37.70174833], [145.09321227, -37.70073152], [145.09392457, -37.70008047], [145.09411974, -37.69991303], [145.09423711, -37.69981669], [145.09435454, -37.69973108], [145.09447455, -37.69965074], [145.09458342, -37.69958482], [145.09470605, -37.69951786], [145.09481212, -37.69946352], [145.09503707, -37.69936496], [145.09512562, -37.69933061], [145.09522857, -37.69929217], [145.09541197, -37.69923457], [145.09552586, -37.69920298], [145.09565015, -37.69917263], [145.09597866, -37.69910458], [145.09640246, -37.69902257], [145.09659486, -37.69898999], [145.09678385, -37.69896222], [145.09696241, -37.69894302], [145.09716464, -37.69892934], [145.09732671, -37.69892547], [145.09750725, -37.69893091], [145.09765533, -37.69894159], [145.09779504, -37.69895574], [145.09798655, -37.6989801], [145.09813995, -37.69900456], [145.09825503, -37.69902841], [145.09839795, -37.6990637], [145.09855042, -37.69910662], [145.09875315, -37.69917604], [145.09911125, -37.69931709], [145.09939871, -37.69943501], [145.09969324, -37.699547], [145.10003982, -37.69965947], [145.10045723, -37.69977416], [145.1011826, -37.69995501], [145.10143696, -37.70002336], [145.10165152, -37.70008702], [145.10185737, -37.70015864], [145.10204363, -37.70023338], [145.10220975, -37.70030662], [145.10236631, -37.70038511], [145.10253694, -37.70048122], [145.10261446, -37.70052816], [145.10278539, -37.70063933], [145.10290951, -37.70072703], [145.10312904, -37.70088954], [145.10368548, -37.70130854], [145.10383974, -37.70141944], [145.10398066, -37.70151111], [145.1041203, -37.70159527], [145.10421633, -37.70165026], [145.10432411, -37.70170733], [145.10445021, -37.70177064], [145.10456947, -37.70182636], [145.1048054, -37.70192883], [145.10583365, -37.70231459], [145.10617932, -37.70245451], [145.10634095, -37.70252623], [145.10647009, -37.70259031], [145.10678895, -37.70275918], [145.10697344, -37.7028729], [145.10717232, -37.7030092], [145.10733064, -37.7031216], [145.10742826, -37.70319482], [145.10754008, -37.70328007], [145.10764013, -37.70336017], [145.10773027, -37.70343732], [145.10787391, -37.70357417], [145.10795661, -37.70365859], [145.10805497, -37.7037648], [145.10817597, -37.70390859], [145.10911022, -37.70501333], [145.10923589, -37.70515674], [145.10928408, -37.70521529], [145.1094076, -37.70535398], [145.10950588, -37.70550372], [145.10960518, -37.70568501], [145.10973765, -37.7059356], [145.1097941, -37.70604888], [145.1098584, -37.70616121], [145.10991929, -37.70626006], [145.10999332, -37.70639138], [145.11005082, -37.70646323], [145.11015405, -37.70658367], [145.11024385, -37.70668343], [145.1104259, -37.70685776], [145.11072025, -37.70712608], [145.11106503, -37.70743216], [145.11169474, -37.7079983], [145.11192426, -37.70822926], [145.11204525, -37.70835601], [145.11217885, -37.70850469], [145.1123183, -37.70862832], [145.1125493, -37.70884128], [145.11279281, -37.7090749], [145.11294674, -37.70922723], [145.11306649, -37.70934937], [145.1131879, -37.70947802], [145.11335154, -37.70965899], [145.11349796, -37.70983896], [145.11370491, -37.71011922], [145.11399279, -37.71048683], [145.11424725, -37.71078623], [145.11435935, -37.71091059], [145.11460462, -37.71124553], [145.11501053, -37.71178626], [145.11534137, -37.71221431], [145.11586952, -37.71291867], [145.11610781, -37.71322077], [145.11628014, -37.71344883], [145.1164723, -37.71366891], [145.1166449, -37.71382839], [145.1168468, -37.71399528], [145.11719023, -37.7142313], [145.11731661, -37.71431199], [145.11740546, -37.71436487], [145.1176313, -37.71448248], [145.11778745, -37.71455662], [145.11791705, -37.71461303], [145.11806703, -37.71467103], [145.11818249, -37.71471271], [145.11845017, -37.7147998], [145.11869533, -37.71486689], [145.1188878, -37.71490466], [145.11904086, -37.71493053], [145.11919563, -37.71495193], [145.12001608, -37.71505433], [145.12111168, -37.7152095], [145.12151435, -37.71526603], [145.12157703, -37.71527703], [145.12170281, -37.71530508], [145.12192074, -37.71536353], [145.12214859, -37.71542907], [145.12277581, -37.71565022], [145.12312121, -37.71577783], [145.12333778, -37.71585419], [145.12388075, -37.71605632], [145.12438955, -37.71623214], [145.12474026, -37.7163428], [145.12491995, -37.71639288], [145.12512067, -37.71644537], [145.12526336, -37.7164781], [145.12558159, -37.71654526], [145.12576371, -37.71657537], [145.12593528, -37.71660099], [145.12609235, -37.71662097], [145.1262468, -37.7166374], [145.1266574, -37.71666744], [145.12707161, -37.71668061], [145.12734376, -37.71667673], [145.12756699, -37.71666892], [145.12822025, -37.71663649], [145.12861019, -37.71661321], [145.12894132, -37.71659143], [145.12912755, -37.71657574], [145.12931548, -37.71655529], [145.12951636, -37.71652973], [145.12967329, -37.71650572], [145.12991875, -37.7164623], [145.13012465, -37.71642177], [145.13040375, -37.71635356], [145.1305851, -37.71630579], [145.13076548, -37.71625187], [145.13096367, -37.71618869], [145.13115915, -37.71612059], [145.13131835, -37.71606066], [145.13146266, -37.71600194], [145.13161475, -37.71593586], [145.1318562, -37.71582577], [145.13226034, -37.71562084], [145.13319594, -37.71512342], [145.13362586, -37.71490357], [145.13380647, -37.71482217], [145.13392325, -37.71477517], [145.13417575, -37.7146858], [145.13429999, -37.71464884], [145.13443805, -37.71461281], [145.13456526, -37.71458436], [145.13476988, -37.71454488], [145.13483424, -37.71453419], [145.13493461, -37.71452208], [145.13512065, -37.71450429], [145.1352686, -37.71449447], [145.13541139, -37.71449123], [145.13556215, -37.7144919], [145.1356928, -37.71449784], [145.135822, -37.71450737], [145.1359833, -37.71452641], [145.13613671, -37.71454758], [145.13628489, -37.71457408], [145.13643842, -37.71460868], [145.13664489, -37.71466286], [145.13682139, -37.71471828], [145.13697706, -37.71477608], [145.13712389, -37.71483806], [145.13735563, -37.71495266], [145.13745895, -37.7150126], [145.137682, -37.71515248], [145.13797619, -37.7153553], [145.13888866, -37.7159984], [145.13915738, -37.71618136], [145.13941458, -37.71633033], [145.13957364, -37.71641161], [145.13982941, -37.7165228], [145.14005197, -37.71660102], [145.14020762, -37.71664647], [145.14033747, -37.71668024], [145.14046233, -37.71670898], [145.14069205, -37.71675054], [145.14081527, -37.7167679], [145.14093071, -37.716779], [145.14102298, -37.71678658], [145.14116166, -37.716794], [145.14129089, -37.71679793], [145.14144338, -37.71679736], [145.14161184, -37.71678866], [145.14186815, -37.71676512], [145.14210475, -37.71673082], [145.1422344, -37.71670448], [145.14241309, -37.71666764], [145.14357731, -37.71640814], [145.14415854, -37.7162749], [145.14483922, -37.71612484], [145.14503075, -37.7160736], [145.14516996, -37.71603236], [145.14530163, -37.71598847], [145.14544215, -37.7159357], [145.14556229, -37.71588586], [145.14564031, -37.71585059], [145.14585183, -37.71574388], [145.14604333, -37.71562974], [145.14613723, -37.71556759], [145.14634216, -37.71541103], [145.14642371, -37.71534346], [145.14670209, -37.71508919], [145.14678802, -37.71500492], [145.14690366, -37.71488517], [145.14708548, -37.71468597], [145.1471408, -37.71462403], [145.14729009, -37.71444649], [145.14741355, -37.71428576], [145.14751911, -37.71413782], [145.14761895, -37.71398726], [145.14772697, -37.71381341], [145.14792344, -37.71348566], [145.1479639, -37.71340978], [145.14801377, -37.71331152], [145.14804329, -37.71324683], [145.14805724, -37.71321028], [145.14808688, -37.71312711], [145.14816429, -37.7128795], [145.14819989, -37.71278011], [145.1482372, -37.71268932], [145.14836744, -37.71238811], [145.14845328, -37.7122166], [145.1485576, -37.711986], [145.14865255, -37.71173542], [145.14869736, -37.7115986], [145.14874936, -37.71141872], [145.148781, -37.7112871], [145.14880937, -37.71115453], [145.14884125, -37.7109673], [145.14886306, -37.71081597], [145.14888041, -37.71066583], [145.14888765, -37.7105569], [145.14889408, -37.71036702], [145.14889444, -37.71024302], [145.14889081, -37.71012013], [145.14888242, -37.70997409], [145.14886896, -37.70981283], [145.14884732, -37.70959737], [145.14876216, -37.70888984], [145.14874315, -37.7087193], [145.14871879, -37.70846721], [145.14871104, -37.70829081], [145.1487107, -37.70819501], [145.14871527, -37.70809811], [145.14873597, -37.70789548], [145.14875925, -37.70777562], [145.14878476, -37.70767166], [145.14881381, -37.70757082], [145.14884774, -37.70746979], [145.14888096, -37.70738406], [145.1489685, -37.70719817], [145.14902935, -37.70709134], [145.14908981, -37.70699099], [145.14915133, -37.70689841], [145.14925107, -37.70676948], [145.14933145, -37.70667539], [145.14944885, -37.7065526], [145.14955316, -37.70645402], [145.149654, -37.70636747], [145.14978049, -37.70626644], [145.15011313, -37.70602266], [145.150534, -37.70572889], [145.15099115, -37.70541324], [145.15182543, -37.70482909], [145.15274736, -37.70419088], [145.15340498, -37.70373994], [145.15356293, -37.70362823], [145.15382978, -37.70343343], [145.15406633, -37.70323931], [145.15427764, -37.70304273], [145.1544397, -37.70286566], [145.15459552, -37.70267938], [145.15473805, -37.70248479], [145.15486375, -37.70227317], [145.15497062, -37.70206648], [145.15505625, -37.70187478], [145.15515099, -37.70159427], [145.15521134, -37.70134233], [145.15524957, -37.70107239], [145.15525909, -37.70088508], [145.15525645, -37.70065271], [145.15523235, -37.70043099], [145.15519665, -37.7002191], [145.15514938, -37.70002604], [145.15508971, -37.69983414], [145.15500745, -37.69962034], [145.15489015, -37.69937851], [145.15479901, -37.6992209], [145.15468415, -37.6990458], [145.15455671, -37.69887023], [145.15437836, -37.6986571], [145.15425806, -37.69852778], [145.15407243, -37.6983522], [145.15338253, -37.69776101], [145.15291749, -37.69734601], [145.15267232, -37.69707442], [145.15250326, -37.69681673], [145.15235311, -37.69645992], [145.15228401, -37.69611367], [145.15228002, -37.69580404], [145.15232635, -37.69550917], [145.15245352, -37.69516546], [145.15357967, -37.69320682], [145.15494427, -37.69091341], [145.15570826, -37.68959724], [145.15584046, -37.68935598], [145.15595192, -37.68913223], [145.15607804, -37.68884807], [145.15616824, -37.68860814], [145.15620996, -37.68848496], [145.15627624, -37.68820806], [145.15633017, -37.68787608], [145.15636615, -37.68757249], [145.15638408, -37.68729267], [145.15637815, -37.68706502], [145.15636613, -37.68679942], [145.15633617, -37.68655283], [145.15627622, -37.68623971], [145.15621633, -37.68599779], [145.1561384, -37.68575116], [145.15603653, -37.68553301], [145.15570553, -37.68506082], [145.15551506, -37.68480252], [145.15539149, -37.68464089], [145.15510563, -37.68436533], [145.1544919, -37.68381229], [145.15434765, -37.68367981], [145.15382367, -37.68321198], [145.1528895, -37.68236661], [145.15241077, -37.68189903], [145.15223111, -37.68169525], [145.15210239, -37.68152668], [145.15197165, -37.68133934], [145.15191789, -37.68125288], [145.15174838, -37.68091849], [145.15167835, -37.68072489], [145.15161534, -37.68051761], [145.15157308, -37.68034734], [145.15154104, -37.68019012], [145.15151328, -37.6799012], [145.1515102, -37.67977399], [145.15152298, -37.67951058], [145.15153646, -37.67938318], [145.15156147, -37.67921604], [145.15161502, -37.67898184], [145.15168534, -37.67876638], [145.1517417, -37.67860648], [145.15183437, -37.67840417], [145.15196847, -37.67816826], [145.15209275, -37.67798068], [145.15222662, -37.67780849], [145.15234124, -37.67766762], [145.15253845, -37.6774564], [145.15273447, -37.67727003], [145.153119, -37.67691224], [145.15347712, -37.67659476], [145.15459855, -37.6755642], [145.15492575, -37.67527678], [145.15517585, -37.67506738], [145.15544673, -37.67486605], [145.15568262, -37.67469922], [145.15591893, -37.6745425], [145.15633185, -37.67429157], [145.15673155, -37.67408], [145.15696565, -37.67396722], [145.15736655, -37.67378946], [145.1577091, -37.67365088], [145.15807516, -37.67352034], [145.1582873, -37.67345119], [145.15842741, -37.67341129], [145.15882791, -37.67330003], [145.15907403, -37.6732416], [145.15934453, -37.67318328], [145.15961554, -37.67313172], [145.15991716, -37.67308497], [145.16017413, -37.67305077], [145.16112438, -37.67295474], [145.16303359, -37.67281327], [145.16332395, -37.67278157], [145.16366325, -37.67272863], [145.16391527, -37.67267434], [145.16415955, -37.67261217], [145.16441731, -37.67252759], [145.16475892, -37.67239917], [145.16502002, -37.67228004], [145.16521361, -37.6721768], [145.16545825, -37.67203578], [145.16690769, -37.67111934], [145.16709186, -37.6710072], [145.1674141, -37.67084044], [145.16757998, -37.67076191], [145.16776765, -37.67068254], [145.16807857, -37.67057039], [145.16834759, -37.67048382], [145.1774675, -37.66780611], [145.1776248, -37.66775753], [145.17780565, -37.66769679], [145.1780005, -37.66762401], [145.17817337, -37.66755107], [145.17850912, -37.66739133], [145.1787615, -37.66725626], [145.18012696, -37.66647733], [145.18027577, -37.66638626], [145.18043245, -37.66628404], [145.18059278, -37.66616242], [145.18079635, -37.66598342], [145.18089781, -37.66587224], [145.18102419, -37.66570638], [145.18113592, -37.66552264], [145.18123034, -37.66530491], [145.18130006, -37.66512854], [145.18140741, -37.66481801], [145.18168217, -37.66400213], [145.18267331, -37.66107536], [145.18274374, -37.66089286], [145.18280634, -37.66075243], [145.18287018, -37.66063093], [145.18294808, -37.66050443], [145.18300598, -37.66042187], [145.18306333, -37.66034804], [145.18311485, -37.66028548], [145.18317158, -37.660223], [145.18323295, -37.66016077], [145.18330721, -37.66009062], [145.1833752, -37.66003129], [145.1834565, -37.65996549], [145.18355277, -37.65989478], [145.18370372, -37.65979428], [145.18384075, -37.65971186], [145.18429397, -37.65945604], [145.18443878, -37.65937031], [145.18458704, -37.65927778], [145.18473125, -37.65918411], [145.18496447, -37.6590198], [145.18516437, -37.65886453], [145.18527565, -37.65877279], [145.18539435, -37.65867007], [145.18551596, -37.65855947], [145.18562202, -37.65845863], [145.18569334, -37.65838817], [145.18585615, -37.65821476], [145.18602913, -37.65801482], [145.18616009, -37.65785074], [145.18627384, -37.65769469], [145.18638806, -37.65752422], [145.18648758, -37.6573665], [145.18659344, -37.65718086], [145.18671617, -37.65695843], [145.18693962, -37.6565382], [145.18778014, -37.65497289], [145.18789655, -37.65474], [145.18799834, -37.65452094], [145.18810473, -37.65426149], [145.18816545, -37.65410002], [145.18831723, -37.65366607], [145.18880603, -37.65222368], [145.1891605, -37.65118667], [145.18924337, -37.65092488], [145.18926492, -37.65084509], [145.189284, -37.65075959], [145.18930497, -37.65063356], [145.18931469, -37.65054592], [145.18931653, -37.65042366], [145.18930857, -37.65029853], [145.1892873, -37.65014779], [145.18921408, -37.64977906], [145.18919885, -37.64969176], [145.18918566, -37.64959576], [145.18917679, -37.64950343], [145.18917427, -37.64941588], [145.18917884, -37.64926977], [145.18919435, -37.64913537], [145.18920617, -37.6490639], [145.18924314, -37.6489091], [145.18929426, -37.64874117], [145.18943546, -37.64834554], [145.18947103, -37.64823911], [145.18950565, -37.648125], [145.1895278, -37.64803432], [145.18955229, -37.64789852], [145.18956044, -37.64782907], [145.18956625, -37.64774841], [145.18956866, -37.64767256], [145.1895627, -37.64752106], [145.18953612, -37.64730869], [145.18951438, -37.64718642], [145.18943549, -37.64680867], [145.18940821, -37.64666703], [145.18939259, -37.64657288], [145.18938016, -37.6464732], [145.18937202, -37.64636988], [145.18937002, -37.64626999], [145.18937154, -37.64617962], [145.18937964, -37.64608377], [145.18938959, -37.64600569], [145.18940413, -37.64592499], [145.18944353, -37.64577256], [145.18947253, -37.64568478], [145.18950029, -37.64561491], [145.18953627, -37.64553327], [145.18958344, -37.64543936], [145.18964545, -37.64533118], [145.18971279, -37.64522343], [145.18984581, -37.64502882], [145.1899694, -37.64485399], [145.19014512, -37.64459073], [145.19020966, -37.64448141], [145.19026668, -37.64437838], [145.19031356, -37.64428185], [145.19035571, -37.64418427], [145.19039323, -37.64408598], [145.19042595, -37.64398942], [145.19047157, -37.64381402], [145.19049857, -37.64366366], [145.19050916, -37.64357766], [145.19051586, -37.64349287], [145.19051827, -37.64330464], [145.19051484, -37.64321717], [145.19050754, -37.64310233], [145.19048371, -37.64286548], [145.19040748, -37.64226112], [145.19038762, -37.6420474], [145.19038185, -37.641958], [145.1903813, -37.64187796], [145.19038262, -37.64179543], [145.19038804, -37.6417172], [145.19039706, -37.64163478], [145.19042835, -37.64146151], [145.1904547, -37.64135647], [145.19047524, -37.64129496], [145.1905313, -37.64115613], [145.19060201, -37.64101193], [145.19063493, -37.64095368], [145.19071604, -37.64082902], [145.19079911, -37.64071719], [145.19090274, -37.64059369], [145.19100429, -37.6404862], [145.19116543, -37.64032807], [145.19195897, -37.63956689]]}}, {"type": "Feature", "properties": {"route_id": "aus:vic:vic-02-LIL:", "short_name": "Lilydale", "long_name": "Lilydale - City", "route_type": "train", "color": "152C6B", "text_color": "FFFFFF"}, "geometry": {"type": "LineString", "coordinates": [[145.34570363, -37.757208], [145.34527898, -37.75761047], [145.3448142, -37.75805591], [145.34464833, -37.75822022], [145.34448326, -37.75837363], [145.34431348, -37.758545], [145.34408566, -37.75879964], [145.34381986, -37.75911278], [145.34043373, -37.76233516], [145.33956768, -37.76314263], [145.33913595, -37.76352317], [145.33868932, -37.76383907], [145.33813951, -37.76421019], [145.33778413, -37.76446572], [145.33747701, -37.76472121], [145.33718334, -37.76502439], [145.33693915, -37.76534358], [145.33673401, -37.76566801], [145.33658785, -37.76596912], [145.33647523, -37.76629351], [145.33638126, -37.76672279], [145.33574927, -37.77005923], [145.335595, -37.7708586], [145.33550247, -37.77126348], [145.33538171, -37.77159577], [145.33526113, -37.77186461], [145.33503292, -37.772239], [145.33471258, -37.77261624], [145.3343585, -37.77295334], [145.33404344, -37.77319068], [145.33371753, -37.77340056], [145.33339034, -37.77357132], [145.33236828, -37.77408119], [145.33094942, -37.77480659], [145.3302897, -37.775127], [145.32975318, -37.77540094], [145.32865618, -37.77593414], [145.32771196, -37.77640271], [145.32734458, -37.77661262], [145.32686177, -37.7769157], [145.32651035, -37.77716801], [145.32611338, -37.777486], [145.32577283, -37.7777892], [145.32541069, -37.7781686], [145.3246677, -37.77899122], [145.32405084, -37.77964837], [145.32383087, -37.77988577], [145.32355465, -37.78012544], [145.32333474, -37.78032464], [145.32278284, -37.7806989], [145.32228681, -37.78100258], [145.32165432, -37.78136974], [145.32093892, -37.78181809], [145.31951976, -37.78268538], [145.31882846, -37.78309639], [145.31855798, -37.78327124], [145.31818026, -37.78348872], [145.31777477, -37.78374366], [145.31757214, -37.78386604], [145.3173546, -37.78399027], [145.31712514, -37.78410379], [145.31688937, -37.7842101], [145.31657453, -37.78432348], [145.31634245, -37.78439227], [145.31603036, -37.78447441], [145.31578361, -37.78451901], [145.31556865, -37.78454919], [145.31536726, -37.78457164], [145.313077, -37.78479012], [145.31277223, -37.78481937], [145.31234465, -37.78485623], [145.31211985, -37.78486978], [145.31184939, -37.78487338], [145.31154701, -37.78486752], [145.3112382, -37.78484488], [145.31090181, -37.78480194], [145.31061765, -37.78474902], [145.3103147, -37.78467348], [145.31006842, -37.78459802], [145.30939186, -37.78437355], [145.30661361, -37.78342927], [145.30634137, -37.78334199], [145.30622685, -37.78330997], [145.30592974, -37.78323261], [145.3057157, -37.78318781], [145.30547212, -37.78314843], [145.30528587, -37.78312449], [145.3050296, -37.78309872], [145.30467075, -37.78309004], [145.30436186, -37.78309109], [145.30401888, -37.78312319], [145.30362845, -37.78318444], [145.30321405, -37.78327563], [145.30283312, -37.78339316], [145.30141691, -37.78387337], [145.29946686, -37.78454224], [145.29909496, -37.78468603], [145.29577801, -37.78581869], [145.29198046, -37.78712083], [145.29128257, -37.78736549], [145.29095085, -37.7874991], [145.29058265, -37.78767824], [145.29015832, -37.78794776], [145.2898217, -37.78820513], [145.28955754, -37.78845202], [145.28933076, -37.7887181], [145.28905777, -37.78909192], [145.2885821, -37.78978427], [145.28839496, -37.7900494], [145.28812521, -37.79039578], [145.2877296, -37.79086101], [145.28725749, -37.791339], [145.28692094, -37.79162196], [145.28662797, -37.79185174], [145.28632944, -37.79207126], [145.28589484, -37.79233603], [145.28421561, -37.79327534], [145.28372315, -37.79352718], [145.28328096, -37.79376073], [145.28244192, -37.79421172], [145.28198468, -37.79446226], [145.28119543, -37.79492533], [145.28086963, -37.79511001], [145.28073198, -37.79519317], [145.28043642, -37.79537171], [145.27968944, -37.79580844], [145.27921997, -37.796086], [145.27792521, -37.79692919], [145.27658897, -37.79770821], [145.27628465, -37.79790103], [145.27597206, -37.79813204], [145.27567092, -37.79836411], [145.27556801, -37.79844759], [145.27546132, -37.79853723], [145.27521035, -37.79876039], [145.27502263, -37.79893527], [145.27489245, -37.79907314], [145.27471554, -37.79928612], [145.27444214, -37.79962864], [145.27398859, -37.80022067], [145.27362985, -37.80075488], [145.27231422, -37.80264788], [145.27203566, -37.80299653], [145.27181681, -37.80323431], [145.2714961, -37.80353917], [145.27134645, -37.80366377], [145.27098605, -37.80394588], [145.27057524, -37.8042423], [145.26926989, -37.80516354], [145.26798641, -37.80606617], [145.26725283, -37.80657799], [145.26695784, -37.80674326], [145.26667348, -37.80689589], [145.26633957, -37.80705914], [145.26600036, -37.80719681], [145.26510976, -37.80747118], [145.26393974, -37.80780793], [145.26309343, -37.80805798], [145.26058565, -37.80878159], [145.25904642, -37.80924406], [145.25805628, -37.80952763], [145.25729752, -37.80975298], [145.25481725, -37.81047579], [145.25338656, -37.81089879], [145.2525769, -37.81109946], [145.25193025, -37.8112328], [145.2514653, -37.81134387], [145.25115298, -37.81142259], [145.25091462, -37.81149178], [145.25057583, -37.81159489], [145.24994767, -37.81178148], [145.24866238, -37.81215467], [145.24738211, -37.81252153], [145.24686799, -37.8126888], [145.24653054, -37.81281184], [145.24596803, -37.81303606], [145.24546755, -37.81322219], [145.24497541, -37.81337716], [145.24415772, -37.81361731], [145.24365484, -37.81376023], [145.24320903, -37.81386803], [145.24278742, -37.81395601], [145.24236851, -37.814026], [145.24166524, -37.81411112], [145.24125862, -37.81414191], [145.24105728, -37.81415341], [145.24064588, -37.81416069], [145.24044255, -37.81416009], [145.24023827, -37.8141564], [145.23986646, -37.81414219], [145.23950578, -37.8141186], [145.23922901, -37.81409644], [145.23842087, -37.81401973], [145.23761686, -37.81393678], [145.23577823, -37.81377578], [145.23531452, -37.81374269], [145.23518583, -37.81373716], [145.23503956, -37.81373524], [145.2348739, -37.81373636], [145.23461966, -37.81375111], [145.23435979, -37.81377777], [145.23413251, -37.81381483], [145.23397296, -37.81384569], [145.23372655, -37.81390354], [145.2335802, -37.81394326], [145.23325726, -37.81404259], [145.23295797, -37.81415012], [145.23258971, -37.8143015], [145.23211974, -37.81450677], [145.23176551, -37.81466511], [145.23110124, -37.81495722], [145.23063406, -37.81515982], [145.23033122, -37.81529694], [145.23027133, -37.81532641], [145.23003584, -37.81545463], [145.22997926, -37.81548316], [145.22888483, -37.81596354], [145.22821337, -37.81625634], [145.22809422, -37.81630312], [145.22789316, -37.81637381], [145.22769028, -37.81645367], [145.22709172, -37.8167143], [145.22545038, -37.81743596], [145.22526424, -37.81751426], [145.22491268, -37.81765442], [145.22471893, -37.81772774], [145.22439479, -37.81783794], [145.22423134, -37.8178891], [145.22402931, -37.81794769], [145.22381192, -37.81800732], [145.22366538, -37.81804467], [145.22345405, -37.8180933], [145.22309703, -37.81816722], [145.22292291, -37.81819911], [145.22276747, -37.81822389], [145.22257547, -37.81825272], [145.22232772, -37.81828484], [145.2219774, -37.81832092], [145.22152395, -37.81835643], [145.21635887, -37.81868277], [145.21537417, -37.81874716], [145.21432612, -37.81881021], [145.21405825, -37.81882823], [145.21360537, -37.81885876], [145.21284837, -37.81890279], [145.21253405, -37.81891568], [145.21219985, -37.81892422], [145.21183019, -37.81892329], [145.21143853, -37.81891662], [145.21104832, -37.81890132], [145.21077084, -37.81888467], [145.21024843, -37.81884438], [145.20201422, -37.8181774], [145.19844993, -37.81788077], [145.19677346, -37.81774597], [145.19639895, -37.81772077], [145.19618283, -37.81771314], [145.19599309, -37.81770933], [145.19586368, -37.81770996], [145.19563485, -37.81771592], [145.19538645, -37.81773257], [145.19519815, -37.81774897], [145.19500345, -37.81777167], [145.19465868, -37.81781739], [145.19418955, -37.81788509], [145.19323247, -37.81803767], [145.19190145, -37.8182484], [145.19166307, -37.81828259], [145.19106192, -37.81838312], [145.1903575, -37.81847441], [145.19019353, -37.81848982], [145.18991197, -37.81851009], [145.18970606, -37.81852207], [145.18881925, -37.81856431], [145.18852565, -37.81858917], [145.1882649, -37.81861796], [145.18809038, -37.8186424], [145.18563524, -37.81901429], [145.1853558, -37.81906414], [145.18396022, -37.81927902], [145.18295214, -37.81941541], [145.18230643, -37.81949772], [145.18171237, -37.81958183], [145.1800771, -37.81983666], [145.17935035, -37.81995258], [145.17864507, -37.82005009], [145.17838085, -37.82007656], [145.17647373, -37.82029316], [145.17608887, -37.82034226], [145.17536475, -37.82044324], [145.17487722, -37.82053716], [145.17480778, -37.82055167], [145.1740967, -37.82068142], [145.17310119, -37.82086866], [145.17141921, -37.82117726], [145.17092699, -37.8212536], [145.17015193, -37.82136476], [145.16795625, -37.82170308], [145.16765812, -37.82174512], [145.16734759, -37.82178337], [145.16706186, -37.82181118], [145.16667171, -37.821839], [145.16636867, -37.82184996], [145.16588601, -37.8218519], [145.1653579, -37.82183124], [145.16500843, -37.82180399], [145.1646211, -37.82176379], [145.16240393, -37.82148751], [145.16081637, -37.82129474], [145.15781588, -37.82092358], [145.15720027, -37.82084447], [145.15283862, -37.82030723], [145.15235602, -37.82026587], [145.15204552, -37.8202527], [145.15167686, -37.82024367], [145.15094404, -37.82023667], [145.15006843, -37.82022481], [145.14977486, -37.82022083], [145.14910353, -37.82021704], [145.14826246, -37.82018219], [145.14722314, -37.82007941], [145.14447768, -37.81978186], [145.14420586, -37.81976208], [145.14392757, -37.81975571], [145.14375455, -37.8197556], [145.14347378, -37.81977577], [145.14325296, -37.81980176], [145.14305575, -37.81983281], [145.14286095, -37.81987218], [145.14253277, -37.8199619], [145.14218869, -37.82007813], [145.14188425, -37.82020851], [145.14134465, -37.8204882], [145.14085858, -37.82073043], [145.14022595, -37.82104523], [145.13982877, -37.8212355], [145.13950579, -37.82136171], [145.1391723, -37.82146323], [145.13900289, -37.8215048], [145.13883891, -37.82153826], [145.13871634, -37.82156011], [145.13856887, -37.82158301], [145.13835889, -37.82160673], [145.13820535, -37.821618], [145.13796902, -37.82162355], [145.1378157, -37.82162139], [145.13763589, -37.82161557], [145.13745272, -37.8216033], [145.13700041, -37.82154577], [145.13203136, -37.82081251], [145.13145259, -37.8207242], [145.13076168, -37.82061446], [145.13015293, -37.82051251], [145.12955199, -37.82041618], [145.12835209, -37.82024932], [145.12766093, -37.82016281], [145.12717635, -37.82009716], [145.12606982, -37.8199131], [145.12484, -37.81973068], [145.12371091, -37.81954074], [145.1218479, -37.81926249], [145.12074805, -37.81909823], [145.11978728, -37.81897331], [145.11863726, -37.81881228], [145.11826748, -37.81875392], [145.1164023, -37.81843788], [145.11606325, -37.81838631], [145.11568876, -37.81834391], [145.11529574, -37.81830626], [145.11489835, -37.81827953], [145.11369303, -37.81822986], [145.11339876, -37.81822262], [145.11302531, -37.81821943], [145.11253549, -37.81822663], [145.11221654, -37.81823387], [145.11056427, -37.81828388], [145.10988093, -37.81830211], [145.10914212, -37.8183262], [145.10875413, -37.81834989], [145.10842339, -37.81838703], [145.10821294, -37.81841609], [145.10810366, -37.81843344], [145.10792071, -37.81847087], [145.10773237, -37.81851489], [145.10756698, -37.81855864], [145.10741106, -37.81860552], [145.10725902, -37.81865147], [145.10710706, -37.81870292], [145.10689029, -37.81878793], [145.106682, -37.81887452], [145.10650183, -37.81895868], [145.10628301, -37.81907493], [145.10605701, -37.8192099], [145.10583763, -37.81934813], [145.10551447, -37.81956859], [145.10500769, -37.81992352], [145.10443971, -37.82030793], [145.10357764, -37.8208992], [145.10305934, -37.82123728], [145.10283083, -37.82138112], [145.10262173, -37.82151662], [145.10238895, -37.8216804], [145.101828, -37.82205978], [145.10149564, -37.82229242], [145.10139673, -37.82236166], [145.10092666, -37.82267896], [145.10030274, -37.82310778], [145.09993559, -37.82335428], [145.09954021, -37.82359843], [145.09930766, -37.82373076], [145.09908828, -37.82384572], [145.09887329, -37.82395364], [145.09853189, -37.82410809], [145.09834673, -37.82418692], [145.09811114, -37.8242827], [145.0978819, -37.82436533], [145.09753511, -37.82448238], [145.09734051, -37.82454331], [145.0970077, -37.82463337], [145.09665159, -37.82471918], [145.09613106, -37.82482377], [145.09592664, -37.8248603], [145.09547502, -37.82492238], [145.09524802, -37.82494449], [145.09488198, -37.82496984], [145.0946912, -37.82497973], [145.0942825, -37.82498987], [145.09372996, -37.82498246], [145.09349203, -37.82496572], [145.09283279, -37.82491053], [145.09235665, -37.82484369], [145.09092715, -37.82460649], [145.09030668, -37.82449288], [145.08928501, -37.82427543], [145.0889821, -37.82421446], [145.08875621, -37.8241761], [145.08781637, -37.82404531], [145.08699623, -37.82390798], [145.08597926, -37.82373366], [145.08573858, -37.82369604], [145.08554136, -37.82366904], [145.08538156, -37.82364977], [145.08514508, -37.8236297], [145.08501153, -37.82362312], [145.08479252, -37.82361748], [145.08455819, -37.82361989], [145.08438248, -37.82362676], [145.08423738, -37.82363657], [145.08409824, -37.82364818], [145.08391193, -37.82366966], [145.08378435, -37.82368714], [145.08357311, -37.82372372], [145.08343563, -37.8237505], [145.08319977, -37.82380316], [145.08303131, -37.82384602], [145.08282347, -37.82390491], [145.08256204, -37.8239887], [145.08238611, -37.82404801], [145.08214928, -37.82412968], [145.08184703, -37.82424092], [145.08172515, -37.82428796], [145.08149518, -37.82438542], [145.08096261, -37.82463349], [145.07965989, -37.82524858], [145.07945573, -37.82534041], [145.07926888, -37.82541757], [145.07908975, -37.82548638], [145.0789251, -37.82554417], [145.07880081, -37.82558332], [145.07848779, -37.82567176], [145.0783395, -37.82570737], [145.07821814, -37.82573441], [145.07805839, -37.8257655], [145.07790183, -37.82579161], [145.07774655, -37.82581268], [145.07754385, -37.82583488], [145.0773931, -37.82584737], [145.07722882, -37.82585596], [145.07706975, -37.82586048], [145.07694883, -37.82586202], [145.07666645, -37.82585506], [145.07653575, -37.82584806], [145.07637291, -37.82583594], [145.07559165, -37.82575459], [145.07520409, -37.82572924], [145.07275661, -37.82558512], [145.07182047, -37.82552689], [145.07106164, -37.82549202], [145.07056666, -37.82548662], [145.0699783, -37.8255151], [145.06937837, -37.82556933], [145.06918035, -37.82559069], [145.06895785, -37.82561876], [145.06873258, -37.82565256], [145.06842105, -37.82570909], [145.06820966, -37.82575095], [145.06730724, -37.82595053], [145.06672135, -37.82606312], [145.066457, -37.82611834], [145.0656215, -37.82631351], [145.0654614, -37.82634459], [145.06532616, -37.82636787], [145.0651158, -37.82639614], [145.06485115, -37.8264236], [145.06467615, -37.8264337], [145.06442401, -37.82644352], [145.06345584, -37.82647176], [145.06320981, -37.82648222], [145.06258833, -37.82649966], [145.06075344, -37.82656066], [145.06020265, -37.82656871], [145.05870282, -37.82657282], [145.05824781, -37.82657659], [145.05773522, -37.82657931], [145.05750224, -37.82657745], [145.05735705, -37.82657271], [145.05717271, -37.82656201], [145.05689784, -37.8265417], [145.0567562, -37.82652728], [145.05664006, -37.82651086], [145.05648657, -37.8264848], [145.0563644, -37.82646017], [145.05626976, -37.82643833], [145.05611045, -37.82639569], [145.05597587, -37.82635066], [145.05572804, -37.82626077], [145.05549755, -37.82616432], [145.05536905, -37.82610398], [145.05520246, -37.8260185], [145.05511156, -37.82596708], [145.05497323, -37.82588269], [145.05489011, -37.82582887], [145.0547559, -37.825735], [145.05468114, -37.82567898], [145.05454825, -37.82557369], [145.05448877, -37.82552386], [145.05435614, -37.82540442], [145.05422771, -37.82528082], [145.05410286, -37.82515088], [145.05380359, -37.82482682], [145.05372181, -37.82473508], [145.05360234, -37.8246164], [145.05351583, -37.82453621], [145.05339029, -37.82442833], [145.05330486, -37.8243587], [145.05319659, -37.82427652], [145.05310503, -37.82421121], [145.05291127, -37.82408382], [145.05280343, -37.82401967], [145.05271277, -37.82396789], [145.05255465, -37.82388471], [145.05243473, -37.82382631], [145.05231033, -37.82376991], [145.05221483, -37.82372958], [145.05212443, -37.82369339], [145.05190261, -37.82361339], [145.05172063, -37.82355631], [145.0515247, -37.82350269], [145.05142085, -37.82347709], [145.05122183, -37.82343306], [145.05085347, -37.82336514], [145.04907995, -37.82306568], [145.04737385, -37.82276497], [145.04693336, -37.82269702], [145.04631803, -37.82261579], [145.04590467, -37.82256622], [145.04517352, -37.82247847], [145.0446645, -37.82242046], [145.04434488, -37.82238739], [145.04404294, -37.82236021], [145.04372909, -37.82233679], [145.04300988, -37.82229212], [145.04257485, -37.82225876], [145.04233145, -37.82223912], [145.04199895, -37.8222034], [145.04004585, -37.82196517], [145.03908889, -37.82183361], [145.03860824, -37.82177694], [145.03841202, -37.82175637], [145.03814846, -37.82173873], [145.03756848, -37.82170924], [145.03726557, -37.82169752], [145.03693075, -37.8216768], [145.03661395, -37.82164511], [145.03645373, -37.82162487], [145.03596956, -37.82155957], [145.03569965, -37.82153317], [145.03502105, -37.8214484], [145.03475324, -37.82141987], [145.03446887, -37.82139457], [145.0342354, -37.82137797], [145.03378264, -37.8213577], [145.03308139, -37.82133896], [145.03276205, -37.8213256], [145.03246174, -37.82131049], [145.03201347, -37.82127119], [145.03151862, -37.82121479], [145.03007988, -37.82103636], [145.02955237, -37.82096499], [145.02879784, -37.82084377], [145.028463, -37.82079427], [145.02778045, -37.82070913], [145.02749826, -37.82067917], [145.02717227, -37.82065127], [145.02701136, -37.82064433], [145.02684957, -37.82064063], [145.02669062, -37.8206413], [145.02637493, -37.82065764], [145.02619805, -37.8206745], [145.02599439, -37.82069866], [145.02580115, -37.82072841], [145.02556864, -37.82076966], [145.02535168, -37.82081549], [145.02514559, -37.82086701], [145.02492439, -37.82093548], [145.0247278, -37.82100554], [145.02458152, -37.82106347], [145.02425196, -37.82121231], [145.02391048, -37.82139871], [145.02372714, -37.82150873], [145.0235895, -37.82160051], [145.02336055, -37.82175942], [145.0228138, -37.82216208], [145.02264161, -37.82228418], [145.02180396, -37.82292734], [145.0212564, -37.82331727], [145.02071, -37.82369767], [145.02029326, -37.82399166], [145.01976122, -37.82434427], [145.0192033, -37.82468319], [145.01864538, -37.82498831], [145.01763255, -37.8255646], [145.01656135, -37.82618208], [145.01613205, -37.82643907], [145.01573832, -37.82668314], [145.01553505, -37.82680633], [145.01526989, -37.82695002], [145.01507885, -37.82704097], [145.01476905, -37.8271757], [145.01461207, -37.82723767], [145.01428833, -37.82735423], [145.01411875, -37.82741157], [145.01381814, -37.82750833], [145.01351967, -37.82759747], [145.01334035, -37.82764527], [145.01304405, -37.82771696], [145.01279521, -37.82776836], [145.01266862, -37.82779056], [145.01250155, -37.82781784], [145.01227085, -37.82784981], [145.01202779, -37.82787644], [145.01179575, -37.82789442], [145.01157885, -37.82790734], [145.01135516, -37.82791509], [145.01104085, -37.82791708], [145.01073405, -37.82790983], [145.01050689, -37.8278986], [145.00976126, -37.82782544], [145.00928652, -37.82776821], [145.00769617, -37.82759324], [145.00706666, -37.82752419], [145.00621995, -37.82743731], [145.00554986, -37.82737748], [145.00469004, -37.82730487], [145.00415066, -37.82725202], [145.00373992, -37.82720631], [145.00315226, -37.82713633], [145.00286511, -37.82710839], [145.00246724, -37.82706568], [144.99932033, -37.82671684], [144.99824925, -37.82659608], [144.99791636, -37.8265623], [144.99678878, -37.82643498], [144.99500446, -37.82624231], [144.99461846, -37.8261941], [144.99444504, -37.82616627], [144.99432164, -37.82614173], [144.9941788, -37.82610893], [144.99404277, -37.82607264], [144.99391839, -37.82603393], [144.99373678, -37.82596892], [144.99355795, -37.82589351], [144.9934355, -37.82583393], [144.99338171, -37.82580634], [144.99324139, -37.82572699], [144.99311547, -37.82564869], [144.99301015, -37.82557723], [144.99285505, -37.82546483], [144.99248725, -37.82518099], [144.99200696, -37.82480593], [144.99185836, -37.82468408], [144.99157732, -37.82448589], [144.9912251, -37.82428172], [144.99100201, -37.8241713], [144.99077659, -37.82407968], [144.99063284, -37.82402649], [144.9901828, -37.82388913], [144.98969571, -37.82375708], [144.98815786, -37.82333952], [144.98803454, -37.82330804], [144.98770016, -37.82322969], [144.98702771, -37.82307914], [144.98682686, -37.82302858], [144.98660767, -37.82296742], [144.98632589, -37.82287636], [144.98613559, -37.82280561], [144.9859528, -37.8227303], [144.98522051, -37.82241993], [144.98475245, -37.82221546], [144.98442053, -37.82206757], [144.98416111, -37.8219485], [144.98393343, -37.82184052], [144.98367217, -37.82171394], [144.98344719, -37.8215987], [144.98302856, -37.8213729], [144.98275558, -37.82122223], [144.98253264, -37.82109459], [144.98215411, -37.8208647], [144.98196874, -37.82074681], [144.98172255, -37.82058028], [144.98126799, -37.8202852], [144.98079623, -37.8199963], [144.98042921, -37.8197867], [144.98006215, -37.81956601], [144.97920159, -37.81907092], [144.97781909, -37.81825757], [144.97752635, -37.81808258], [144.97732417, -37.81795646], [144.97712197, -37.8178188], [144.9769444, -37.81769058], [144.97668109, -37.8174859], [144.97642608, -37.81726073], [144.97616627, -37.81699069], [144.97596399, -37.81674371], [144.97581088, -37.81653498], [144.97565097, -37.81628819], [144.97551997, -37.81605208], [144.97529764, -37.81559533], [144.97393444, -37.81274642], [144.97356794, -37.81197582], [144.97339132, -37.81156392], [144.97308958, -37.81091763], [144.97276735, -37.81022728], [144.97249634, -37.80972417], [144.97232383, -37.80942859], [144.97214144, -37.80919889], [144.97192702, -37.80898189], [144.97170183, -37.80879723], [144.97150824, -37.80865331], [144.97121591, -37.80848607], [144.97094043, -37.80836254], [144.970685, -37.80826217], [144.97044004, -37.80819009], [144.97015843, -37.80812909], [144.96991321, -37.80809134], [144.96972998, -37.80807133], [144.96963116, -37.80806295], [144.96938748, -37.80805596], [144.96910525, -37.80806749], [144.96888269, -37.80808979], [144.96860267, -37.80813263], [144.96818387, -37.80823661], [144.96669316, -37.80867589], [144.96248378, -37.80990686], [144.96153907, -37.81017086], [144.96016696, -37.8105657], [144.95513623, -37.811998], [144.95420592, -37.81226553], [144.95257374, -37.81272533], [144.95239261, -37.81278112], [144.95181467, -37.81298212], [144.95149836, -37.81310774], [144.95128107, -37.81320192], [144.95104505, -37.81333227], [144.95082646, -37.81347319], [144.95063334, -37.81362997], [144.95048182, -37.81377729], [144.95033294, -37.81395628], [144.95022056, -37.8141178], [144.95011559, -37.8143072], [144.95003061, -37.81450064], [144.94996516, -37.81473111], [144.94992929, -37.81493126], [144.94992193, -37.81513588], [144.9499359, -37.81535367], [144.94996412, -37.81552007], [144.95001636, -37.81570968], [144.95007764, -37.81585539], [144.95016918, -37.81604506], [144.95031353, -37.81627214], [144.9505019, -37.81651369], [144.95147762, -37.81770409], [144.9516099, -37.81788329], [144.95170573, -37.81800824], [144.95197929, -37.8183531], [144.95251019, -37.81902181], [144.95259441, -37.81913511], [144.95265795, -37.8192285], [144.95276843, -37.81941137], [144.95300043, -37.81975173], [144.95307775, -37.8198604], [144.95317464, -37.81998401], [144.95331288, -37.820137], [144.95338015, -37.82018557], [144.95356968, -37.82033224], [144.95370535, -37.82045473], [144.95382078, -37.82054478], [144.95403984, -37.82070413], [144.95423978, -37.82083611], [144.95431935, -37.82088354], [144.95447148, -37.8209654], [144.95466995, -37.82105581], [144.95475656, -37.8210875], [144.9549618, -37.82115496], [144.95508564, -37.82118721], [144.95530006, -37.82123518], [144.95539893, -37.82125042], [144.95556551, -37.82126971], [144.95566595, -37.82127749], [144.95588446, -37.82128408], [144.95601882, -37.82128101], [144.95622703, -37.82126561], [144.95639675, -37.82124548], [144.95649615, -37.82122891], [144.95669559, -37.82118551], [144.95684054, -37.82114459], [144.95704834, -37.82107394], [144.95721993, -37.82100248], [144.95731938, -37.82095527], [144.9574851, -37.82086596], [144.95758906, -37.82080351], [144.95802428, -37.82051917], [144.95818763, -37.82042053], [144.95839516, -37.82030607], [144.95847546, -37.82026547], [144.95861668, -37.82019916], [144.95883736, -37.8201062], [144.9589765, -37.82005337], [144.95920175, -37.81997626], [144.95959007, -37.81985989], [144.96026432, -37.8196652], [144.96050813, -37.81960274], [144.96064643, -37.81957206], [144.96078466, -37.81954426], [144.96091536, -37.81952139], [144.96105646, -37.81950067], [144.96122893, -37.81947932], [144.96134375, -37.81946797], [144.96149772, -37.81945829], [144.96164991, -37.81945579], [144.96174188, -37.81944927], [144.96185932, -37.81944599], [144.96210179, -37.81942793], [144.96223244, -37.81940712], [144.96267283, -37.81932183], [144.96281064, -37.81929249], [144.96306993, -37.81922876], [144.96317673, -37.81919961], [144.96340717, -37.8191315], [144.96353875, -37.81909737], [144.96362235, -37.81907691], [144.96391265, -37.81901723], [144.9641491, -37.81895364], [144.96455538, -37.81883252], [144.96527207, -37.81862628], [144.96570892, -37.8184964], [144.96653746, -37.8182546]]}}, {"type": "Feature", "properties": {"route_id": "aus:vic:vic-02-MDD:", "short_name": "Mernda", "long_name": "Mernda - City", "route_type": "train", "color": "BE1014", "text_color": "FFFFFF"}, "geometry": {"type": "LineString", "coordinates": [[144.9662735, -37.81811612], [144.96532987, -37.8183872], [144.96503173, -37.81847604], [144.96490487, -37.81851639], [144.96477581, -37.81856219], [144.96468325, -37.81859826], [144.96445246, -37.81869583], [144.96432768, -37.81873873], [144.96388241, -37.81888171], [144.96370573, -37.81894489], [144.96354936, -37.81901293], [144.96336177, -37.8190843], [144.9630516, -37.81918068], [144.96291272, -37.81922018], [144.96280696, -37.81924467], [144.9624358, -37.81931971], [144.96216382, -37.81937006], [144.96177564, -37.81943589], [144.96164984, -37.81945002], [144.96134375, -37.81946797], [144.96122893, -37.81947932], [144.96105646, -37.81950067], [144.96091536, -37.81952139], [144.96072286, -37.81955653], [144.96050813, -37.81960274], [144.96026432, -37.8196652], [144.95959007, -37.81985989], [144.95930257, -37.81994529], [144.95920175, -37.81997626], [144.95906713, -37.82002151], [144.95883736, -37.8201062], [144.95861668, -37.82019916], [144.95847546, -37.82026547], [144.95839516, -37.82030607], [144.95818763, -37.82042053], [144.95802428, -37.82051917], [144.95758906, -37.82080351], [144.9574851, -37.82086596], [144.95731938, -37.82095527], [144.95721993, -37.82100248], [144.95704834, -37.82107394], [144.95684054, -37.82114459], [144.95669559, -37.82118551], [144.95649615, -37.82122891], [144.95639675, -37.82124548], [144.95622703, -37.82126561], [144.95601882, -37.82128101], [144.95588446, -37.82128408], [144.95566595, -37.82127749], [144.95556551, -37.82126971], [144.95539893, -37.82125042], [144.95530006, -37.82123518], [144.95508564, -37.82118721], [144.9549618, -37.82115496], [144.95486955, -37.82112614], [144.95466995, -37.82105581], [144.95447148, -37.8209654], [144.95431935, -37.82088354], [144.95423978, -37.82083611], [144.95403984, -37.82070413], [144.95382078, -37.82054478], [144.95370535, -37.82045473], [144.95356968, -37.82033224], [144.95340487, -37.82017068], [144.95323857, -37.81997692], [144.95314317, -37.8198445], [144.95296279, -37.8195639], [144.95271608, -37.81915588], [144.95263173, -37.81899743], [144.95259269, -37.8189343], [144.95255741, -37.81888331], [144.95243853, -37.81872489], [144.95227688, -37.81849021], [144.95212754, -37.81829963], [144.95171753, -37.8177827], [144.95160998, -37.81765034], [144.9511996, -37.81722109], [144.95111148, -37.81712529], [144.95099375, -37.81698699], [144.95084472, -37.8168019], [144.95072356, -37.81665642], [144.95039726, -37.81623494], [144.95027098, -37.81603628], [144.95018242, -37.81584162], [144.95010633, -37.81563979], [144.95007135, -37.81549147], [144.95005211, -37.81534956], [144.95003933, -37.81514207], [144.95005604, -37.81494447], [144.95008661, -37.81475918], [144.9501509, -37.81454194], [144.95024555, -37.81432722], [144.95035106, -37.81415143], [144.95043225, -37.81402938], [144.95052069, -37.81392026], [144.95068727, -37.8137459], [144.95081707, -37.81363209], [144.95094667, -37.81352998], [144.95116224, -37.81339117], [144.95140722, -37.81325701], [144.95173393, -37.81312896], [144.95196198, -37.81304858], [144.95560765, -37.81201818], [144.95603204, -37.81189821], [144.95914529, -37.81098849], [144.96161696, -37.81027134], [144.96252943, -37.81000236], [144.96340739, -37.80974891], [144.96835425, -37.80830678], [144.96865098, -37.80823881], [144.96888816, -37.80820523], [144.96913389, -37.8081828], [144.96940161, -37.80817471], [144.96963354, -37.8081833], [144.96989556, -37.808209], [144.97014114, -37.80825009], [144.97037554, -37.80830559], [144.97063863, -37.80838771], [144.97087788, -37.80848186], [144.97113332, -37.80860252], [144.97138307, -37.80874867], [144.97157991, -37.80889021], [144.97177898, -37.80906612], [144.97195365, -37.80924567], [144.97213172, -37.809467], [144.97228375, -37.80972267], [144.97251798, -37.8102994], [144.97285703, -37.81103078], [144.97334372, -37.81208732], [144.97352202, -37.81240472], [144.97418389, -37.81347769], [144.97432885, -37.81374342], [144.97461768, -37.81425611], [144.97479324, -37.8145157], [144.97497256, -37.81472966], [144.97516678, -37.81491774], [144.97537917, -37.81509784], [144.97565538, -37.81528282], [144.97585443, -37.8153897], [144.97596495, -37.81544423], [144.97614606, -37.81551358], [144.97629415, -37.81556497], [144.97644903, -37.8156089], [144.97661133, -37.81564774], [144.97669506, -37.81566378], [144.97686132, -37.81569061], [144.9770364, -37.81571443], [144.98145171, -37.8162061], [144.98192111, -37.81625587], [144.98410043, -37.81650029], [144.98669583, -37.81678829], [144.9869323, -37.81681072], [144.98720585, -37.8168272], [144.98744738, -37.81683079], [144.98779908, -37.81682688], [144.98807633, -37.81680332], [144.98839373, -37.81676143], [144.98863895, -37.81670831], [144.98891488, -37.81662903], [144.98917898, -37.81654162], [144.98947932, -37.81642906], [144.98971937, -37.81632808], [144.98984651, -37.81626852], [144.98994208, -37.81621716], [144.990544, -37.81586228], [144.99096104, -37.81547594], [144.99109962, -37.81533384], [144.99124651, -37.81516161], [144.99131145, -37.81507918], [144.99146645, -37.81485932], [144.99151255, -37.81478035], [144.99156195, -37.81470144], [144.99162857, -37.81457776], [144.99171132, -37.81439984], [144.99179595, -37.81417761], [144.99183569, -37.81405266], [144.99188688, -37.81384843], [144.99203152, -37.81306353], [144.99204786, -37.81295513], [144.99224958, -37.81178596], [144.9923935, -37.81096392], [144.99249964, -37.81038357], [144.99253253, -37.81017992], [144.99258805, -37.80983689], [144.99270063, -37.80918211], [144.99273961, -37.80897992], [144.9927928, -37.80877347], [144.99285541, -37.80858376], [144.99300467, -37.80821429], [144.99310315, -37.80795859], [144.99316619, -37.80774456], [144.99319425, -37.80761833], [144.99327099, -37.80720879], [144.99345592, -37.80614251], [144.99352302, -37.8057155], [144.99360388, -37.80522492], [144.99364079, -37.80502369], [144.99376595, -37.80426847], [144.99378205, -37.80416042], [144.99383019, -37.80391747], [144.99403387, -37.8027157], [144.99406876, -37.80252182], [144.99413917, -37.80203539], [144.99415162, -37.80193602], [144.99417462, -37.80156873], [144.9941706, -37.80141933], [144.99416126, -37.80126084], [144.9941532, -37.8007108], [144.99416256, -37.80060381], [144.99429724, -37.79978603], [144.99442344, -37.79904209], [144.99453729, -37.79836399], [144.99460155, -37.79796586], [144.99464103, -37.79778288], [144.99471143, -37.7973634], [144.99493083, -37.79609539], [144.99516995, -37.79464378], [144.99528144, -37.7939478], [144.99530145, -37.7937451], [144.99531356, -37.79341052], [144.99530822, -37.7931964], [144.99528814, -37.79297698], [144.9952667, -37.79277899], [144.99523559, -37.79260633], [144.99518722, -37.79236246], [144.99515609, -37.79222432], [144.99508267, -37.79184827], [144.99504537, -37.79163198], [144.99503915, -37.79137053], [144.99506078, -37.79110397], [144.99505906, -37.79103319], [144.99506402, -37.79092523], [144.9950565, -37.79071611], [144.99505707, -37.79045559], [144.99509499, -37.7902204], [144.99525688, -37.7893272], [144.99541606, -37.78841665], [144.99556273, -37.78755662], [144.99563616, -37.78715468], [144.99568132, -37.78689104], [144.99569374, -37.78675526], [144.99569487, -37.78660803], [144.99569074, -37.78647963], [144.99567705, -37.78635152], [144.99565267, -37.78620737], [144.99561232, -37.78605348], [144.99556735, -37.78591907], [144.99549001, -37.78574292], [144.99544541, -37.78565366], [144.99537014, -37.78552694], [144.99530817, -37.78543378], [144.99522095, -37.78531659], [144.99516368, -37.78525064], [144.99507165, -37.78515174], [144.99485747, -37.7849511], [144.9944931, -37.78468157], [144.99364097, -37.78408336], [144.99289095, -37.78356799], [144.99198388, -37.78294062], [144.99168509, -37.78273267], [144.99161449, -37.78268118], [144.99146857, -37.78256442], [144.99107677, -37.78220601], [144.99099226, -37.78212328], [144.99094232, -37.78206791], [144.99088739, -37.78199983], [144.99083999, -37.78193477], [144.99080933, -37.78188441], [144.99078202, -37.7818324], [144.99075628, -37.78177654], [144.99071683, -37.78166934], [144.99070402, -37.78161821], [144.99068704, -37.78151131], [144.99068395, -37.78145773], [144.99068453, -37.78135266], [144.99069058, -37.78129689], [144.99070511, -37.78122567], [144.99072558, -37.78114924], [144.99074359, -37.78109187], [144.99076385, -37.781044], [144.99083061, -37.78092276], [144.99086694, -37.78086814], [144.9909103, -37.78081427], [144.99095669, -37.78076162], [144.9910369, -37.7806844], [144.99107862, -37.78064889], [144.99177273, -37.78011569], [144.99203391, -37.77992134], [144.99214225, -37.77982847], [144.99224146, -37.77973274], [144.9923647, -37.77959246], [144.99246785, -37.77945624], [144.99258491, -37.77927169], [144.99266315, -37.77909486], [144.99273909, -37.77889844], [144.99279127, -37.77869899], [144.99298941, -37.77772044], [144.99321387, -37.77662914], [144.99323963, -37.77651612], [144.99329258, -37.77622053], [144.99340797, -37.77564808], [144.99368417, -37.77433904], [144.99381562, -37.77368071], [144.99393225, -37.77312099], [144.99406376, -37.77249772], [144.99415093, -37.77214999], [144.99425279, -37.77182982], [144.99437757, -37.77152662], [144.99453308, -37.77120439], [144.99471691, -37.77085876], [144.99525277, -37.76983287], [144.99563823, -37.76910001], [144.99569685, -37.76894726], [144.9958501, -37.7686113], [144.99598424, -37.76828483], [144.99615593, -37.76785437], [144.99631954, -37.76739529], [144.99635305, -37.76726393], [144.99642405, -37.7669554], [144.99652085, -37.76656962], [144.99653622, -37.76648788], [144.99655671, -37.76640622], [144.9967419, -37.76553792], [144.99684252, -37.76511598], [144.99688002, -37.76494206], [144.9969136, -37.76476194], [144.99704288, -37.76398398], [144.99710631, -37.76360233], [144.99714979, -37.76336641], [144.99728507, -37.7625471], [144.99747819, -37.76140534], [144.99763244, -37.76052632], [144.99777464, -37.75968126], [144.99784611, -37.75923234], [144.99813753, -37.75751323], [144.99819032, -37.75718014], [144.99835396, -37.75622577], [144.9984362, -37.75576432], [144.99857137, -37.75495626], [144.99877365, -37.75372976], [144.99891725, -37.75287841], [144.99911841, -37.75172263], [144.9991949, -37.75123819], [144.99926437, -37.75086708], [144.99930389, -37.75068526], [144.99935715, -37.75045222], [144.99953604, -37.74972683], [144.99963044, -37.74929361], [144.99966186, -37.74912598], [144.99991361, -37.74767952], [145.00021015, -37.74593038], [145.00031986, -37.74524464], [145.00038225, -37.74476915], [145.00034534, -37.74415427], [145.00023344, -37.74363157], [144.99992074, -37.74252023], [144.99984954, -37.74199498], [144.99990514, -37.74136689], [144.99998916, -37.74088492], [145.00043073, -37.73885194], [145.00077384, -37.73727202], [145.00095513, -37.73648926], [145.001126, -37.73584907], [145.00126673, -37.73524892], [145.00130885, -37.73504561], [145.00146571, -37.73432254], [145.00152406, -37.73402622], [145.00165875, -37.73343543], [145.00200693, -37.73180838], [145.00216788, -37.73106798], [145.00231588, -37.73040784], [145.00237303, -37.7301262], [145.00255887, -37.72924861], [145.00264534, -37.72887672], [145.00274371, -37.72842932], [145.0028909, -37.72776096], [145.00307045, -37.72692707], [145.0031317, -37.72662341], [145.00340574, -37.72533809], [145.00380801, -37.72346799], [145.00399979, -37.72263412], [145.00405917, -37.72240847], [145.00411581, -37.72220883], [145.00425535, -37.72178231], [145.00437385, -37.72146737], [145.00446589, -37.72124237], [145.00456787, -37.72101041], [145.00467136, -37.72078957], [145.00477775, -37.72057941], [145.00500127, -37.72016], [145.00511596, -37.71995322], [145.00571151, -37.71885159], [145.00603821, -37.71827296], [145.00637087, -37.71770903], [145.00670175, -37.71713516], [145.00698337, -37.71665517], [145.00736722, -37.716001], [145.00742974, -37.71589878], [145.0076254, -37.71556143], [145.00777711, -37.71529733], [145.00788415, -37.71509196], [145.0079682, -37.71491431], [145.00804207, -37.71472712], [145.0081078, -37.71454331], [145.00815469, -37.71438522], [145.00820534, -37.7141842], [145.00823633, -37.71403071], [145.00836216, -37.7133099], [145.00846856, -37.71278477], [145.00859279, -37.7122503], [145.00870205, -37.71176234], [145.0090365, -37.70991324], [145.00939443, -37.70790259], [145.01042049, -37.70215712], [145.01064548, -37.70080516], [145.0106691, -37.70063856], [145.01077129, -37.70003216], [145.01082033, -37.69975893], [145.01085969, -37.69949167], [145.01095795, -37.6990403], [145.01100503, -37.69885319], [145.01120722, -37.69809041], [145.0112762, -37.69780958], [145.01149063, -37.69661416], [145.01165252, -37.6956107], [145.01198302, -37.69356361], [145.01204611, -37.69306974], [145.01210321, -37.6924733], [145.01214379, -37.69191362], [145.01217333, -37.69157608], [145.01268272, -37.68849328], [145.01277944, -37.68793292], [145.01279316, -37.68783952], [145.01281123, -37.68774042], [145.01335138, -37.68447601], [145.01340151, -37.68420784], [145.01344232, -37.68402577], [145.01353292, -37.68368159], [145.01365127, -37.68332139], [145.01379212, -37.68291706], [145.01384445, -37.68273671], [145.01389122, -37.68256446], [145.01392934, -37.6823982], [145.014003, -37.68201283], [145.01407949, -37.68152143], [145.01416365, -37.68104467], [145.0142844, -37.68031367], [145.01519094, -37.67484702], [145.01530119, -37.67416072], [145.01534832, -37.67388953], [145.01551719, -37.6728367], [145.01557115, -37.67253471], [145.01567141, -37.67190367], [145.01585181, -37.67084761], [145.01586459, -37.67074239], [145.01597019, -37.67015748], [145.01602229, -37.66989124], [145.01616304, -37.66930179], [145.01622763, -37.6690773], [145.01638488, -37.66853652], [145.01644096, -37.66835921], [145.01680851, -37.66713687], [145.01719086, -37.66585233], [145.01756019, -37.66460893], [145.01772805, -37.66405643], [145.01780133, -37.66383317], [145.01788843, -37.66359312], [145.01798475, -37.66334312], [145.01823005, -37.66275587], [145.01845444, -37.66232797], [145.01869801, -37.66190354], [145.0189586, -37.66149931], [145.0192299, -37.6611104], [145.01954611, -37.66070783], [145.01979604, -37.66041021], [145.02011217, -37.6600618], [145.0202903, -37.65987247], [145.02123374, -37.65889653], [145.02151057, -37.65861441], [145.02188609, -37.65822274], [145.02227914, -37.65786273], [145.02282224, -37.65744764], [145.02322455, -37.65714824], [145.02389782, -37.65664178], [145.024229, -37.65638689], [145.02451735, -37.65612676], [145.02468769, -37.65596118], [145.02483738, -37.65580057], [145.02504621, -37.65554704], [145.02514855, -37.65541511], [145.02539091, -37.65511519], [145.02548649, -37.65500297], [145.02568294, -37.65479276], [145.0257786, -37.6546992], [145.02589506, -37.65459048], [145.0261145, -37.65440652], [145.02625829, -37.65429294], [145.02637524, -37.65420829], [145.02661565, -37.65404595], [145.02687918, -37.65388797], [145.02705058, -37.65379323], [145.0273489, -37.65363979], [145.02949621, -37.6525591], [145.0296088, -37.65250637], [145.02986855, -37.65239671], [145.02998892, -37.65235393], [145.03005875, -37.65233229], [145.0302203, -37.65228849], [145.03037546, -37.65225044], [145.03060472, -37.65220037], [145.03072846, -37.65218036], [145.03091027, -37.65216312], [145.03145743, -37.65213621], [145.03312182, -37.6520552], [145.03365152, -37.652037], [145.03406995, -37.65203479], [145.03431205, -37.65204396], [145.0346774, -37.65205131], [145.03532696, -37.65206979], [145.03606494, -37.65207524], [145.03641815, -37.65207031], [145.03677905, -37.65206198], [145.0371049, -37.65204984], [145.03839379, -37.65199378], [145.04591883, -37.65165297], [145.04679625, -37.65160136], [145.04721989, -37.65156872], [145.04754582, -37.65154077], [145.0480709, -37.65148647], [145.0486134, -37.65142534], [145.05917349, -37.65012478], [145.06106465, -37.64989003], [145.0614304, -37.64984711], [145.06228977, -37.64973858], [145.06285438, -37.64965863], [145.0635487, -37.64955072], [145.06432288, -37.64942707], [145.06506156, -37.64931753], [145.06587312, -37.6492118], [145.06765819, -37.64899305], [145.0678744, -37.64896441], [145.06840439, -37.64890334], [145.06864727, -37.64887758], [145.06887485, -37.64885643], [145.07031467, -37.64874608], [145.07081558, -37.64869642], [145.07128708, -37.64863988], [145.08074943, -37.64744306], [145.0875749, -37.64661596], [145.08790524, -37.64656481], [145.08822367, -37.64650076], [145.08852604, -37.64642636], [145.08882079, -37.64634002], [145.08912546, -37.64623339], [145.08942959, -37.64611241], [145.08968976, -37.64599109], [145.0898424, -37.64591227], [145.09013421, -37.64574577], [145.09027104, -37.64566066], [145.09053605, -37.64547831], [145.09075834, -37.64530436], [145.09088325, -37.64520203], [145.09098891, -37.64510794], [145.09237581, -37.643811], [145.09294118, -37.64328167], [145.09315238, -37.64307996], [145.09336316, -37.64285942], [145.0936044, -37.64258214], [145.09380586, -37.64230917], [145.09388209, -37.64218649], [145.09401172, -37.6419658], [145.09409448, -37.64180068], [145.0941887, -37.64159511], [145.09428254, -37.64133788], [145.09437623, -37.64101568], [145.09466125, -37.63985393], [145.09499306, -37.63865653], [145.09527277, -37.63787076], [145.0952906, -37.63782473], [145.09543215, -37.63750519], [145.09551888, -37.63729976], [145.09570082, -37.63678261], [145.09575438, -37.63662008], [145.09591375, -37.63600622], [145.09598876, -37.63563352], [145.09606455, -37.63519936], [145.09628654, -37.63383661], [145.0965921, -37.6319296], [145.09681301, -37.63041723], [145.09684555, -37.630119], [145.09699175, -37.62806144], [145.09711385, -37.62626368], [145.09716849, -37.62519652], [145.09719915, -37.62453183], [145.09731022, -37.62291313], [145.0974433, -37.62103092], [145.09754155, -37.61995023], [145.09770153, -37.61776744], [145.09772079, -37.61746061], [145.09775552, -37.61704941], [145.09780005, -37.61664899], [145.09784175, -37.6163866], [145.09790286, -37.61606467], [145.09802147, -37.61546899], [145.09833388, -37.61410146], [145.09856475, -37.61310591], [145.0987428, -37.61236014], [145.09961575, -37.60845488], [145.10015982, -37.60598942], [145.10021881, -37.60570117], [145.100267, -37.60540986], [145.10031107, -37.60508901], [145.10040876, -37.60444612], [145.10045387, -37.60417801], [145.10052586, -37.6038194], [145.10059028, -37.60351772], [145.10086202, -37.60229742]]}}, {"type": "Feature", "properties": {"route_id": "aus:vic:vic-02-PKM:", "short_name": "Pakenham", "long_name": "Pakenham - City", "route_type": "train", "color": "34ACE1", "text_color": "000000"}, "geometry": {"type": "LineString", "coordinates": [[144.96692546, -37.81602935], [144.96731315, -37.81688297], [144.96752068, -37.81733083], [144.96808535, -37.8185997], [144.96878916, -37.81953042], [144.97039609, -37.82137526], [144.97081105, -37.82209848], [144.97154663, -37.82453902], [144.97167756, -37.82527159], [144.97170695, -37.82591589], [144.97166382, -37.8266697], [144.97160565, -37.82706774], [144.97151185, -37.82755573], [144.97143851, -37.82801821], [144.97124422, -37.82927534], [144.97121516, -37.82956916], [144.97118981, -37.82999246], [144.97122912, -37.83069767], [144.97128602, -37.83098478], [144.9715148, -37.83153844], [144.97174488, -37.83200344], [144.97190541, -37.83223646], [144.97205012, -37.83236647], [144.97227128, -37.83252257], [144.97247387, -37.83267602], [144.97285734, -37.83304147], [144.97390395, -37.83403753], [144.97433093, -37.83445807], [144.97523198, -37.83537222], [144.97559265, -37.83597851], [144.97592605, -37.83629389], [144.97635575, -37.83661579], [144.97710465, -37.8370742], [144.97743815, -37.83722412], [144.9777545, -37.83733661], [144.97807506, -37.83743179], [144.97840018, -37.83750189], [144.97879159, -37.83757836], [144.97933107, -37.83766729], [144.97980706, -37.83773854], [144.98064264, -37.83783669], [144.98250542, -37.83806517], [144.98291161, -37.83810863], [144.98320821, -37.83813263], [144.98355261, -37.83815403], [144.98431661, -37.83818983], [144.98505887, -37.83821858], [144.98625563, -37.8382523], [144.98647273, -37.83826674], [144.98671282, -37.83829229], [144.98732317, -37.83839573], [144.98761089, -37.83844976], [144.98874654, -37.83871294], [144.98975162, -37.8390311], [144.990821, -37.83944659], [144.99140565, -37.83966853], [144.99208116, -37.839976], [144.99226109, -37.84009171], [144.99260247, -37.84040114], [144.99289195, -37.84070923], [144.9930133, -37.84080637], [144.99322604, -37.84095671], [144.99330685, -37.84100666], [144.99351557, -37.84112503], [144.99381992, -37.84126639], [144.9940569, -37.84136126], [144.99432149, -37.84145589], [144.99480239, -37.84161989], [144.99603955, -37.84205271], [144.99664173, -37.84227933], [144.99700539, -37.84243394], [144.99885295, -37.84326128], [145.00002737, -37.8437932], [145.00025862, -37.84389013], [145.00051765, -37.84399799], [145.00077142, -37.84409449], [145.00108698, -37.84420042], [145.00134915, -37.8442803], [145.00162002, -37.84437087], [145.00188874, -37.84446924], [145.00205248, -37.84453294], [145.00225045, -37.84461686], [145.00244576, -37.84470687], [145.0027258, -37.84484482], [145.00314761, -37.84506087], [145.00331654, -37.84513871], [145.0036307, -37.84526326], [145.00551701, -37.84593589], [145.0070829, -37.84649798], [145.00730063, -37.84657412], [145.00917311, -37.84727781], [145.00945317, -37.84738618], [145.0096654, -37.84747304], [145.01001039, -37.84762657], [145.01017914, -37.84770756], [145.01034596, -37.84779256], [145.01067329, -37.84796923], [145.01083492, -37.84806127], [145.01099237, -37.84815693], [145.01143891, -37.84844808], [145.01163621, -37.84859163], [145.01183003, -37.84873801], [145.01201872, -37.84889341], [145.01220572, -37.84905229], [145.01262599, -37.8494459], [145.01272416, -37.8495402], [145.01386722, -37.85068443], [145.01442148, -37.85123584], [145.01503475, -37.85185466], [145.01738966, -37.85428067], [145.0183684, -37.855298], [145.01849318, -37.8554177], [145.01863698, -37.85554818], [145.01904775, -37.8558961], [145.01914061, -37.8559812], [145.01932528, -37.85615616], [145.01951177, -37.85635269], [145.01967036, -37.85653406], [145.01993026, -37.85686277], [145.02006968, -37.85703409], [145.02016588, -37.85714736], [145.02048955, -37.85749714], [145.02425515, -37.86142674], [145.02460261, -37.86178096], [145.0248471, -37.86202424], [145.02510819, -37.86226734], [145.02579093, -37.86289169], [145.02781774, -37.86473974], [145.02846163, -37.86533521], [145.02880973, -37.86564978], [145.02930575, -37.86610444], [145.0294902, -37.86626416], [145.03013778, -37.8668285], [145.03075527, -37.86736233], [145.0312545, -37.86779964], [145.03529382, -37.87142472], [145.03538213, -37.87150658], [145.03897122, -37.87473173], [145.03952009, -37.87521724], [145.0396858, -37.8753604], [145.03997528, -37.87560386], [145.04034398, -37.87590838], [145.04048913, -37.87602551], [145.04070322, -37.87618399], [145.04093133, -37.87634108], [145.04122879, -37.87652807], [145.04137434, -37.87660871], [145.04166733, -37.87675904], [145.04202165, -37.8769458], [145.04235216, -37.87714298], [145.04243469, -37.877195], [145.04307266, -37.87761429], [145.04349115, -37.87789422], [145.04366194, -37.87802241], [145.04468784, -37.87887657], [145.04480513, -37.87895998], [145.04606171, -37.87979813], [145.0464644, -37.88008292], [145.04720257, -37.88063227], [145.04755434, -37.88087386], [145.04787838, -37.88108479], [145.04824702, -37.88130358], [145.04914413, -37.88181113], [145.04970918, -37.88213573], [145.05008191, -37.88234611], [145.05026875, -37.88244852], [145.05064719, -37.88264088], [145.05104255, -37.88282559], [145.05123848, -37.88291103], [145.05244627, -37.88340991], [145.05284545, -37.88358377], [145.05640447, -37.88518353], [145.05856914, -37.88615964], [145.05965851, -37.88664704], [145.06480657, -37.8889944], [145.06560755, -37.88933316], [145.06738847, -37.89013492], [145.06862515, -37.89069422], [145.06928806, -37.89099194], [145.07006491, -37.89133353], [145.07263458, -37.89249148], [145.0738161, -37.89303243], [145.07581332, -37.89393204], [145.07803737, -37.89493617], [145.07831122, -37.89506681], [145.07927615, -37.89554361], [145.07982092, -37.89579555], [145.08460825, -37.89795539], [145.08551746, -37.89836887], [145.08582516, -37.89851986], [145.08603698, -37.89863578], [145.08624986, -37.89876387], [145.08653954, -37.89895648], [145.08701097, -37.89930218], [145.08739902, -37.89960038], [145.08834829, -37.90031774], [145.08884194, -37.90068893], [145.08960532, -37.90126826], [145.08986586, -37.90147129], [145.09064942, -37.90209789], [145.09097504, -37.90234857], [145.09356135, -37.9043084], [145.09432438, -37.90488246], [145.09579535, -37.90599797], [145.10055983, -37.90960284], [145.10089939, -37.90984947], [145.10141753, -37.91021083], [145.10162504, -37.91035972], [145.10248256, -37.91100609], [145.10353712, -37.9117936], [145.10483936, -37.91278399], [145.10769449, -37.91494448], [145.10999657, -37.91667913], [145.11132517, -37.91768618], [145.11343932, -37.91928067], [145.11481434, -37.9203224], [145.11505195, -37.92049761], [145.11534441, -37.92070317], [145.11555569, -37.92084489], [145.11636904, -37.92136816], [145.11659507, -37.92151606], [145.11680545, -37.92165758], [145.11703204, -37.92181882], [145.11717978, -37.92192744], [145.11794836, -37.92252109], [145.11831888, -37.92280287], [145.11859671, -37.92300737], [145.11944944, -37.92361651], [145.11973738, -37.9238264], [145.12095345, -37.9247417], [145.12385754, -37.92693691], [145.12431776, -37.92729463], [145.12468734, -37.9275926], [145.12661866, -37.92917322], [145.12699323, -37.92946793], [145.12756875, -37.92990109], [145.12897078, -37.93093894], [145.12960608, -37.93140243], [145.13013944, -37.93180779], [145.13218454, -37.93343348], [145.13254064, -37.93370886], [145.13308751, -37.93412136], [145.13361414, -37.93449271], [145.13396872, -37.93473436], [145.13428486, -37.93495728], [145.13457933, -37.93517364], [145.13510569, -37.93556994], [145.13541877, -37.93579714], [145.13590025, -37.93612802], [145.13632412, -37.93641564], [145.13645846, -37.93651194], [145.1366894, -37.9366806], [145.13820883, -37.93782844], [145.13865178, -37.93816321], [145.1388171, -37.93829496], [145.13909264, -37.93853165], [145.13930395, -37.93872099], [145.13952627, -37.93891583], [145.13960815, -37.93898561], [145.13976615, -37.93911401], [145.13999357, -37.93928721], [145.1403023, -37.93951711], [145.14037805, -37.93956346], [145.14049745, -37.93964808], [145.14076164, -37.93985223], [145.1421604, -37.94091726], [145.14383938, -37.9421801], [145.14432091, -37.9425397], [145.14479835, -37.94290347], [145.14494611, -37.94300511], [145.14602165, -37.94382259], [145.14641566, -37.94411529], [145.14720688, -37.94471839], [145.14823386, -37.94549137], [145.14917985, -37.94619981], [145.15014162, -37.94687001], [145.15022767, -37.94693742], [145.15051396, -37.94717939], [145.15077336, -37.94736379], [145.15138972, -37.94778559], [145.15244177, -37.94853334], [145.15303962, -37.94898629], [145.15330321, -37.94918112], [145.15394251, -37.94966536], [145.15474987, -37.95026956], [145.15540806, -37.95077779], [145.1555818, -37.95092948], [145.15587642, -37.95117643], [145.15656525, -37.95176173], [145.15796507, -37.95289311], [145.15860575, -37.95340681], [145.15948755, -37.95405018], [145.16066646, -37.9549389], [145.16130405, -37.95538594], [145.16169245, -37.95564362], [145.16223869, -37.95599839], [145.16276292, -37.95636426], [145.16336712, -37.95683682], [145.16377786, -37.95715801], [145.16544213, -37.95853396], [145.16602264, -37.95897198], [145.16649783, -37.95932048], [145.16687416, -37.95957544], [145.16732932, -37.95987379], [145.16812527, -37.96040059], [145.16843346, -37.96061789], [145.1687385, -37.9608382], [145.17070404, -37.96231393], [145.17207615, -37.96334927], [145.17288032, -37.96395204], [145.17406307, -37.9648314], [145.17432847, -37.96501747], [145.17544248, -37.96583808], [145.17596689, -37.96623859], [145.17670872, -37.96680513], [145.17685776, -37.9669099], [145.17816135, -37.96794258], [145.1795656, -37.96902619], [145.18340211, -37.97219974], [145.18407397, -37.97272307], [145.18514284, -37.97350864], [145.18648397, -37.97451496], [145.18742224, -37.97521117], [145.18833262, -37.97581052], [145.18875379, -37.97609096], [145.18990522, -37.97684739], [145.19149591, -37.97796086], [145.1931677, -37.9791307], [145.19811872, -37.98257403], [145.20002869, -37.98388333], [145.20059124, -37.98428531], [145.20138116, -37.98484216], [145.20314365, -37.98606407], [145.20407744, -37.98671773], [145.20436815, -37.98691367], [145.20511556, -37.98743686], [145.20605657, -37.9880853], [145.20635186, -37.98829437], [145.20665338, -37.98850038], [145.20675665, -37.98856612], [145.20694052, -37.98867473], [145.20703595, -37.98872584], [145.20737375, -37.9888914], [145.20979475, -37.99000844], [145.21002039, -37.99011389], [145.2110531, -37.99058624], [145.21116091, -37.99063862], [145.21175235, -37.99091112], [145.21240545, -37.99120898], [145.21283859, -37.99141662], [145.21304278, -37.99152849], [145.21314428, -37.99158798], [145.21325076, -37.99165809], [145.21339715, -37.99176332], [145.21355224, -37.99189004], [145.21374481, -37.99207744], [145.21385451, -37.99220239], [145.21392612, -37.99229251], [145.2140524, -37.99246629], [145.21445632, -37.99308099], [145.21451649, -37.99317806], [145.2148343, -37.99366214], [145.21579668, -37.99514207], [145.21639609, -37.99605082], [145.21655815, -37.99628551], [145.21674623, -37.9965415], [145.21691015, -37.99674658], [145.21706283, -37.99692643], [145.21728525, -37.99716582], [145.21757035, -37.99744581], [145.21771503, -37.99758003], [145.21796537, -37.99779533], [145.2181778, -37.9979632], [145.21841956, -37.99814268], [145.21870152, -37.99833593], [145.21886225, -37.99843768], [145.21908828, -37.99857538], [145.21929163, -37.99869057], [145.21950618, -37.99880854], [145.21985276, -37.99898141], [145.22059125, -37.99932233], [145.22101184, -37.9995101], [145.22210122, -38.000007], [145.22248413, -38.00017554], [145.22300509, -38.00040971], [145.2243396, -38.00101411], [145.22570429, -38.0016294], [145.22594668, -38.00173652], [145.22621634, -38.00186053], [145.22658095, -38.00202356], [145.22827885, -38.00279291], [145.2295034, -38.00335143], [145.22984073, -38.00349872], [145.23982582, -38.00800677], [145.24245965, -38.00919203], [145.24418996, -38.00997741], [145.24580556, -38.01070742], [145.24690197, -38.01119077], [145.25667682, -38.01558892], [145.25702335, -38.01574222], [145.2575713, -38.01596158], [145.25843585, -38.01624213], [145.25909806, -38.01642289], [145.25964324, -38.01654821], [145.26049014, -38.0166989], [145.26111144, -38.0167846], [145.26182988, -38.01687147], [145.26236272, -38.01692143], [145.2648575, -38.01720178], [145.26515029, -38.0172389], [145.26542536, -38.0172791], [145.26705055, -38.01753044], [145.26759075, -38.01761681], [145.26939874, -38.0178216], [145.27007729, -38.0179008], [145.27029597, -38.01792628], [145.27124456, -38.01802206], [145.27272269, -38.01817797], [145.27335512, -38.01824692], [145.27384019, -38.01829433], [145.27435264, -38.0183406], [145.27481183, -38.01837438], [145.27552127, -38.01841426], [145.27593893, -38.0184412], [145.27679548, -38.01850324], [145.27709308, -38.01853022], [145.27924296, -38.01875546], [145.28312714, -38.01917967], [145.28464692, -38.01933496], [145.2858479, -38.01946369], [145.28660625, -38.01955126], [145.28695005, -38.01960043], [145.28725539, -38.0196521], [145.28794148, -38.01979547], [145.28844145, -38.01992819], [145.28897979, -38.0200914], [145.28945017, -38.02025243], [145.28999953, -38.02047554], [145.29035542, -38.02063689], [145.29131657, -38.02112652], [145.2932121, -38.02211202], [145.29741039, -38.0243034], [145.29820991, -38.02470727], [145.29878097, -38.02498481], [145.30057313, -38.02581811], [145.30097042, -38.02602887], [145.30163889, -38.02637666], [145.3038183, -38.02753317], [145.3039169, -38.02758542], [145.30502333, -38.02815102], [145.3059521, -38.02864537], [145.30657923, -38.02895982], [145.30805753, -38.02973559], [145.30859808, -38.03000561], [145.30910115, -38.0302358], [145.30975728, -38.03049433], [145.31036448, -38.03069555], [145.31118531, -38.03091679], [145.31242316, -38.03119681], [145.31388354, -38.03153661], [145.31556097, -38.03192132], [145.31900635, -38.03272088], [145.32033997, -38.03304086], [145.32478704, -38.03405283], [145.3256441, -38.03422293], [145.32637874, -38.03434982], [145.32687646, -38.03442387], [145.3279347, -38.0345504], [145.32894991, -38.03465072], [145.33709441, -38.03541554], [145.33784415, -38.03549572], [145.33862459, -38.03562985], [145.33944541, -38.03582737], [145.34023387, -38.03608093], [145.34076768, -38.03629322], [145.341432, -38.03660026], [145.34198807, -38.03691748], [145.3422206, -38.03705522], [145.3427411, -38.03741898], [145.34289076, -38.03753329], [145.34329595, -38.03786172], [145.34375355, -38.03827163], [145.34423447, -38.03871422], [145.34453225, -38.03901626], [145.34489743, -38.03942171], [145.34519349, -38.03977528], [145.34554601, -38.04023264], [145.34585093, -38.04066346], [145.3462096, -38.04118706], [145.34636575, -38.04139851], [145.34655095, -38.04165534], [145.34669897, -38.04184821], [145.34687604, -38.04206662], [145.34704883, -38.04226723], [145.34726463, -38.04250682], [145.34777912, -38.0430445], [145.34802843, -38.04329917], [145.34845025, -38.04371171], [145.34865467, -38.04389491], [145.34892492, -38.04412022], [145.34914142, -38.04429368], [145.34938855, -38.04447297], [145.34960088, -38.04461888], [145.34985184, -38.04478003], [145.35007831, -38.0449155], [145.35046721, -38.04513022], [145.3506302, -38.04521514], [145.35112235, -38.04544527], [145.35175003, -38.04570407], [145.35253462, -38.04601994], [145.35330167, -38.04632511], [145.35354225, -38.04641608], [145.35393108, -38.0465741], [145.35453987, -38.04680738], [145.35565141, -38.04721063], [145.35752455, -38.04786441], [145.35792784, -38.04800838], [145.36321631, -38.04986237], [145.36370328, -38.0500311], [145.3647342, -38.05039538], [145.3661225, -38.05087835], [145.36829792, -38.05164161], [145.36902619, -38.05190243], [145.36929733, -38.05200478], [145.36957465, -38.05211641], [145.36978659, -38.05220523], [145.37011133, -38.05235231], [145.37037866, -38.05248254], [145.37065574, -38.05262571], [145.37085855, -38.05273621], [145.37115972, -38.05290792], [145.37149987, -38.0531209], [145.37167914, -38.05323937], [145.37191986, -38.05340879], [145.3721643, -38.0535898], [145.37241703, -38.05378787], [145.37263174, -38.05396324], [145.37286641, -38.05416412], [145.37722164, -38.05800134], [145.37757134, -38.05830536], [145.3781186, -38.05875711], [145.37827378, -38.05887362], [145.37851679, -38.05904874], [145.37867422, -38.0591559], [145.37892896, -38.05932172], [145.37925109, -38.0595064], [145.37958595, -38.05968792], [145.37995088, -38.05986526], [145.38029911, -38.06001921], [145.38066765, -38.06016767], [145.38120491, -38.06035071], [145.38156463, -38.06045921], [145.38190247, -38.06054732], [145.38224802, -38.06062714], [145.38266784, -38.06071367], [145.38306709, -38.06079279], [145.39689125, -38.06343173], [145.40737749, -38.06543627], [145.41035622, -38.06600669], [145.41104546, -38.06614146], [145.41171439, -38.06627667], [145.41368471, -38.06664168], [145.43815935, -38.07131646], [145.45631639, -38.07478403], [145.46122386, -38.07570761], [145.4644211, -38.07632079], [145.46766466, -38.07694648], [145.47007517, -38.07746986], [145.47222283, -38.07788811], [145.47416812, -38.07824729], [145.47690914, -38.07877526], [145.48076981, -38.07951241], [145.48218747, -38.0797809], [145.4838937, -38.08009988], [145.48572689, -38.08044939], [145.48726873, -38.08074673], [145.49273897, -38.08178754], [145.49333698, -38.08189326], [145.49423046, -38.08202953], [145.49571163, -38.08222522], [145.49624395, -38.08229332], [145.49678505, -38.08237207], [145.49774578, -38.08252702], [145.49956006, -38.08286544], [145.50011765, -38.08300828], [145.50067164, -38.08311566], [145.50212329, -38.08339056], [145.5025607, -38.08348977], [145.50348647, -38.08371614], [145.50453627, -38.08397788], [145.50552335, -38.0841623], [145.50702076, -38.08444854]]}}, {"type": "Feature", "properties": {"route_id": "aus:vic:vic-02-RCE:", "short_name": "Flemington Racecourse", "long_name": "Flemington Racecourse - City", "route_type": "train", "color": "95979A", "text_color": "000000"}, "geometry": {"type": "LineString", "coordinates": [[144.96663863, -37.81841774], [144.96615592, -37.81854269], [144.96514948, -37.81881314], [144.96488028, -37.81887806], [144.96434392, -37.81899107], [144.96398352, -37.81907189], [144.96330732, -37.8192344], [144.96304402, -37.81929527], [144.96278988, -37.81934954], [144.9624108, -37.81943571], [144.96224691, -37.81946739], [144.96207731, -37.81949194], [144.96184544, -37.81951271], [144.96152024, -37.81953168], [144.96134892, -37.8195443], [144.96120609, -37.81955787], [144.96108411, -37.81957324], [144.96092623, -37.81959709], [144.96076937, -37.81962493], [144.96054826, -37.81967174], [144.96039395, -37.81971034], [144.95942274, -37.81999144], [144.95926727, -37.82003894], [144.95913764, -37.82008058], [144.95891334, -37.82016069], [144.95871444, -37.82024231], [144.95861691, -37.82028568], [144.95846789, -37.82035879], [144.95840614, -37.82039016], [144.95823541, -37.82048426], [144.95753403, -37.8209207], [144.95741312, -37.82098763], [144.95726889, -37.8210602], [144.95719955, -37.82109044], [144.95699354, -37.82117032], [144.95688659, -37.82120514], [144.9567026, -37.82125692], [144.95661709, -37.82127616], [144.95642246, -37.82131388], [144.95630515, -37.82132887], [144.95610923, -37.82134764], [144.95594684, -37.82135347], [144.95586787, -37.8213539], [144.95579109, -37.82135338], [144.95570985, -37.82134972], [144.95547134, -37.82133116], [144.95535444, -37.82131471], [144.95519581, -37.82128699], [144.95500361, -37.82124112], [144.95484855, -37.82119526], [144.95469666, -37.82114207], [144.95457914, -37.82109451], [144.95451055, -37.82106458], [144.95437881, -37.82100146], [144.95425212, -37.8209323], [144.9541807, -37.82088969], [144.95395235, -37.82073361], [144.95371472, -37.8205597], [144.95323193, -37.8202131], [144.95307765, -37.82006938], [144.95300143, -37.81999127], [144.95292904, -37.81990567], [144.95286708, -37.81982502], [144.95281801, -37.81975099], [144.95259342, -37.81936039], [144.95255027, -37.81928133], [144.9524982, -37.81920049], [144.95245426, -37.81913817], [144.95227773, -37.81891594], [144.95190548, -37.81843409], [144.95166445, -37.81812918], [144.95147757, -37.81788279], [144.95122529, -37.81756533], [144.95107145, -37.81738981], [144.95088088, -37.81714958], [144.95069232, -37.81689433], [144.9506048, -37.81679376], [144.95035438, -37.81654068], [144.95022483, -37.81639469], [144.94990686, -37.81599678], [144.94985155, -37.81593463], [144.94975908, -37.81581974], [144.94968876, -37.81573786], [144.94960816, -37.81565364], [144.94928632, -37.81533019], [144.94914572, -37.81517707], [144.94902902, -37.81503508], [144.94873506, -37.81466481], [144.94858018, -37.81446556], [144.94841495, -37.81425839], [144.94813725, -37.8139002], [144.94783608, -37.8135361], [144.94751657, -37.81318646], [144.94729115, -37.81295057], [144.94714068, -37.81279754], [144.94696034, -37.81263192], [144.94668955, -37.81236901], [144.9465072, -37.81220218], [144.94643671, -37.81213877], [144.94623505, -37.81196808], [144.94574928, -37.81160103], [144.9454764, -37.8113853], [144.94531575, -37.81124318], [144.94516073, -37.81109448], [144.94478303, -37.81072616], [144.94459241, -37.81053449], [144.94438365, -37.81029627], [144.94355203, -37.80922927], [144.94301666, -37.80855098], [144.94287104, -37.80836306], [144.94282724, -37.80830399], [144.94276724, -37.8082149], [144.94271395, -37.80813376], [144.9426272, -37.80799383], [144.94253569, -37.80786138], [144.94213799, -37.80735554], [144.94156558, -37.80662973], [144.94129845, -37.80631001], [144.94114555, -37.80611448], [144.94102617, -37.80596749], [144.94075634, -37.8056552], [144.94043056, -37.80530066], [144.9400237, -37.80494163], [144.93967766, -37.80458854], [144.93936243, -37.80425932], [144.93912091, -37.80403241], [144.93908003, -37.80399114], [144.93891906, -37.80380449], [144.93883039, -37.80372534], [144.93868058, -37.8035989], [144.93858095, -37.80352218], [144.93847607, -37.80344627], [144.93831898, -37.80334466], [144.93819908, -37.8032738], [144.93810722, -37.80322389], [144.93771169, -37.80302168], [144.93675624, -37.80254967], [144.93481207, -37.80158233], [144.93464379, -37.80149548], [144.9344188, -37.80137294], [144.93421284, -37.80124848], [144.93413354, -37.80119626], [144.93397915, -37.8010919], [144.93379036, -37.80095044], [144.93363374, -37.80081991], [144.93350321, -37.8007029], [144.93335424, -37.80055501], [144.93326834, -37.80046258], [144.93318375, -37.80036422], [144.93305767, -37.80020177], [144.93291607, -37.80000121], [144.93276088, -37.7997668], [144.93250291, -37.79936521], [144.93243046, -37.79924669], [144.93234342, -37.79908953], [144.93229498, -37.79898982], [144.93221672, -37.79880686], [144.93216743, -37.79867244], [144.93207912, -37.79841424], [144.93158416, -37.79693303], [144.93149346, -37.79665496], [144.93137369, -37.7963032], [144.93093136, -37.79498007], [144.93078975, -37.79467849], [144.9307327, -37.7945132], [144.93059525, -37.79408732], [144.93054245, -37.79390382], [144.93051307, -37.79379282], [144.93046642, -37.79361708], [144.93020307, -37.79251437], [144.92999961, -37.79168667], [144.92987138, -37.79110172], [144.92976555, -37.79067036], [144.9293574, -37.7889341], [144.92912715, -37.78797291], [144.92896801, -37.7872955], [144.92881018, -37.7866363], [144.92872715, -37.78640531], [144.92864921, -37.78621587], [144.92859764, -37.78610268], [144.92855541, -37.78601686], [144.92850159, -37.78591507], [144.92843451, -37.78580422], [144.92832375, -37.78564349], [144.92828288, -37.78559023], [144.92822318, -37.78551609], [144.92813836, -37.78541827], [144.92803822, -37.78530827], [144.92788736, -37.78515602], [144.92766885, -37.78495428], [144.92746203, -37.7847933], [144.92736116, -37.78472168], [144.92729483, -37.78467771], [144.92705704, -37.78453591], [144.92696519, -37.78448689], [144.92680032, -37.78440559], [144.92661448, -37.78432302], [144.92615835, -37.78413241], [144.92599185, -37.78406883], [144.92589808, -37.78403554], [144.92572983, -37.78398166], [144.92563733, -37.78395597], [144.92543321, -37.78390561], [144.92531581, -37.7838811], [144.92512131, -37.78384839], [144.92490835, -37.78382219], [144.92470725, -37.78380621], [144.92440582, -37.78379252], [144.92240324, -37.78373396], [144.92215076, -37.78372816], [144.92140196, -37.78371846], [144.92060134, -37.78369414], [144.91743934, -37.78362719], [144.91327697, -37.78350882], [144.91297043, -37.78350753], [144.91286405, -37.78351133], [144.91274973, -37.78351867], [144.91257569, -37.78353361], [144.91244437, -37.78354814], [144.91220663, -37.7835833], [144.91211545, -37.78359944], [144.91190606, -37.7836443], [144.91167491, -37.78370373], [144.91155767, -37.78373797], [144.91142699, -37.7837818], [144.91120817, -37.78386308], [144.91100017, -37.78395104], [144.91091283, -37.7839922], [144.9108199, -37.7840385], [144.91062078, -37.78414563], [144.91052598, -37.78420171], [144.91036804, -37.78430236], [144.91021806, -37.78441046], [144.91014356, -37.78446744], [144.90997629, -37.78460893], [144.9098593, -37.78471923], [144.90975312, -37.78483216], [144.90968835, -37.7849104], [144.90948317, -37.78520072], [144.90945019, -37.78524276], [144.90936273, -37.7853443], [144.90926352, -37.78547618], [144.90917722, -37.78560929], [144.90897268, -37.78593666], [144.90882869, -37.78614236], [144.90872169, -37.78627681], [144.90863502, -37.78637854], [144.90851023, -37.78651132], [144.90839046, -37.78662292], [144.90829216, -37.78670643], [144.90816711, -37.78680406], [144.90812173, -37.7868429], [144.90803085, -37.78692474], [144.90789913, -37.78704964], [144.9078057, -37.78712927], [144.90709188, -37.78767378]]}}, {"type": "Feature", "properties": {"route_id": "aus:vic:vic-02-SHM:", "short_name": "Sandringham", "long_name": "Sandringham - City", "route_type": "train", "color": "F178AF", "text_color": "000000"}, "geometry": {"type": "LineString", "coordinates": [[144.9667517, -37.8186732], [144.96694181, -37.81862971], [144.96701436, -37.8186105], [144.96769798, -37.8184254], [144.96818196, -37.81828704], [144.96840208, -37.81821802], [144.96859824, -37.81815292], [144.96927745, -37.81790879], [144.96976138, -37.81776808], [144.96999635, -37.81769589], [144.97048019, -37.81755428], [144.97086879, -37.81744319], [144.9711077, -37.81738071], [144.97178759, -37.81721904], [144.97216695, -37.8171341], [144.97237548, -37.81709381], [144.97253693, -37.81706793], [144.97263897, -37.81705446], [144.97292801, -37.81702807], [144.97311779, -37.81702143], [144.97323765, -37.81702088], [144.97337245, -37.81702248], [144.97356469, -37.81702957], [144.97369203, -37.81703798], [144.97404644, -37.81707607], [144.97424202, -37.81710674], [144.97439022, -37.81713344], [144.97467228, -37.81719597], [144.97481283, -37.81723218], [144.97497993, -37.81728237], [144.97510247, -37.81732088], [144.97525555, -37.81737299], [144.97546598, -37.81745456], [144.97575042, -37.81757958], [144.97586811, -37.81763801], [144.97599849, -37.81770568], [144.97612261, -37.81777378], [144.97671913, -37.818119], [144.97719083, -37.81838412], [144.977764, -37.81869027], [144.97811362, -37.81887931], [144.97825808, -37.81895992], [144.97858359, -37.81914583], [144.97914165, -37.81947767], [144.97950281, -37.8196477], [144.97984612, -37.8198478], [144.98057695, -37.82018052], [144.98082241, -37.82032352], [144.98108912, -37.82049183], [144.98121535, -37.8205788], [144.98139254, -37.82071764], [144.98175883, -37.82101681], [144.98201241, -37.82120797], [144.98229748, -37.82138642], [144.98274815, -37.82165368], [144.98302699, -37.82181012], [144.98320289, -37.82190506], [144.9833355, -37.82197483], [144.98350955, -37.82205801], [144.98409106, -37.82231417], [144.98459159, -37.82252812], [144.98480545, -37.82261397], [144.98516222, -37.82273777], [144.98525055, -37.82277352], [144.98533792, -37.82281089], [144.9856962, -37.82298797], [144.98586227, -37.82306408], [144.98625261, -37.82319439], [144.98673003, -37.82333098], [144.98692306, -37.82338078], [144.9895621, -37.82410473], [144.99030535, -37.82430919], [144.99043537, -37.82435367], [144.99065666, -37.82443837], [144.99080691, -37.82450312], [144.99095706, -37.82457606], [144.99108312, -37.82464499], [144.99123334, -37.82473191], [144.99185083, -37.82510859], [144.99238796, -37.82545749], [144.9925338, -37.82555532], [144.99277564, -37.82573292], [144.99294065, -37.82586956], [144.99322095, -37.82612063], [144.99332954, -37.8262308], [144.99343545, -37.8263558], [144.99355342, -37.82651362], [144.99364198, -37.82664599], [144.99374245, -37.82681243], [144.99384309, -37.82700619], [144.99388722, -37.82709688], [144.99391118, -37.82715163], [144.99396645, -37.82729676], [144.99401609, -37.82745639], [144.99405905, -37.82761952], [144.99408994, -37.82777946], [144.9941167, -37.82797439], [144.99412322, -37.8281195], [144.99412719, -37.82836307], [144.99410445, -37.82864493], [144.99401859, -37.8291639], [144.99385249, -37.83009478], [144.99375168, -37.83069991], [144.99354916, -37.83168713], [144.99331225, -37.83279451], [144.99301961, -37.83419274], [144.992966, -37.83447723], [144.99292175, -37.83477666], [144.992866, -37.83521116], [144.99281543, -37.83553004], [144.99276575, -37.83579918], [144.99266772, -37.8362508], [144.99245761, -37.83714776], [144.99214554, -37.83851557], [144.99174316, -37.84028357], [144.99154521, -37.84122607], [144.99046831, -37.84651642], [144.99006677, -37.84850558], [144.98999442, -37.84888077], [144.98994455, -37.84916442], [144.98986063, -37.84967647], [144.98964985, -37.8509556], [144.9896214, -37.85115356], [144.98960696, -37.85126253], [144.98958781, -37.8514528], [144.9895825, -37.85153959], [144.98957704, -37.85180732], [144.98958073, -37.85195608], [144.9895937, -37.85216069], [144.98961102, -37.85234302], [144.98964065, -37.85257026], [144.98968834, -37.85282692], [144.98974812, -37.85306549], [144.98978357, -37.85318334], [144.98984217, -37.85336052], [144.98992878, -37.85358234], [144.990025, -37.85379747], [144.9900722, -37.85389254], [144.99018385, -37.85410009], [144.99023194, -37.85418337], [144.99033815, -37.85435704], [144.99048124, -37.85457918], [144.9906458, -37.8548099], [144.99074438, -37.85493414], [144.99091, -37.85512171], [144.99097691, -37.85518972], [144.99111789, -37.85532208], [144.99127578, -37.85545562], [144.9914262, -37.85557516], [144.99158399, -37.85569537], [144.99211703, -37.85608971], [144.99241112, -37.85630569], [144.99266001, -37.85652469], [144.9927251, -37.85658464], [144.9928095, -37.85666593], [144.9929417, -37.85680381], [144.9930334, -37.8569054], [144.99317876, -37.85707352], [144.99324346, -37.85715194], [144.99341697, -37.85737587], [144.99353615, -37.85754137], [144.99424354, -37.85858257], [144.99440517, -37.8588427], [144.99453674, -37.85908357], [144.99462756, -37.85927211], [144.99473585, -37.85953359], [144.99479446, -37.85969842], [144.99483396, -37.85982228], [144.99486747, -37.85993613], [144.9949125, -37.86011578], [144.99494549, -37.86026594], [144.99496273, -37.86035959], [144.99498212, -37.86047446], [144.99500368, -37.86065209], [144.99501868, -37.86081158], [144.99502546, -37.86093056], [144.99502734, -37.86112119], [144.99501626, -37.86138298], [144.99500693, -37.86148843], [144.99498654, -37.86165787], [144.99493313, -37.86198021], [144.9948287, -37.86253247], [144.99426295, -37.86563116], [144.99403829, -37.8668231], [144.99394743, -37.86732738], [144.99369195, -37.86869938], [144.99356815, -37.86938685], [144.99340815, -37.87026448], [144.99339619, -37.87034087], [144.99336632, -37.8705452], [144.99335197, -37.87066752], [144.99334462, -37.87074588], [144.99333677, -37.87087993], [144.9933334, -37.8711468], [144.99334137, -37.8713935], [144.99335034, -37.87150711], [144.99336445, -37.87162802], [144.99338707, -37.87177061], [144.99341645, -37.87192359], [144.99345889, -37.87211094], [144.99352879, -37.87235446], [144.99360056, -37.87256268], [144.99367748, -37.87275288], [144.99379956, -37.87302171], [144.99409068, -37.87360973], [144.9952526, -37.87592698], [144.99616824, -37.87775266], [144.99667066, -37.87875098], [144.99677977, -37.8789619], [144.99688396, -37.87915346], [144.99698436, -37.87932928], [144.99706255, -37.87946083], [144.99718166, -37.87965129], [144.99735065, -37.87991001], [144.99755655, -37.88021243], [144.99776117, -37.88050321], [144.99790752, -37.88070387], [144.99828885, -37.88121672], [144.99917554, -37.88242802], [144.99965448, -37.88307392], [145.00009052, -37.88366682], [145.00021887, -37.88383959], [145.00065148, -37.88440423], [145.00077655, -37.88457658], [145.00089155, -37.88471777], [145.00106645, -37.88495676], [145.00115594, -37.88508264], [145.00128699, -37.88525681], [145.00180607, -37.8859671], [145.00260179, -37.88704822], [145.0028288, -37.8873619], [145.00347144, -37.88828506], [145.0035486, -37.88840064], [145.00367085, -37.88859781], [145.0037524, -37.88874032], [145.00385195, -37.88892801], [145.00391415, -37.88905848], [145.0039712, -37.8891857], [145.00405978, -37.88940501], [145.00416174, -37.88969692], [145.00435435, -37.89028703], [145.0044403, -37.89056542], [145.00451392, -37.890829], [145.00457048, -37.89105903], [145.00463731, -37.89138468], [145.00467804, -37.891624], [145.00470623, -37.89180958], [145.00472993, -37.89201436], [145.00474824, -37.89221654], [145.00476011, -37.89238742], [145.0047666, -37.8925136], [145.00477403, -37.89275651], [145.00477244, -37.8930216], [145.00476787, -37.89318671], [145.00475997, -37.89334032], [145.00475051, -37.89349281], [145.00472727, -37.89374682], [145.00469132, -37.89403792], [145.0046627, -37.89422217], [145.00460688, -37.89454141], [145.00437315, -37.89576412], [145.0041621, -37.8968369], [145.00407892, -37.8972849], [145.00375783, -37.89895356], [145.00367965, -37.89937624], [145.00320629, -37.90185994], [145.00305952, -37.90261533], [145.00301368, -37.90286787], [145.00266513, -37.90468349], [145.00263599, -37.90484448], [145.0025724, -37.90517711], [145.00252056, -37.90543288], [145.00248929, -37.90560916], [145.00213412, -37.90748774], [145.00196514, -37.90836513], [145.00190675, -37.90864828], [145.00186906, -37.90880976], [145.00184455, -37.90890424], [145.0017877, -37.9091009], [145.00172977, -37.90927483], [145.00167734, -37.90941759], [145.00156278, -37.90970843], [145.00150709, -37.90983293], [145.00138875, -37.91007838], [145.00127922, -37.91028811], [145.00115417, -37.91050434], [145.00100494, -37.91074359], [145.00083461, -37.91099356], [145.00061539, -37.91128064], [145.00046454, -37.9114621], [145.00029076, -37.91165884], [145.00006505, -37.91189138], [145.0000043, -37.91195064], [144.99988232, -37.91206554], [144.99970506, -37.9122268], [144.99953341, -37.91237826], [144.99661243, -37.91489291], [144.99616183, -37.91527968], [144.99598546, -37.91543699], [144.99571552, -37.91569698], [144.99557961, -37.91583452], [144.99544924, -37.91597297], [144.99529487, -37.91614517], [144.99511356, -37.91636268], [144.99497003, -37.91655444], [144.99478325, -37.91682638], [144.99474034, -37.9168945], [144.99439599, -37.91745213], [144.99266808, -37.92028819], [144.99107905, -37.92289048], [144.99000032, -37.9246505], [144.98987754, -37.92485612], [144.98984755, -37.9249132], [144.98981613, -37.92498061], [144.98953609, -37.92560546], [144.98946663, -37.9257746], [144.98942553, -37.92588861], [144.98940249, -37.92595752], [144.98936447, -37.92608781], [144.98931168, -37.92630904], [144.98927961, -37.9265008], [144.98926793, -37.92660388], [144.98925667, -37.92680843], [144.98925665, -37.92691332], [144.98925875, -37.92699528], [144.98926902, -37.92712333], [144.98927755, -37.92719016], [144.98929482, -37.92729129], [144.98931787, -37.92738919], [144.98934444, -37.92747868], [144.98937862, -37.92757722], [144.9894084, -37.92764929], [144.98945747, -37.92775628], [144.98951067, -37.9278583], [144.98960302, -37.92800983], [144.98966635, -37.92810311], [144.9897183, -37.92817591], [144.98977845, -37.92825236], [144.98984406, -37.92833269], [144.98997955, -37.92848767], [144.9900828, -37.92859433], [144.99018947, -37.92869636], [144.99032674, -37.92882343], [144.99148426, -37.9298643], [144.99161666, -37.92998669], [144.9918738, -37.93023683], [144.9919966, -37.93036536], [144.99220286, -37.93058741], [144.99254256, -37.93095656], [144.99284424, -37.93128883], [144.99355817, -37.9320633], [144.99366175, -37.93217051], [144.99381071, -37.93231606], [144.99390088, -37.93239771], [144.99401775, -37.9324973], [144.99415693, -37.93260493], [144.99427576, -37.93269104], [144.99441225, -37.9327806], [144.99457827, -37.93288057], [144.99474374, -37.93297117], [144.99498531, -37.93309199], [144.99634295, -37.93373557], [144.99650955, -37.93381843], [144.99668388, -37.93390999], [144.99675505, -37.93394977], [144.99691819, -37.93404681], [144.99701573, -37.93410876], [144.99709327, -37.93416117], [144.99728469, -37.93430222], [144.99747507, -37.93446028], [144.99760855, -37.93457736], [144.99817355, -37.93509019], [144.99844252, -37.9353297], [145.0004245, -37.93712167], [145.00066503, -37.93733609], [145.00149193, -37.93808288], [145.00359585, -37.93997889], [145.00400288, -37.9403486], [145.00422818, -37.94056753], [145.00429801, -37.94064036], [145.00443378, -37.94078703], [145.00456124, -37.9409378], [145.0046703, -37.94107491], [145.00476921, -37.94120861], [145.00491075, -37.94141503], [145.00502155, -37.941593], [145.00507999, -37.94169591], [145.00512889, -37.94178533], [145.00521166, -37.94194777], [145.0052624, -37.94205352], [145.00535505, -37.94226714], [145.0053838, -37.94234044], [145.00545119, -37.94252867], [145.00547937, -37.94261863], [145.00550559, -37.94270523], [145.00556029, -37.9429127], [145.00560305, -37.94311574], [145.00563025, -37.94327129], [145.00564543, -37.94338329], [145.00565669, -37.94349306], [145.00567324, -37.94370989], [145.00567855, -37.94388832], [145.00567464, -37.94411292], [145.00567062, -37.94418981], [145.00565885, -37.94433064], [145.00563507, -37.94452831], [145.00560095, -37.94474627], [145.00555564, -37.94499116], [145.00532648, -37.94618942], [145.00517203, -37.94701524], [145.00494408, -37.9482019], [145.00489325, -37.94839371], [145.00483348, -37.94858401], [145.0048106, -37.9486769], [145.00477655, -37.94885024], [145.00473235, -37.94909993], [145.00450534, -37.95028507]]}}, {"type": "Feature", "properties": {"route_id": "aus:vic:vic-02-STY:", "short_name": "Stony Point", "long_name": "Stony Point - Frankston", "route_type": "train", "color": "028430", "text_color": "FFFFFF"}, "geometry": {"type": "LineString", "coordinates": [[145.22133577, -38.37402291], [145.22111969, -38.37401674], [145.22102497, -38.37400963], [145.22089264, -38.37399546], [145.22078917, -38.37398136], [145.22061759, -38.3739528], [145.22042969, -38.3739176], [145.22023457, -38.37386868], [145.22003805, -38.37380721], [145.21989751, -38.37375903], [145.21975061, -38.37370012], [145.21956139, -38.37361154], [145.21937435, -38.37351318], [145.21856154, -38.37304981], [145.218215, -38.3728463], [145.21804845, -38.37273887], [145.21485745, -38.37051174], [145.2144813, -38.37027036], [145.21399496, -38.36997666], [145.2136841, -38.36980342], [145.21334347, -38.36963548], [145.21294339, -38.36945528], [145.21252705, -38.36928943], [145.21209103, -38.36913716], [145.20889297, -38.36808321], [145.20768753, -38.36770983], [145.2072321, -38.36754724], [145.20681567, -38.36736731], [145.2060314, -38.36699206], [145.20398625, -38.36595039], [145.20240504, -38.36514956], [145.20181038, -38.36484252], [145.20147462, -38.36465976], [145.20120095, -38.364503], [145.20087068, -38.364284], [145.20045825, -38.36397651], [145.20020605, -38.36376619], [145.19918563, -38.36285029], [145.19594324, -38.35984796], [145.18940036, -38.35383242], [145.1891787, -38.35362561], [145.18905096, -38.35351622], [145.18672224, -38.35137121], [145.18578741, -38.35050076], [145.17943611, -38.34464614], [145.17869703, -38.34398026], [145.17750359, -38.3428581], [145.17735412, -38.3427088], [145.17720506, -38.34254797], [145.17704462, -38.34235273], [145.17690641, -38.34216089], [145.17677837, -38.34195119], [145.17666472, -38.34172873], [145.17659455, -38.34156138], [145.17650346, -38.3412972], [145.17645138, -38.34108327], [145.17641537, -38.34087698], [145.1763974, -38.34067196], [145.17639303, -38.34036704], [145.17640298, -38.34020734], [145.17641946, -38.34004773], [145.17645758, -38.33985981], [145.17652657, -38.33961352], [145.17661995, -38.33936176], [145.17673949, -38.33911166], [145.17692639, -38.33878511], [145.17760985, -38.33783747], [145.17811686, -38.3371276], [145.17859983, -38.33645908], [145.17903885, -38.33584078], [145.18098297, -38.33312467], [145.18241998, -38.3311113], [145.18257626, -38.33087294], [145.18275622, -38.33057024], [145.18288137, -38.33031869], [145.18297997, -38.33009007], [145.18307383, -38.32983623], [145.18315329, -38.32957722], [145.18322271, -38.3293075], [145.18327407, -38.32898696], [145.18330952, -38.32814017], [145.18329323, -38.32298786], [145.18329335, -38.32160859], [145.1832997, -38.32115731], [145.18332751, -38.32078557], [145.18336626, -38.32047969], [145.18342336, -38.32019897], [145.18349564, -38.31989254], [145.18358322, -38.31960526], [145.18369023, -38.31930522], [145.18383153, -38.31897353], [145.18397405, -38.31868467], [145.18417386, -38.31829127], [145.1847313, -38.31721574], [145.18528163, -38.31616336], [145.18550045, -38.31573158], [145.18561786, -38.31546766], [145.18571557, -38.31521397], [145.18577892, -38.31501724], [145.18583811, -38.31480368], [145.18588139, -38.31460466], [145.1859179, -38.31438787], [145.18594443, -38.31416327], [145.1859593, -38.31392461], [145.18596677, -38.31362014], [145.18595234, -38.30772342], [145.18594212, -38.307032], [145.18594694, -38.30560368], [145.18594325, -38.30494381], [145.18594334, -38.3030398], [145.18592695, -38.295921], [145.18593182, -38.2957258], [145.18595713, -38.2953615], [145.18600253, -38.29499832], [145.18608905, -38.2945408], [145.18620245, -38.29400953], [145.18633199, -38.29342219], [145.18682079, -38.29114419], [145.18775798, -38.28685726], [145.18785624, -38.28629458], [145.18791101, -38.28595407], [145.18795162, -38.28561767], [145.18800508, -38.28513224], [145.18834944, -38.28190418], [145.18841524, -38.28126701], [145.18843335, -38.28111788], [145.18882359, -38.2774769], [145.18918969, -38.27401919], [145.18926975, -38.27328564], [145.18930352, -38.27294318], [145.18932469, -38.27271228], [145.18934155, -38.27248896], [145.18935615, -38.27225561], [145.18936352, -38.27208298], [145.1893748, -38.27109982], [145.18937026, -38.26565334], [145.18936074, -38.26537843], [145.18935003, -38.26522084], [145.18933229, -38.26504691], [145.18930498, -38.26486689], [145.1892622, -38.26464753], [145.18921363, -38.26445357], [145.18915191, -38.26424671], [145.18908646, -38.26405637], [145.18898676, -38.26381386], [145.18886123, -38.26355284], [145.18876749, -38.26338297], [145.188633, -38.26316084], [145.18833987, -38.26273151], [145.18730552, -38.26129182], [145.18620974, -38.2597597], [145.18497541, -38.25803753], [145.18474531, -38.25772227], [145.18285927, -38.25509273], [145.1825297, -38.2546375], [145.18200306, -38.25390068], [145.18177591, -38.25356896], [145.18167296, -38.25341228], [145.18157235, -38.25324932], [145.18146915, -38.25306623], [145.18137437, -38.25288426], [145.18128336, -38.25269812], [145.18120445, -38.25252198], [145.18113542, -38.25235231], [145.18107219, -38.25217984], [145.18100545, -38.25198722], [145.18094575, -38.25178732], [145.18088722, -38.25156852], [145.18084868, -38.25140437], [145.18080326, -38.25116828], [145.18077385, -38.250973], [145.18074781, -38.25074298], [145.18073496, -38.25056661], [145.18072626, -38.25039291], [145.18072028, -38.25019286], [145.18071068, -38.24380909], [145.18070308, -38.23707336], [145.18070173, -38.23381776], [145.18069891, -38.2335736], [145.18068843, -38.233334], [145.1806751, -38.23314906], [145.18065436, -38.23294526], [145.18062598, -38.23273612], [145.18058909, -38.23252936], [145.18055044, -38.23234754], [145.18049418, -38.23212481], [145.18043744, -38.23192603], [145.18038309, -38.23175524], [145.18032674, -38.23159152], [145.18026002, -38.23141738], [145.18014323, -38.2311527], [145.18006368, -38.23099368], [145.17996171, -38.23080367], [145.17987255, -38.23064548], [145.17977425, -38.23047788], [145.17962183, -38.23024058], [145.1794074, -38.22992411], [145.17918554, -38.22960337], [145.17860135, -38.22876823], [145.17805876, -38.22798337], [145.17628383, -38.2254352], [145.16320974, -38.20665972], [145.16286717, -38.2061626], [145.16278049, -38.20603103], [145.1626732, -38.2058602], [145.16255239, -38.20565501], [145.1624457, -38.20545626], [145.16042928, -38.20142907], [145.16017581, -38.2009009], [145.16007307, -38.20065427], [145.16002834, -38.20053939], [145.15996311, -38.20035913], [145.15989694, -38.20014803], [145.15984536, -38.1999697], [145.15979909, -38.19978], [145.15976415, -38.19961662], [145.15970725, -38.19927752], [145.15968703, -38.19911888], [145.15967176, -38.19895436], [145.15965884, -38.19871949], [145.15965335, -38.19853837], [145.1596543, -38.19837338], [145.15966072, -38.19820488], [145.15967245, -38.19801997], [145.15968795, -38.197858], [145.15970891, -38.19768783], [145.15973779, -38.1975159], [145.15977671, -38.19731708], [145.1598332, -38.1970551], [145.15995318, -38.19656207], [145.16016785, -38.19570502], [145.16031634, -38.1950906], [145.16039044, -38.19481862], [145.16058562, -38.19400037], [145.16082829, -38.19305112], [145.16089156, -38.19276924], [145.16257846, -38.18595169], [145.1629003, -38.18466159], [145.16574254, -38.17316922], [145.16703957, -38.16794692], [145.16729983, -38.16688943], [145.16736046, -38.16658768], [145.16738812, -38.16639499], [145.16740007, -38.16623675], [145.16740541, -38.16607373], [145.16740469, -38.16589718], [145.16739115, -38.16572719], [145.16736935, -38.16553554], [145.16734266, -38.16539824], [145.16730864, -38.16524343], [145.16726218, -38.1650704], [145.1672136, -38.16492284], [145.16715886, -38.1647751], [145.16709502, -38.16463037], [145.1670375, -38.16450728], [145.16693743, -38.16431917], [145.1668353, -38.1641542], [145.16672586, -38.16398938], [145.16662587, -38.16385733], [145.16650474, -38.16370792], [145.16635921, -38.16354416], [145.16621546, -38.16340062], [145.16607808, -38.16327132], [145.1658567, -38.163087], [145.16570046, -38.16296831], [145.16554924, -38.16286294], [145.16540222, -38.16276756], [145.16527427, -38.16269022], [145.16512806, -38.16260836], [145.16485702, -38.16247049], [145.16472882, -38.16241207], [145.16457492, -38.16234568], [145.16442791, -38.16228643], [145.16427229, -38.16222957], [145.1640938, -38.16216946], [145.16391695, -38.16211714], [145.16374044, -38.16206923], [145.16349971, -38.16201076], [145.16325112, -38.16195614], [145.16290109, -38.16188226], [145.15888515, -38.16105482], [145.15546431, -38.16035238], [145.15520194, -38.16029284], [145.15497284, -38.16023526], [145.15471875, -38.16016413], [145.1545168, -38.16010256], [145.15429098, -38.16002367], [145.15407695, -38.15994326], [145.15388795, -38.15986621], [145.15369493, -38.15978117], [145.15350813, -38.15969398], [145.15334883, -38.15961118], [145.15314189, -38.15949907], [145.15295473, -38.1593897], [145.15278068, -38.15928098], [145.15246854, -38.1590725], [145.14592902, -38.15444553], [145.14552239, -38.15416228], [145.14533258, -38.15403681], [145.14516397, -38.15393052], [145.14484989, -38.15374649], [145.14457313, -38.15359821], [145.14430585, -38.15346332], [145.14416986, -38.15339863], [145.1439611, -38.15330521], [145.14383062, -38.15324818], [145.14351865, -38.15312537], [145.14333219, -38.15305718], [145.14310865, -38.15297957], [145.14291284, -38.15291583], [145.14273119, -38.15286069], [145.14240381, -38.15276918], [145.13957929, -38.15201976], [145.13415097, -38.15058532], [145.13235326, -38.15010697], [145.12899815, -38.14922521], [145.1279801, -38.14894477], [145.12752022, -38.14877072], [145.12717385, -38.14859344], [145.12682373, -38.1483887], [145.12639212, -38.1480556], [145.12599912, -38.14764957], [145.12576451, -38.14734593], [145.12558891, -38.14705998], [145.12553502, -38.14696729], [145.12547954, -38.14685674], [145.12540456, -38.14667441], [145.12534987, -38.14648826], [145.12530465, -38.14631118], [145.12524837, -38.14601804], [145.12521805, -38.14583399], [145.12521078, -38.14572574], [145.12520945, -38.14563524], [145.12521127, -38.14552371], [145.12521676, -38.14542521], [145.1252717, -38.14510221], [145.12536185, -38.14478131], [145.12550615, -38.14443108], [145.12559385, -38.14422783], [145.12567375, -38.1439593], [145.12574344, -38.14378216], [145.12584596, -38.14355716], [145.12624702, -38.14264384]]}}, {"type": "Feature", "properties": {"route_id": "aus:vic:vic-02-SUY:", "short_name": "Sunbury", "long_name": "Sunbury - City", "route_type": "train", "color": "34ACE1", "text_color": "000000"}, "geometry": {"type": "LineString", "coordinates": [[144.96670228, -37.81608984], [144.96362462, -37.8094122], [144.96309392, -37.80824717], [144.96272567, -37.80744164], [144.96259785, -37.80714141], [144.96248742, -37.80684454], [144.96244143, -37.8066499], [144.96242165, -37.80650186], [144.96240418, -37.80631943], [144.96239686, -37.80611879], [144.96240025, -37.80594582], [144.9624167, -37.80576056], [144.96244286, -37.80560231], [144.9624925, -37.80544492], [144.96264409, -37.80510357], [144.96283532, -37.80478263], [144.96314029, -37.80441004], [144.96331154, -37.80422502], [144.96348041, -37.80402346], [144.96360486, -37.80383457], [144.96371751, -37.80357481], [144.96378238, -37.80338786], [144.96382483, -37.80322368], [144.96384841, -37.80305962], [144.96385294, -37.80296913], [144.96384933, -37.80276153], [144.96384302, -37.80266463], [144.96382807, -37.80255551], [144.96380403, -37.80240937], [144.9637672, -37.80224941], [144.96373642, -37.80214182], [144.96370108, -37.80204316], [144.96364995, -37.8019198], [144.96357367, -37.80177376], [144.96347415, -37.80160919], [144.96337673, -37.80147602], [144.96326504, -37.80133693], [144.96313844, -37.80119533], [144.96302237, -37.80107518], [144.96287006, -37.80093503], [144.96272104, -37.80082368], [144.96250762, -37.80068769], [144.96225467, -37.80055228], [144.96194285, -37.80040982], [144.96170719, -37.80031886], [144.9614571, -37.80024424], [144.96119619, -37.8001752], [144.96092714, -37.80012972], [144.96054069, -37.80008698], [144.95920027, -37.79994778], [144.95810629, -37.79983419], [144.95800091, -37.79982137], [144.95563315, -37.79960717], [144.95545195, -37.79959673], [144.95524666, -37.79959073], [144.95506103, -37.79959273], [144.9545803, -37.79960854], [144.95434146, -37.79962079], [144.95402372, -37.7996524], [144.9536907, -37.79969464], [144.95274631, -37.79982747], [144.95049533, -37.80013454], [144.94654158, -37.80061241], [144.94134642, -37.80131483], [144.93972897, -37.80153689], [144.93890058, -37.80165036], [144.93780025, -37.8017815], [144.93716724, -37.80184467], [144.93673796, -37.80188014], [144.9363828, -37.80189266], [144.93606735, -37.80189064], [144.93576695, -37.80186997], [144.93550627, -37.80183827], [144.9349343, -37.80173641], [144.9341991, -37.80157861], [144.93265323, -37.80119173], [144.9319221, -37.80097784], [144.93110745, -37.80071292], [144.93047957, -37.80047857], [144.92984211, -37.80024568], [144.92950316, -37.8001296], [144.92924526, -37.80005946], [144.92907947, -37.80002599], [144.92585546, -37.79947532], [144.92500355, -37.79933748], [144.92182861, -37.79888579], [144.92163573, -37.79886292], [144.92144153, -37.79884634], [144.92118068, -37.79882957], [144.92057405, -37.79879876], [144.92041037, -37.7987837], [144.92029547, -37.79877014], [144.91992757, -37.79871138], [144.91958304, -37.79866104], [144.91905805, -37.79857877], [144.91869055, -37.79851767], [144.91788179, -37.79837306], [144.9173683, -37.79828972], [144.91601835, -37.79808984], [144.91550477, -37.79801794], [144.91500144, -37.79795712], [144.91458344, -37.7979189], [144.91417813, -37.79789001], [144.91375642, -37.79787109], [144.91355807, -37.79786487], [144.91333265, -37.79786061], [144.91307534, -37.79785902], [144.91261421, -37.7978686], [144.9123777, -37.79787883], [144.91217387, -37.79788999], [144.91176509, -37.79792005], [144.91149695, -37.79794432], [144.91125557, -37.79796996], [144.91061114, -37.79805197], [144.91002886, -37.79814933], [144.90978668, -37.79819541], [144.90953374, -37.79824454], [144.9093322, -37.79828719], [144.90897115, -37.79836828], [144.90858485, -37.79846659], [144.90832645, -37.79853608], [144.90807134, -37.79860977], [144.90776729, -37.79870331], [144.90741511, -37.79881989], [144.90714964, -37.7989143], [144.90684206, -37.79902833], [144.90648825, -37.79917037], [144.9056537, -37.79952519], [144.90543747, -37.79962128], [144.90507108, -37.79979446], [144.9047637, -37.79995336], [144.90206199, -37.80145275], [144.90159062, -37.80171506], [144.9013912, -37.8018228], [144.90111718, -37.8019658], [144.90082067, -37.80210488], [144.90067001, -37.80216744], [144.90037117, -37.80227647], [144.90022203, -37.80232518], [144.89993277, -37.80240879], [144.89980976, -37.80244093], [144.89963204, -37.8024802], [144.89946236, -37.80251611], [144.89928953, -37.80254718], [144.89909196, -37.80257357], [144.89887559, -37.80259792], [144.89875759, -37.80260951], [144.89797365, -37.8026632], [144.89670009, -37.80274436], [144.89583448, -37.80278621], [144.89501275, -37.80283425], [144.89481896, -37.80284358], [144.89456949, -37.80284948], [144.89433549, -37.80284656], [144.89407685, -37.80283572], [144.89390432, -37.80282398], [144.89369108, -37.80280602], [144.89328495, -37.80276126], [144.89275757, -37.80270722], [144.89238769, -37.80267771], [144.89208466, -37.80266237], [144.89192119, -37.80265134], [144.89145746, -37.80261149], [144.8912595, -37.80259137], [144.89098529, -37.80255699], [144.89068895, -37.80251383], [144.89002851, -37.80241008], [144.88989096, -37.8023904], [144.88972929, -37.80236831], [144.88937182, -37.80232631], [144.88651205, -37.80201359], [144.88603345, -37.80197751], [144.88545947, -37.801949], [144.88531129, -37.80193562], [144.88518812, -37.8019216], [144.88490657, -37.80188194], [144.88479538, -37.8018621], [144.88448323, -37.80180008], [144.88438175, -37.80178212], [144.88419627, -37.80175482], [144.88386934, -37.80172506], [144.88325589, -37.80165501], [144.88198843, -37.80151101], [144.87940918, -37.80122462], [144.87911705, -37.80118962], [144.87781713, -37.80101363], [144.87619616, -37.80083346], [144.87582675, -37.80080418], [144.87550785, -37.8007841], [144.87515829, -37.80075571], [144.87134465, -37.8003361], [144.87102113, -37.80029871], [144.86955078, -37.80012667], [144.86872987, -37.80001287], [144.8671698, -37.7997897], [144.86551298, -37.79958224], [144.86435255, -37.79945901], [144.86345833, -37.79935925], [144.86267155, -37.79927153], [144.86224315, -37.79922068], [144.86025604, -37.79899958], [144.85865497, -37.79882539], [144.85782271, -37.79873212], [144.85691771, -37.7986368], [144.8523142, -37.79821329], [144.85204335, -37.79818537], [144.85070479, -37.7980382], [144.84969386, -37.79791891], [144.84823302, -37.79774344], [144.84690048, -37.79756931], [144.84644714, -37.79750623], [144.84599358, -37.79743089], [144.84536304, -37.79730248], [144.84498884, -37.79721254], [144.84462552, -37.7971156], [144.84409059, -37.79696459], [144.84333433, -37.79672717], [144.84284613, -37.79655872], [144.84232838, -37.79636368], [144.84199452, -37.79623023], [144.84149555, -37.79601842], [144.84113914, -37.79585607], [144.84078805, -37.79568662], [144.84050955, -37.79554769], [144.84026651, -37.79541941], [144.83986087, -37.79519704], [144.8396639, -37.79507799], [144.83926596, -37.79482134], [144.83734685, -37.79345113], [144.83692509, -37.79313933], [144.83667787, -37.79294104], [144.83643015, -37.79272841], [144.83618819, -37.79250544], [144.8359707, -37.79229219], [144.83552102, -37.7918247], [144.83501938, -37.79124711], [144.83454195, -37.79063771], [144.83378556, -37.78963829], [144.83361392, -37.789403], [144.83339001, -37.78910312], [144.83282872, -37.78836438], [144.8326676, -37.78815802], [144.83241355, -37.78781334], [144.83221687, -37.78755343], [144.83177287, -37.78695572], [144.83095185, -37.78586633], [144.83032023, -37.78503752], [144.82899519, -37.78327801], [144.82825781, -37.78230918], [144.82808653, -37.7820783], [144.82779943, -37.78173147], [144.8273617, -37.78110411], [144.82677303, -37.7803197], [144.82628756, -37.77967947], [144.82558049, -37.7787631], [144.82544071, -37.77857776], [144.82514295, -37.77822748], [144.82491709, -37.77797693], [144.82457949, -37.77759158], [144.82449852, -37.7774915], [144.82442374, -37.77739342], [144.8242317, -37.77711646], [144.82418603, -37.77704758], [144.82369662, -37.77627589], [144.82360488, -37.7761446], [144.82340992, -37.77587813], [144.82303225, -37.77537326], [144.82240755, -37.77455049], [144.82192127, -37.77389789], [144.82179132, -37.77373021], [144.82069817, -37.77229093], [144.81888103, -37.76986544], [144.81730789, -37.76778219], [144.81592261, -37.76593752], [144.81521611, -37.7650065], [144.81397747, -37.76336269], [144.81371542, -37.76302178], [144.81344011, -37.76268387], [144.81304303, -37.76222583], [144.81259494, -37.76171538], [144.81243421, -37.7615264], [144.81223489, -37.76128371], [144.81209604, -37.76110739], [144.81184153, -37.76077283], [144.81166425, -37.76053731], [144.81152095, -37.76033874], [144.81120838, -37.75993308], [144.81106245, -37.75973924], [144.80839439, -37.75619907], [144.80807407, -37.75576876], [144.80790766, -37.75553496], [144.8077147, -37.75525039], [144.80704136, -37.75420684], [144.80693127, -37.75404141], [144.80673766, -37.75376403], [144.8066227, -37.75360599], [144.80631809, -37.75319786], [144.80382843, -37.74989197], [144.80361595, -37.74961262], [144.80329928, -37.74921426], [144.80307553, -37.7489437], [144.80255131, -37.74832618], [144.80233565, -37.74806632], [144.80216781, -37.7478588], [144.80198438, -37.74762577], [144.80162949, -37.74716207], [144.80091683, -37.74624049], [144.79980915, -37.7448432], [144.79949598, -37.74444318], [144.79928865, -37.74418987], [144.79903915, -37.74387413], [144.7985773, -37.74322991], [144.79844445, -37.74303305], [144.7982307, -37.74269454], [144.798146, -37.74255409], [144.79804599, -37.74237541], [144.79782693, -37.74195561], [144.79774521, -37.74178367], [144.79767421, -37.74162563], [144.79754784, -37.74132904], [144.79745872, -37.74109326], [144.79723335, -37.74046156], [144.79699763, -37.73977723], [144.79686769, -37.73939118], [144.79681181, -37.73921666], [144.79664525, -37.7386915], [144.79546994, -37.73492933], [144.79513035, -37.73384988], [144.7938055, -37.72960304], [144.79312215, -37.7274161], [144.79301513, -37.72708454], [144.79287555, -37.7266764], [144.79278436, -37.72642336], [144.7926328, -37.72602906], [144.79249481, -37.72568241], [144.7924557, -37.72557804], [144.79222495, -37.72506564], [144.79193534, -37.72446842], [144.79164031, -37.7238893], [144.79114813, -37.72303848], [144.79074436, -37.722401], [144.79036628, -37.72184186], [144.78977352, -37.72104736], [144.78951066, -37.72070792], [144.78871264, -37.71969383], [144.78830504, -37.71916341], [144.78751513, -37.71817155], [144.78659639, -37.71699603], [144.78557717, -37.71570282], [144.78476716, -37.71466847], [144.78403674, -37.71372762], [144.78336297, -37.71287326], [144.78269714, -37.71202346], [144.78257038, -37.71184643], [144.78078992, -37.70959939], [144.78043538, -37.70913781], [144.78000624, -37.70859561], [144.7794658, -37.70789847], [144.77900713, -37.70731596], [144.77864771, -37.70686302], [144.77847575, -37.70665783], [144.77807095, -37.70612563], [144.77768336, -37.70562476], [144.77718045, -37.70499032], [144.77679427, -37.70451488], [144.77617935, -37.70376937], [144.77595237, -37.7035006], [144.77581802, -37.7033318], [144.77545177, -37.70289999], [144.77518633, -37.7025711], [144.77445546, -37.70170633], [144.77408517, -37.70126173], [144.77390291, -37.70103048], [144.7731867, -37.70011254], [144.77002174, -37.69607704], [144.76978254, -37.6957635], [144.76943559, -37.69529527], [144.76896195, -37.69471046], [144.76867653, -37.69436902], [144.76789192, -37.69336514], [144.7677339, -37.69315857], [144.76763048, -37.69302991], [144.76718276, -37.69242864], [144.76690813, -37.69204558], [144.76675734, -37.69182509], [144.76653529, -37.69148538], [144.76639823, -37.69126461], [144.76626397, -37.69107913], [144.75892944, -37.68174129], [144.75863972, -37.68136126], [144.75750516, -37.67991566], [144.75713496, -37.6794338], [144.75642685, -37.6785316], [144.75566793, -37.67757003], [144.75504829, -37.67676538], [144.75426772, -37.67576338], [144.75382522, -37.67521777], [144.75296144, -37.67410747], [144.75219981, -37.67315223], [144.75156675, -37.67233272], [144.75078617, -37.6713306], [144.74993599, -37.67026479], [144.74910985, -37.66920331], [144.74812007, -37.66793792], [144.74657788, -37.66597609], [144.74576245, -37.66492723], [144.74505166, -37.66402491], [144.74430549, -37.66306378], [144.74377231, -37.6623878], [144.74343705, -37.66195567], [144.74313125, -37.6615725], [144.74284717, -37.66120227], [144.74246332, -37.66071668], [144.74227672, -37.6604742], [144.74187085, -37.6599561], [144.74164801, -37.65968266], [144.74153465, -37.65952558], [144.74079773, -37.65859119], [144.74051481, -37.65822449], [144.74004187, -37.65762021], [144.73981871, -37.6573427], [144.7389261, -37.65619507], [144.73836765, -37.65549948], [144.73765683, -37.6545927], [144.7371928, -37.65398749], [144.73562911, -37.65200204], [144.73481898, -37.6509678], [144.73319085, -37.64888024], [144.7323756, -37.64785238], [144.73169956, -37.64697309], [144.73087076, -37.64591134], [144.73020029, -37.64506603], [144.72706217, -37.64106489], [144.72301373, -37.63589476], [144.72272101, -37.63548358], [144.72244441, -37.63506028], [144.72215384, -37.63458994], [144.72192115, -37.63417244], [144.72168341, -37.63370177], [144.72145594, -37.63321372], [144.72126234, -37.6327037], [144.72109102, -37.63221394], [144.72095339, -37.6316896], [144.72018357, -37.62850452], [144.7198658, -37.62704209], [144.71908155, -37.62343498], [144.71835367, -37.620102], [144.71805546, -37.61870213], [144.71797555, -37.61823288], [144.71791386, -37.61773487], [144.71786547, -37.61724632], [144.71784185, -37.61678491], [144.71782931, -37.61636166], [144.71782017, -37.61588234], [144.71782505, -37.61553386], [144.71790074, -37.61176161], [144.71796691, -37.60867468], [144.7180047, -37.60662679], [144.71805172, -37.60500704], [144.71807778, -37.60344258], [144.71811188, -37.6016784], [144.71815925, -37.5998613], [144.71818123, -37.59840778], [144.71822054, -37.59670633], [144.71824008, -37.5959591], [144.71826024, -37.59564038], [144.71831116, -37.59511527], [144.71838799, -37.59451324], [144.71848779, -37.593986], [144.71860958, -37.59350632], [144.71869129, -37.59320043], [144.71876194, -37.5929564], [144.71887763, -37.5926098], [144.71898448, -37.59232241], [144.71929651, -37.59156137], [144.7195312, -37.59107414], [144.71974136, -37.59066709], [144.71982854, -37.59050827], [144.72009529, -37.59007609], [144.72023905, -37.58984808], [144.72041964, -37.58957104], [144.72062028, -37.58927546], [144.72123611, -37.58840673], [144.72188171, -37.58752344], [144.72270149, -37.58638991], [144.72455564, -37.58383834], [144.72473016, -37.58361803], [144.72491303, -37.58339906], [144.72502815, -37.58325169], [144.72527015, -37.58291652], [144.72577996, -37.58222416], [144.72633059, -37.58146607], [144.72640025, -37.58137604], [144.72720982, -37.58024625], [144.72733571, -37.58007213], [144.72742266, -37.57996089], [144.72796175, -37.57920897]]}}, {"type": "Feature", "properties": {"route_id": "aus:vic:vic-02-UFD:", "short_name": "Upfield", "long_name": "Upfield - City", "route_type": "train", "color": "FFBE00", "text_color": "000000"}, "geometry": {"type": "LineString", "coordinates": [[144.96653746, -37.8182546], [144.96570892, -37.8184964], [144.96527207, -37.81862628], [144.96455538, -37.81883252], [144.9641491, -37.81895364], [144.96391265, -37.81901723], [144.96362235, -37.81907691], [144.96353875, -37.81909737], [144.96340717, -37.8191315], [144.96317673, -37.81919961], [144.96297097, -37.81925417], [144.96281064, -37.81929249], [144.96251225, -37.81935293], [144.96221558, -37.81943756], [144.96196395, -37.81948718], [144.96182137, -37.81950814], [144.96165174, -37.81952548], [144.96152024, -37.81953168], [144.96134892, -37.8195443], [144.96120609, -37.81955787], [144.96108411, -37.81957324], [144.96092623, -37.81959709], [144.96076937, -37.81962493], [144.96061457, -37.81965667], [144.96039395, -37.81971034], [144.95942274, -37.81999144], [144.95913764, -37.82008058], [144.95891334, -37.82016069], [144.95871444, -37.82024231], [144.95861691, -37.82028568], [144.95852456, -37.82033058], [144.95840614, -37.82039016], [144.95823541, -37.82048426], [144.95753403, -37.8209207], [144.95741312, -37.82098763], [144.95726889, -37.8210602], [144.95712832, -37.82111922], [144.95699354, -37.82117032], [144.95688659, -37.82120514], [144.9567026, -37.82125692], [144.95652159, -37.82129532], [144.95642246, -37.82131388], [144.95620796, -37.82133926], [144.95610923, -37.82134764], [144.95594684, -37.82135347], [144.95579109, -37.82135338], [144.95564294, -37.82134558], [144.95547134, -37.82133116], [144.95535444, -37.82131471], [144.95519581, -37.82128699], [144.95510855, -37.821267], [144.95500361, -37.82124112], [144.95484855, -37.82119526], [144.95475075, -37.82116202], [144.95463585, -37.8211183], [144.95451055, -37.82106458], [144.95437881, -37.82100146], [144.95425212, -37.8209323], [144.9541807, -37.82088969], [144.9540647, -37.82081189], [144.95388628, -37.82068641], [144.95371472, -37.8205597], [144.95323193, -37.8202131], [144.95307765, -37.82006938], [144.95300143, -37.81999127], [144.95292904, -37.81990567], [144.95286708, -37.81982502], [144.95281801, -37.81975099], [144.95259342, -37.81936039], [144.95255027, -37.81928133], [144.9524982, -37.81920049], [144.95245426, -37.81913817], [144.95227773, -37.81891594], [144.95190548, -37.81843409], [144.95166445, -37.81812918], [144.95147757, -37.81788279], [144.95122529, -37.81756533], [144.95107145, -37.81738981], [144.95088088, -37.81714958], [144.95063134, -37.81676638], [144.95054955, -37.81665123], [144.95043451, -37.81650648], [144.95025603, -37.81626889], [144.95013507, -37.8160997], [144.94990283, -37.81578503], [144.94975161, -37.81560531], [144.94966545, -37.81550883], [144.9491766, -37.81492338], [144.94898071, -37.81466674], [144.94878225, -37.81440032], [144.94851123, -37.81405072], [144.94827602, -37.81376636], [144.94803904, -37.81350449], [144.94783701, -37.81330172], [144.94774402, -37.81321386], [144.94762311, -37.81310478], [144.94723495, -37.81274034], [144.9470251, -37.81254924], [144.94674763, -37.81228982], [144.946526, -37.8120895], [144.94643366, -37.81201534], [144.94630568, -37.81191533], [144.9461128, -37.81177634], [144.94583783, -37.81157004], [144.945704, -37.81146029], [144.94561805, -37.81138498], [144.94545022, -37.8112275], [144.94503571, -37.81083087], [144.94493004, -37.81072539], [144.94483533, -37.810622], [144.94465072, -37.81040186], [144.94416965, -37.80978436], [144.94376162, -37.80926528], [144.94350704, -37.80893091], [144.94329666, -37.80862859], [144.9429295, -37.80812293], [144.94281802, -37.80797724], [144.94226448, -37.80727529], [144.94170765, -37.80656922], [144.94143877, -37.80624298], [144.94113446, -37.80586773], [144.94087306, -37.80559533], [144.94052576, -37.80527952], [144.94016376, -37.80495742], [144.94008383, -37.80489492], [144.93994693, -37.80475717], [144.9398132, -37.80460767], [144.93959898, -37.80437917], [144.93945865, -37.8042464], [144.93908133, -37.80389943], [144.93892172, -37.80372109], [144.9388528, -37.80365058], [144.93877432, -37.80357702], [144.93833084, -37.80318338], [144.9380369, -37.80291013], [144.93798402, -37.80285522], [144.93791581, -37.80277166], [144.93780365, -37.80261073], [144.93774283, -37.80251063], [144.93764995, -37.80234219], [144.93759881, -37.80223307], [144.93756467, -37.80214974], [144.9374676, -37.80185047], [144.93727456, -37.8011512], [144.93705359, -37.80039828], [144.93681409, -37.79952814], [144.93673004, -37.79928741], [144.93654345, -37.79863836], [144.93645097, -37.79828041], [144.9361397, -37.79712074], [144.93607389, -37.79681273], [144.93604805, -37.79667206], [144.93599761, -37.79630944], [144.93597025, -37.79597048], [144.93596812, -37.79554518], [144.93600524, -37.79510507], [144.93605454, -37.79478628], [144.9361762, -37.79410794], [144.93628825, -37.79350116], [144.93633266, -37.79321527], [144.93644087, -37.79259527], [144.93655702, -37.79199198], [144.9366359, -37.79163848], [144.9367442, -37.79122764], [144.93689073, -37.7907689], [144.93698904, -37.79053712], [144.937183, -37.79012084], [144.93724505, -37.79000874], [144.93730178, -37.78992881], [144.93741532, -37.78979049], [144.9377465, -37.78942113], [144.93803815, -37.78910542], [144.93842115, -37.78874264], [144.93853794, -37.78864267], [144.93872544, -37.7884905], [144.93892579, -37.78834612], [144.93903898, -37.78826952], [144.93922536, -37.78815347], [144.93938635, -37.7880567], [144.93957871, -37.78795022], [144.93990299, -37.78779611], [144.9408928, -37.78735148], [144.94126087, -37.78719029], [144.94149684, -37.78708357], [144.94168962, -37.78699502], [144.94188537, -37.78690139], [144.94218373, -37.78675187], [144.94236455, -37.78665599], [144.94252692, -37.78656618], [144.94264037, -37.78650049], [144.94278649, -37.78641121], [144.94322264, -37.78612838], [144.94358135, -37.785887], [144.94390241, -37.78566361], [144.94407828, -37.7855334], [144.94428237, -37.78537628], [144.94454253, -37.78516652], [144.94485464, -37.78490171], [144.944943, -37.78482304], [144.94523548, -37.78454914], [144.94604759, -37.78375333], [144.94635892, -37.78345443], [144.94658066, -37.78324994], [144.94678149, -37.7830706], [144.94702739, -37.78285887], [144.94721751, -37.7827052], [144.94731997, -37.78262597], [144.94744908, -37.78253107], [144.94755048, -37.7824612], [144.9478169, -37.78228731], [144.94795759, -37.78220082], [144.94807055, -37.78213592], [144.94822527, -37.78205111], [144.94835818, -37.78198313], [144.94862796, -37.78185194], [144.94881807, -37.78176864], [144.94899344, -37.78169663], [144.94916456, -37.78163067], [144.94946902, -37.78152603], [144.94980407, -37.78142426], [144.94995955, -37.78138172], [144.95023531, -37.78131731], [144.9504219, -37.78127893], [144.95064836, -37.78124006], [144.95079724, -37.7812185], [144.95094443, -37.78120087], [144.95109958, -37.78118681], [144.95136892, -37.78116978], [144.95189175, -37.78116697], [144.95326767, -37.78115881], [144.95349106, -37.78114908], [144.95382404, -37.78112576], [144.95409709, -37.78110176], [144.95426098, -37.78108361], [144.95456675, -37.78103863], [144.95477715, -37.78099732], [144.95493795, -37.78095947], [144.9551314, -37.78090263], [144.95547191, -37.78078751], [144.95563815, -37.78072136], [144.95582156, -37.78064164], [144.95601364, -37.78055206], [144.95622645, -37.78044374], [144.95637093, -37.7803636], [144.95659983, -37.78022771], [144.95666202, -37.78018743], [144.95679303, -37.78009318], [144.95694254, -37.77997466], [144.95707554, -37.77985368], [144.95718561, -37.77974051], [144.95729709, -37.77961322], [144.95740733, -37.77947328], [144.9575449, -37.77927254], [144.9576177, -37.77915224], [144.95765664, -37.77908253], [144.95776547, -37.77886976], [144.95784884, -37.77867087], [144.95790613, -37.77850749], [144.95796067, -37.77832459], [144.95803412, -37.77802379], [144.95808654, -37.77777741], [144.95811843, -37.77764153], [144.95831588, -37.77674584], [144.95845991, -37.77611616], [144.95849786, -37.77592974], [144.95871491, -37.77495644], [144.95880558, -37.77452878], [144.95887599, -37.77414447], [144.95892756, -37.77382977], [144.95897224, -37.77349296], [144.95900481, -37.77320461], [144.95909594, -37.77232628], [144.95916409, -37.77169771], [144.95927948, -37.77057711], [144.95930593, -37.77034191], [144.95941292, -37.769312], [144.95949388, -37.76855974], [144.95951307, -37.76835713], [144.95955961, -37.76793204], [144.95957265, -37.76778798], [144.95963144, -37.76723523], [144.95969174, -37.76674684], [144.95976166, -37.76629719], [144.9599101, -37.76545193], [144.96015144, -37.76412578], [144.96024888, -37.76357081], [144.96029741, -37.76332076], [144.96049665, -37.76221251], [144.96070739, -37.76101597], [144.96076185, -37.76072348], [144.96078661, -37.76060324], [144.96099945, -37.75940844], [144.96107192, -37.7590139], [144.96110864, -37.75878041], [144.96113952, -37.75860251], [144.9613266, -37.75756812], [144.96136054, -37.75735711], [144.96139204, -37.75718166], [144.96141328, -37.75707776], [144.96144165, -37.75691243], [144.96152119, -37.7562189], [144.96160351, -37.75559752], [144.96162768, -37.7553867], [144.96169374, -37.7549359], [144.96170689, -37.7548169], [144.96181282, -37.75400515], [144.96192861, -37.75316896], [144.96214957, -37.75149027], [144.96259339, -37.74788077], [144.96265966, -37.74732661], [144.96283281, -37.74593754], [144.96291252, -37.74526952], [144.96293541, -37.74502263], [144.96296897, -37.74451873], [144.96298672, -37.74427274], [144.96300135, -37.74411592], [144.96300768, -37.74400086], [144.96303505, -37.74375612], [144.96305178, -37.74362177], [144.96309138, -37.7433612], [144.96330228, -37.74201838], [144.96344002, -37.74113346], [144.96346324, -37.74096957], [144.96348463, -37.74078529], [144.96349397, -37.74063477], [144.9634973, -37.74052597], [144.96349815, -37.74031691], [144.96349247, -37.74020921], [144.96348508, -37.74009814], [144.96346224, -37.73985884], [144.96340469, -37.7394041], [144.96335622, -37.73897412], [144.96332598, -37.73873586], [144.96329596, -37.73847328], [144.96327715, -37.73833958], [144.96321018, -37.73776482], [144.96318087, -37.73747224], [144.96309395, -37.73675159], [144.9629169, -37.7351008], [144.96282166, -37.7340508], [144.96274097, -37.73336793], [144.96263526, -37.7324641], [144.96248095, -37.73120103], [144.96236173, -37.73015287], [144.96224496, -37.72923858], [144.96202377, -37.72733659], [144.96201231, -37.72726628], [144.96191513, -37.72640748], [144.96175548, -37.72508367], [144.96165085, -37.72418626], [144.9615985, -37.72376999], [144.96127192, -37.72103266], [144.96123728, -37.72074449], [144.96120433, -37.72042373], [144.96102272, -37.71893327], [144.96086221, -37.71749274], [144.96074956, -37.71659077], [144.96051888, -37.71465643], [144.96037954, -37.713516], [144.96037615, -37.71346151], [144.9601153, -37.71126719], [144.96003818, -37.7106417], [144.96000667, -37.7103388], [144.95982285, -37.70883117], [144.95936726, -37.70502018], [144.95933035, -37.7047654], [144.95928882, -37.70451379], [144.95918063, -37.70380187], [144.95908404, -37.70296047], [144.95894989, -37.70188456], [144.95874605, -37.70062819], [144.95874335, -37.70059426], [144.95871831, -37.70027904], [144.9586843, -37.69958409], [144.95864556, -37.6988667], [144.95859849, -37.6984699], [144.95848879, -37.69760286], [144.9582579, -37.69565886], [144.95816401, -37.6951167], [144.95811041, -37.69489588], [144.95796341, -37.69442526], [144.95780734, -37.69404171], [144.95744843, -37.69311448], [144.95715669, -37.69238919], [144.95681347, -37.69151107], [144.95666602, -37.69106981], [144.95655879, -37.69072072], [144.95648505, -37.69045323], [144.95644988, -37.69031312], [144.95638925, -37.69003928], [144.95632686, -37.6897134], [144.95617806, -37.68884226], [144.95601956, -37.68796562], [144.95565891, -37.68602559], [144.95537053, -37.68449406], [144.95528475, -37.68414913], [144.95518413, -37.68382863], [144.95499646, -37.68337847], [144.95482737, -37.68299118], [144.95458871, -37.6825688], [144.95428289, -37.68211884], [144.95398516, -37.6817377], [144.95360158, -37.68130793], [144.95315635, -37.68079842], [144.95279024, -37.68033137], [144.95244688, -37.67984102], [144.95217134, -37.67939996], [144.95180195, -37.67870639], [144.95154304, -37.67814757], [144.95145455, -37.67792253], [144.95120707, -37.67727397], [144.95048894, -37.67542648], [144.95035483, -37.67512081], [144.95001676, -37.67424618], [144.94967495, -37.6734087], [144.94950191, -37.67296069], [144.94875506, -37.67105969], [144.94871325, -37.67095984], [144.94795146, -37.66901397], [144.94772217, -37.66844394], [144.94674195, -37.66594724]]}}, {"type": "Feature", "properties": {"route_id": "aus:vic:vic-02-WER:", "short_name": "Werribee", "long_name": "Werribee - City", "route_type": "train", "color": "F178AF", "text_color": "000000"}, "geometry": {"type": "LineString", "coordinates": [[144.66106254, -37.89935937], [144.66117807, -37.89931301], [144.66133908, -37.8992525], [144.66163805, -37.89914463], [144.66180067, -37.89909073], [144.66207085, -37.89900157], [144.66287958, -37.89876182], [144.66297447, -37.89873171], [144.66307997, -37.89869308], [144.66602088, -37.89749394], [144.66628731, -37.89738253], [144.6673479, -37.89695896], [144.66931081, -37.8961609], [144.67067383, -37.89561541], [144.67248553, -37.89488621], [144.67810688, -37.89260156], [144.67870439, -37.89234581], [144.67925735, -37.8920926], [144.67998624, -37.89176626], [144.68059198, -37.89150129], [144.6809766, -37.89134351], [144.68161844, -37.89109132], [144.68200294, -37.89094436], [144.68230783, -37.89083069], [144.68308401, -37.89055104], [144.68357156, -37.8903706], [144.68434155, -37.89007405], [144.68481874, -37.88988276], [144.68773631, -37.88869839], [144.69145584, -37.88719374], [144.69684874, -37.88500759], [144.69757714, -37.88470312], [144.69813566, -37.8844575], [144.69862615, -37.88423118], [144.69905694, -37.88403793], [144.69978197, -37.88372076], [144.70021565, -37.88354036], [144.70061599, -37.88338256], [144.70104087, -37.88321099], [144.70146229, -37.88304423], [144.70196011, -37.88285579], [144.70258464, -37.88262919], [144.70291934, -37.88251263], [144.70349344, -37.88230216], [144.70384915, -37.88216817], [144.70415706, -37.88204657], [144.70642415, -37.88112577], [144.70747524, -37.88068947], [144.70929509, -37.87995282], [144.7100636, -37.87963842], [144.71073283, -37.87938011], [144.71138721, -37.87914936], [144.7120337, -37.87894187], [144.71255129, -37.87880001], [144.71523624, -37.8781173], [144.71866902, -37.87726033], [144.7205966, -37.87677287], [144.7218511, -37.87646041], [144.7256633, -37.87549307], [144.72599888, -37.87541206], [144.72710234, -37.87512997], [144.72896052, -37.8746631], [144.72919582, -37.87460069], [144.72963957, -37.87448832], [144.73348386, -37.87352081], [144.73371696, -37.87345978], [144.74045967, -37.8717551], [144.7418236, -37.8714046], [144.74353896, -37.87097063], [144.74654713, -37.87021599], [144.74922489, -37.86953659], [144.75121545, -37.8690364], [144.75288102, -37.86860971], [144.75493828, -37.86808991], [144.75697123, -37.86758349], [144.75781697, -37.8673654], [144.75801007, -37.8673142], [144.75852765, -37.86717051], [144.7589872, -37.86703634], [144.75962411, -37.86684481], [144.76004781, -37.8667232], [144.76045349, -37.86661107], [144.76089862, -37.866495], [144.76127713, -37.86640172], [144.76168999, -37.8663036], [144.76227221, -37.86617608], [144.76315445, -37.86599442], [144.76355071, -37.8659076], [144.76401762, -37.86580041], [144.76573823, -37.86536792], [144.76684065, -37.86508417], [144.77051596, -37.86415872], [144.77204903, -37.86377665], [144.77225127, -37.86372669], [144.77309735, -37.8635057], [144.77495089, -37.86303801], [144.77610503, -37.86274046], [144.77732112, -37.86243857], [144.77752254, -37.8623929], [144.77794937, -37.86231283], [144.77815845, -37.86226586], [144.77932487, -37.86196707], [144.77998412, -37.86180451], [144.78111919, -37.86157657], [144.78164228, -37.86147387], [144.78191801, -37.86142518], [144.78226053, -37.86137433], [144.78255928, -37.86134256], [144.78280676, -37.86132244], [144.7829444, -37.86131494], [144.78321887, -37.86130452], [144.78348601, -37.8613036], [144.78360915, -37.86130601], [144.78376424, -37.86131164], [144.78400561, -37.86132483], [144.78427228, -37.86134734], [144.78445379, -37.86136661], [144.78466839, -37.86139291], [144.78524946, -37.86146819], [144.78562016, -37.86152383], [144.78590123, -37.8615739], [144.78603954, -37.86160128], [144.78645558, -37.8616685], [144.78659491, -37.86168842], [144.78704504, -37.86174473], [144.78876155, -37.86197822], [144.79042016, -37.8621987], [144.7947678, -37.8627839], [144.79846365, -37.86327672], [144.80543481, -37.86421318], [144.80730172, -37.864462], [144.80841785, -37.86461498], [144.80990511, -37.86481037], [144.81038878, -37.86487137], [144.81077285, -37.86491447], [144.81343204, -37.86518766], [144.8136601, -37.8652092], [144.81388037, -37.86523303], [144.81423275, -37.86525994], [144.81535205, -37.8653183], [144.81558789, -37.86533448], [144.81597196, -37.86537], [144.81666671, -37.86544318], [144.81686042, -37.86546966], [144.81707645, -37.86550638], [144.81723839, -37.86553858], [144.81739806, -37.86557822], [144.81757481, -37.86562871], [144.81801836, -37.86578265], [144.81825675, -37.86586268], [144.8184046, -37.86590651], [144.81868138, -37.86597626], [144.81885873, -37.86601], [144.8189734, -37.86602646], [144.81938089, -37.86607726], [144.82352875, -37.86650306], [144.8285623, -37.86702526], [144.82947929, -37.86712229], [144.83010676, -37.86718477], [144.83123454, -37.8673], [144.83268614, -37.867452], [144.83683126, -37.86787602], [144.83811869, -37.86800592], [144.83848309, -37.86803469], [144.83882111, -37.86804811], [144.83910842, -37.86804636], [144.8394553, -37.86803272], [144.83980863, -37.86800812], [144.84004239, -37.86798357], [144.84039121, -37.86793464], [144.84060889, -37.86789574], [144.84089036, -37.86783702], [144.84096262, -37.86781897], [144.84113702, -37.86777531], [144.84133906, -37.86771918], [144.84150936, -37.86766832], [144.84172563, -37.86759587], [144.84190865, -37.86752957], [144.84209639, -37.86745731], [144.84224869, -37.86739189], [144.84239068, -37.86732537], [144.84255787, -37.86724409], [144.84271995, -37.86715929], [144.84299197, -37.8670072], [144.84314455, -37.86691268], [144.84327339, -37.86682916], [144.84401994, -37.86632008], [144.84439631, -37.86603932], [144.84492776, -37.86562461], [144.84560776, -37.86512476], [144.84689521, -37.86418679], [144.84718219, -37.86398883], [144.84745845, -37.86378022], [144.84821077, -37.86322328], [144.84860784, -37.86287071], [144.84879246, -37.86267844], [144.84899844, -37.86241601], [144.84918445, -37.86212112], [144.84932526, -37.86183632], [144.84944472, -37.86150814], [144.84953588, -37.86118719], [144.84959755, -37.86085273], [144.84967404, -37.86019196], [144.8498269, -37.85879643], [144.84987374, -37.85847143], [144.84993824, -37.85820767], [144.85000453, -37.85802676], [144.85009784, -37.85781588], [144.85029756, -37.85750989], [144.85049615, -37.85726642], [144.85154749, -37.85606879], [144.85167622, -37.85589037], [144.85178893, -37.85570769], [144.85201268, -37.85525876], [144.85212411, -37.85492818], [144.85225379, -37.85452881], [144.85236377, -37.85425984], [144.8523889, -37.85418487], [144.85243125, -37.854073], [144.85248964, -37.85394078], [144.85263135, -37.85356128], [144.85304952, -37.85225566], [144.85334519, -37.85131321], [144.85340887, -37.85106493], [144.85344735, -37.85089036], [144.85355511, -37.85029802], [144.85360726, -37.85003592], [144.85368266, -37.84979912], [144.85375238, -37.84964043], [144.85378534, -37.84957354], [144.85383075, -37.84948903], [144.85389408, -37.84938231], [144.8539545, -37.84928961], [144.85407648, -37.84912782], [144.8542519, -37.84892943], [144.8543382, -37.84884557], [144.85442622, -37.84876526], [144.85456357, -37.84865314], [144.85470307, -37.84854934], [144.85481452, -37.84847613], [144.85492674, -37.84840752], [144.85507361, -37.84832378], [144.85520777, -37.84825503], [144.85530255, -37.84821197], [144.85538905, -37.84817606], [144.85550356, -37.84813471], [144.85564419, -37.84808969], [144.85574808, -37.84806158], [144.85598824, -37.84800548], [144.85609739, -37.84798422], [144.85621235, -37.8479664], [144.85638136, -37.84794217], [144.85650467, -37.84793009], [144.85664802, -37.84792071], [144.85677712, -37.84791694], [144.85695718, -37.84791526], [144.85709655, -37.84791753], [144.85730303, -37.84792994], [144.85810198, -37.84799566], [144.85841184, -37.84801689], [144.85881339, -37.84803916], [144.85905717, -37.84805828], [144.86136789, -37.84832639], [144.86193171, -37.84840818], [144.86236327, -37.84847739], [144.86346612, -37.84866881], [144.86421175, -37.84878697], [144.86574527, -37.84900448], [144.86611348, -37.84905206], [144.86842347, -37.8493238], [144.86860817, -37.84934283], [144.86879147, -37.84935894], [144.8699037, -37.84944297], [144.87093145, -37.84951653], [144.87146432, -37.84954501], [144.87165611, -37.84955073], [144.87183109, -37.84955191], [144.87214052, -37.84954507], [144.87232637, -37.84953977], [144.87258974, -37.84952642], [144.8729175, -37.84949864], [144.87306139, -37.84948223], [144.87320054, -37.84946483], [144.87337253, -37.84943991], [144.8735524, -37.84940936], [144.8738753, -37.84934518], [144.87426343, -37.84924918], [144.87457403, -37.84916206], [144.87473792, -37.84911023], [144.87500286, -37.8490222], [144.87558822, -37.84879738], [144.87573179, -37.848745], [144.87592029, -37.84868289], [144.87606374, -37.84862636], [144.87633574, -37.84850997], [144.87644643, -37.84846646], [144.87665864, -37.84839784], [144.87786693, -37.8479932], [144.88034338, -37.84715549], [144.88100051, -37.8469278], [144.8813626, -37.84677634], [144.88168449, -37.84661956], [144.88202653, -37.84640989], [144.88230677, -37.84620343], [144.88265551, -37.84589844], [144.8828727, -37.84566751], [144.88309267, -37.84538273], [144.88325525, -37.84510999], [144.88333323, -37.84496216], [144.88338908, -37.84483727], [144.88346954, -37.84459054], [144.88350974, -37.84433741], [144.88354334, -37.84404829], [144.88356791, -37.84371386], [144.88358277, -37.84360734], [144.88358892, -37.84353536], [144.88359392, -37.84339631], [144.88359067, -37.8433666], [144.88356575, -37.84284339], [144.88355321, -37.84257029], [144.88354875, -37.84238466], [144.88354534, -37.84216201], [144.88354487, -37.8417372], [144.88355351, -37.84141519], [144.88355401, -37.84120676], [144.88357677, -37.84075244], [144.88366669, -37.8398967], [144.88372572, -37.83947727], [144.88377804, -37.83912992], [144.88385168, -37.83876771], [144.88388526, -37.83857493], [144.88398176, -37.83813644], [144.88416017, -37.83742052], [144.88463316, -37.83557651], [144.88483569, -37.83480334], [144.88509595, -37.83377484], [144.88535612, -37.8327612], [144.8855602, -37.83198851], [144.88559881, -37.8318142], [144.8859185, -37.83057778], [144.88612755, -37.82976976], [144.88634315, -37.82890338], [144.88658449, -37.82796699], [144.88693988, -37.82659306], [144.88741063, -37.8247944], [144.88785503, -37.82302267], [144.88836806, -37.82103868], [144.88855062, -37.82034093], [144.88866825, -37.81987282], [144.88926806, -37.81753261], [144.88934049, -37.81727068], [144.88938871, -37.81711348], [144.889465, -37.81687982], [144.88959125, -37.81653117], [144.88975878, -37.81613721], [144.88985161, -37.81593711], [144.88994076, -37.81575424], [144.89005626, -37.81553192], [144.89016826, -37.81532864], [144.8903143, -37.81507469], [144.8904635, -37.81482972], [144.89054362, -37.8147086], [144.89073615, -37.81442981], [144.89085875, -37.81425691], [144.89099735, -37.81407276], [144.89117179, -37.81384671], [144.89126432, -37.81375258], [144.89144164, -37.81352496], [144.89188875, -37.81302922], [144.89231617, -37.81256691], [144.8926904, -37.81216926], [144.89289719, -37.81195542], [144.89318066, -37.81163778], [144.8934268, -37.81137814], [144.89361691, -37.8111677], [144.89387045, -37.81090351], [144.89437746, -37.81035349], [144.89462039, -37.81009884], [144.89486544, -37.80983729], [144.8949807, -37.8097185], [144.89568096, -37.80896647], [144.89675281, -37.80781149], [144.89798285, -37.80649224], [144.8983037, -37.80615237], [144.89866995, -37.80575762], [144.89991336, -37.80445698], [144.90025042, -37.80407359], [144.90161952, -37.80259989], [144.90180842, -37.80238626], [144.90200287, -37.8021775], [144.90226172, -37.80191996], [144.90246289, -37.80174241], [144.9028106, -37.8014231], [144.90309928, -37.80120313], [144.90322285, -37.80111467], [144.90396138, -37.80060604], [144.90462479, -37.80018691], [144.90485974, -37.80004321], [144.90509851, -37.79991327], [144.90539629, -37.79976456], [144.90657563, -37.79925312], [144.90688975, -37.7991292], [144.90711707, -37.79905043], [144.90734508, -37.79897932], [144.90784785, -37.79883866], [144.90808233, -37.79877983], [144.90826075, -37.79873957], [144.90851307, -37.79868809], [144.90898371, -37.79860353], [144.91101583, -37.79826012], [144.912558, -37.79801756], [144.91289105, -37.79797498], [144.91321876, -37.79794447], [144.91334275, -37.7979373], [144.91360925, -37.79792679], [144.91377438, -37.79792674], [144.91399368, -37.79793081], [144.91419076, -37.7979416], [144.91443202, -37.79796038], [144.9148285, -37.79800867], [144.91985901, -37.79875847], [144.92136105, -37.79897072], [144.92538164, -37.79956457], [144.92670225, -37.79975941], [144.92732607, -37.79986213], [144.92829721, -37.80000494], [144.92855544, -37.80005463], [144.9288, -37.80011453], [144.93026007, -37.80032656], [144.93062031, -37.80039228], [144.93088935, -37.8004454], [144.93121967, -37.80051717], [144.93153475, -37.8005975], [144.93184978, -37.80068793], [144.93202808, -37.80074116], [144.93281118, -37.80098516], [144.93294531, -37.80102978], [144.93311563, -37.80108828], [144.93372632, -37.80130834], [144.93391019, -37.80137808], [144.93401591, -37.80141931], [144.93423765, -37.8015117], [144.93450589, -37.80163067], [144.93473305, -37.80174018], [144.93546897, -37.8021132], [144.93568717, -37.80221426], [144.93624375, -37.80249374], [144.93660761, -37.8026707], [144.93770805, -37.8032178], [144.93781203, -37.80327297], [144.93799465, -37.80337539], [144.9381989, -37.80350089], [144.9382779, -37.80355139], [144.93839245, -37.80363108], [144.93857722, -37.80377048], [144.93867634, -37.80384953], [144.93889488, -37.80403693], [144.9398842, -37.80491387], [144.94014491, -37.80514904], [144.94022423, -37.80522532], [144.94030056, -37.80530289], [144.94037524, -37.80538278], [144.94051502, -37.80554338], [144.94064061, -37.80570391], [144.94094366, -37.80601831], [144.94203994, -37.80740952], [144.94238334, -37.80784601], [144.94245887, -37.80794871], [144.94260026, -37.80814998], [144.94274763, -37.80834468], [144.94282403, -37.80843623], [144.94289753, -37.80851771], [144.94309658, -37.80872873], [144.94328275, -37.80894962], [144.94438044, -37.81034668], [144.94453608, -37.81052999], [144.94460304, -37.81060154], [144.94474941, -37.81075072], [144.94518045, -37.81116972], [144.94531514, -37.81129769], [144.94548524, -37.81144322], [144.94613565, -37.81193967], [144.94628186, -37.81205766], [144.9463828, -37.81214549], [144.94659968, -37.81234077], [144.94693735, -37.81265396], [144.94705218, -37.812765], [144.9472095, -37.812925], [144.9474467, -37.81317443], [144.94761212, -37.81334989], [144.94776206, -37.81351426], [144.94786829, -37.8136366], [144.94802285, -37.81382269], [144.94827066, -37.81412809], [144.94834642, -37.81423502], [144.94896445, -37.81502828], [144.94913075, -37.81523376], [144.94950493, -37.81572646], [144.94976511, -37.81604541], [144.95002126, -37.81638646], [144.9502694, -37.81670538], [144.95079908, -37.81737597], [144.95101895, -37.81763681], [144.95131062, -37.81799199], [144.95136035, -37.818059], [144.95170048, -37.81849], [144.9522561, -37.81919312], [144.95231635, -37.8192778], [144.95236508, -37.81935209], [144.95244248, -37.81947798], [144.95253644, -37.81964228], [144.95264596, -37.81979396], [144.95271239, -37.81987306], [144.95278369, -37.81994874], [144.95288234, -37.8200458], [144.9529821, -37.82012738], [144.95337415, -37.82041112], [144.95363198, -37.82054862], [144.95394468, -37.82077664], [144.95415443, -37.82091537], [144.95422763, -37.82095909], [144.95429126, -37.82099579], [144.95441085, -37.82105879], [144.95455065, -37.82112223], [144.95464445, -37.82116071], [144.95476986, -37.82120633], [144.95491366, -37.82125271], [144.95508621, -37.82129852], [144.95523486, -37.82132949], [144.95539771, -37.82135638], [144.95560568, -37.82137846], [144.95569559, -37.8213848], [144.95586553, -37.82138946], [144.95597995, -37.82138892], [144.95611248, -37.82138212], [144.95628547, -37.8213671], [144.95642447, -37.82134816], [144.95659975, -37.82131587], [144.95673535, -37.82128452], [144.95684465, -37.82125533], [144.95700911, -37.8212033], [144.95713711, -37.82115488], [144.95721445, -37.82112296], [144.95729944, -37.82108533], [144.95742604, -37.82102183], [144.95756734, -37.82094462], [144.95763386, -37.82090513], [144.95811704, -37.82059936], [144.95826108, -37.82051318], [144.95847099, -37.82039877], [144.9586361, -37.82031908], [144.95881908, -37.82023781], [144.95903887, -37.8201525], [144.95928805, -37.82006841], [144.96020059, -37.81980144], [144.96042305, -37.8197386], [144.96056715, -37.8197037], [144.96075515, -37.8196628], [144.96094274, -37.81962892], [144.96110071, -37.81960597], [144.96125831, -37.81958824], [144.96141056, -37.81957484], [144.96165206, -37.8195591], [144.96178355, -37.81955327], [144.96191745, -37.81954216], [144.96207065, -37.81952751], [144.96231167, -37.81949176], [144.96241885, -37.81946946], [144.9636657, -37.81918598], [144.96396723, -37.81914794], [144.96427374, -37.81907727], [144.96452797, -37.81902796], [144.9648754, -37.81896457], [144.96525231, -37.81889097], [144.96582767, -37.8187597], [144.96671057, -37.81856579]]}}, {"type": "Feature", "properties": {"route_id": "aus:vic:vic-02-WIL:", "short_name": "Williamstown", "long_name": "Williamstown - City", "route_type": "train", "color": "F178AF", "text_color": "000000"}, "geometry": {"type": "LineString", "coordinates": [[144.9051729, -37.86770536], [144.90401678, -37.86731755], [144.90384008, -37.86727106], [144.90344975, -37.86718192], [144.90326835, -37.86713291], [144.90319012, -37.86710944], [144.90089055, -37.86633788], [144.89958147, -37.86590594], [144.89896761, -37.8656988], [144.89765568, -37.86526426], [144.89686849, -37.86500066], [144.89639368, -37.86484502], [144.89588276, -37.86466403], [144.89534773, -37.86444378], [144.89502768, -37.86429432], [144.89467381, -37.86411506], [144.89436653, -37.86395213], [144.89432241, -37.86392872], [144.89394047, -37.86370579], [144.89329543, -37.86328521], [144.89280626, -37.86293194], [144.89236098, -37.86254647], [144.89203517, -37.86224469], [144.89170655, -37.86191006], [144.89143571, -37.86160197], [144.89122243, -37.86133627], [144.89101591, -37.86107259], [144.8908215, -37.860791], [144.89060552, -37.86044478], [144.89047138, -37.86022241], [144.89015627, -37.85961361], [144.88995721, -37.85920849], [144.88944246, -37.8581358], [144.88894299, -37.85711331], [144.88864872, -37.85649227], [144.88808621, -37.85538186], [144.88781413, -37.85482799], [144.88771678, -37.85465493], [144.88738295, -37.85398677], [144.88647628, -37.85214213], [144.88616918, -37.85150986], [144.88555364, -37.85027728], [144.88529738, -37.84972765], [144.88510575, -37.849283], [144.88492729, -37.8488467], [144.88471675, -37.84830024], [144.88456645, -37.84789679], [144.88432918, -37.84720837], [144.88422457, -37.8468526], [144.88412673, -37.84649038], [144.88401131, -37.84604773], [144.88390543, -37.84557749], [144.88384096, -37.84524479], [144.88371125, -37.84459867], [144.8836734, -37.84435648], [144.88364251, -37.84404187], [144.88360824, -37.84378569], [144.88359392, -37.84339631], [144.88359067, -37.8433666], [144.88356575, -37.84284339], [144.88355321, -37.84257029], [144.88354875, -37.84238466], [144.88354534, -37.84216201], [144.88354487, -37.8417372], [144.88355351, -37.84141519], [144.88355401, -37.84120676], [144.88357677, -37.84075244], [144.88366669, -37.8398967], [144.88372572, -37.83947727], [144.88377804, -37.83912992], [144.88385168, -37.83876771], [144.88388526, -37.83857493], [144.88398176, -37.83813644], [144.88416017, -37.83742052], [144.88463316, -37.83557651], [144.88483569, -37.83480334], [144.88509595, -37.83377484], [144.88535612, -37.8327612], [144.8855602, -37.83198851], [144.88559881, -37.8318142], [144.8859185, -37.83057778], [144.88612755, -37.82976976], [144.88634315, -37.82890338], [144.88658449, -37.82796699], [144.88693988, -37.82659306], [144.88741063, -37.8247944], [144.88785503, -37.82302267], [144.88836806, -37.82103868], [144.88855062, -37.82034093], [144.88866825, -37.81987282], [144.88926806, -37.81753261], [144.88934049, -37.81727068], [144.88938871, -37.81711348], [144.889465, -37.81687982], [144.88959125, -37.81653117], [144.88975878, -37.81613721], [144.88985161, -37.81593711], [144.88994076, -37.81575424], [144.89005626, -37.81553192], [144.89016826, -37.81532864], [144.8903143, -37.81507469], [144.8904635, -37.81482972], [144.89054362, -37.8147086], [144.89073615, -37.81442981], [144.89085875, -37.81425691], [144.89099735, -37.81407276], [144.89117179, -37.81384671], [144.89126432, -37.81375258], [144.89144164, -37.81352496], [144.89188875, -37.81302922], [144.89231617, -37.81256691], [144.8926904, -37.81216926], [144.89289719, -37.81195542], [144.89318066, -37.81163778], [144.8934268, -37.81137814], [144.89361691, -37.8111677], [144.89387045, -37.81090351], [144.89437746, -37.81035349], [144.89462039, -37.81009884], [144.89486544, -37.80983729], [144.8949807, -37.8097185], [144.89568096, -37.80896647], [144.89675281, -37.80781149], [144.89798285, -37.80649224], [144.8983037, -37.80615237], [144.89866995, -37.80575762], [144.89991336, -37.80445698], [144.90025042, -37.80407359], [144.90161952, -37.80259989], [144.90180842, -37.80238626], [144.90200287, -37.8021775], [144.90226172, -37.80191996], [144.90246289, -37.80174241], [144.9028106, -37.8014231], [144.90309928, -37.80120313], [144.90322285, -37.80111467], [144.90396138, -37.80060604], [144.90462479, -37.80018691], [144.90485974, -37.80004321], [144.90509851, -37.79991327], [144.90539629, -37.79976456], [144.90657563, -37.79925312], [144.90688975, -37.7991292], [144.90711707, -37.79905043], [144.90734508, -37.79897932], [144.90784785, -37.79883866], [144.90808233, -37.79877983], [144.90826075, -37.79873957], [144.90851307, -37.79868809], [144.90898371, -37.79860353], [144.91101583, -37.79826012], [144.912558, -37.79801756], [144.91289105, -37.79797498], [144.91321876, -37.79794447], [144.91334275, -37.7979373], [144.91360925, -37.79792679], [144.91377438, -37.79792674], [144.91399368, -37.79793081], [144.91419076, -37.7979416], [144.91443202, -37.79796038], [144.9148285, -37.79800867], [144.91985901, -37.79875847], [144.92136105, -37.79897072], [144.92538164, -37.79956457], [144.92670225, -37.79975941], [144.92732607, -37.79986213], [144.92829721, -37.80000494], [144.92855544, -37.80005463], [144.9288, -37.80011453], [144.93026007, -37.80032656], [144.93062031, -37.80039228], [144.93088935, -37.8004454], [144.93121967, -37.80051717], [144.93153475, -37.8005975], [144.93184978, -37.80068793], [144.93202808, -37.80074116], [144.93281118, -37.80098516], [144.93294531, -37.80102978], [144.93311563, -37.80108828], [144.93372632, -37.80130834], [144.93391019, -37.80137808], [144.93401591, -37.80141931], [144.93423765, -37.8015117], [144.93450589, -37.80163067], [144.93473305, -37.80174018], [144.93546897, -37.8021132], [144.93568717, -37.80221426], [144.93624375, -37.80249374], [144.93660761, -37.8026707], [144.93770805, -37.8032178], [144.93781203, -37.80327297], [144.93799465, -37.80337539], [144.9381989, -37.80350089], [144.9382779, -37.80355139], [144.93839245, -37.80363108], [144.93857722, -37.80377048], [144.93867634, -37.80384953], [144.93889488, -37.80403693], [144.9398842, -37.80491387], [144.94014491, -37.80514904], [144.94022423, -37.80522532], [144.94030056, -37.80530289], [144.94037524, -37.80538278], [144.94051502, -37.80554338], [144.94064061, -37.80570391], [144.94094366, -37.80601831], [144.94203994, -37.80740952], [144.94238334, -37.80784601], [144.94245887, -37.80794871], [144.94260026, -37.80814998], [144.94274763, -37.80834468], [144.94282403, -37.80843623], [144.94289753, -37.80851771], [144.94309658, -37.80872873], [144.94328275, -37.80894962], [144.94438044, -37.81034668], [144.94453608, -37.81052999], [144.94460304, -37.81060154], [144.94474941, -37.81075072], [144.94518045, -37.81116972], [144.94531514, -37.81129769], [144.94548524, -37.81144322], [144.94613565, -37.81193967], [144.94628186, -37.81205766], [144.9463828, -37.81214549], [144.94659968, -37.81234077], [144.94693735, -37.81265396], [144.94705218, -37.812765], [144.9472095, -37.812925], [144.9474467, -37.81317443], [144.94761212, -37.81334989], [144.94776206, -37.81351426], [144.94786829, -37.8136366], [144.94802285, -37.81382269], [144.94827066, -37.81412809], [144.94834642, -37.81423502], [144.94896445, -37.81502828], [144.94913075, -37.81523376], [144.94950493, -37.81572646], [144.94976511, -37.81604541], [144.95002126, -37.81638646], [144.9502694, -37.81670538], [144.95079908, -37.81737597], [144.95101895, -37.81763681], [144.95131062, -37.81799199], [144.95136035, -37.818059], [144.95170048, -37.81849], [144.9522561, -37.81919312], [144.95231635, -37.8192778], [144.95236508, -37.81935209], [144.95244248, -37.81947798], [144.95253644, -37.81964228], [144.95264596, -37.81979396], [144.95271239, -37.81987306], [144.95278369, -37.81994874], [144.95288234, -37.8200458], [144.9529821, -37.82012738], [144.95337415, -37.82041112], [144.95363198, -37.82054862], [144.95394468, -37.82077664], [144.95415443, -37.82091537], [144.95422763, -37.82095909], [144.95429126, -37.82099579], [144.95441085, -37.82105879], [144.95455065, -37.82112223], [144.95464445, -37.82116071], [144.95476986, -37.82120633], [144.95491366, -37.82125271], [144.95508621, -37.82129852], [144.95523486, -37.82132949], [144.95539771, -37.82135638], [144.95560568, -37.82137846], [144.95569559, -37.8213848], [144.95586553, -37.82138946], [144.95597995, -37.82138892], [144.95611248, -37.82138212], [144.95628547, -37.8213671], [144.95642447, -37.82134816], [144.95659975, -37.82131587], [144.95673535, -37.82128452], [144.95684465, -37.82125533], [144.95700911, -37.8212033], [144.95713711, -37.82115488], [144.95721445, -37.82112296], [144.95729944, -37.82108533], [144.95742604, -37.82102183], [144.95756734, -37.82094462], [144.95763386, -37.82090513], [144.95811704, -37.82059936], [144.95826108, -37.82051318], [144.95847099, -37.82039877], [144.9586361, -37.82031908], [144.95881908, -37.82023781], [144.95903887, -37.8201525], [144.95928805, -37.82006841], [144.96020059, -37.81980144], [144.96042305, -37.8197386], [144.96056715, -37.8197037], [144.96075515, -37.8196628], [144.96094274, -37.81962892], [144.96110071, -37.81960597], [144.96125831, -37.81958824], [144.96141056, -37.81957484], [144.96165206, -37.8195591], [144.96178355, -37.81955327], [144.96191745, -37.81954216], [144.96207065, -37.81952751], [144.96231167, -37.81949176], [144.96241885, -37.81946946], [144.9636657, -37.81918598], [144.96396723, -37.81914794], [144.96427374, -37.81907727], [144.96452797, -37.81902796], [144.9648754, -37.81896457], [144.96525231, -37.81889097], [144.96582767, -37.8187597], [144.96671057, -37.81856579]]}}]}